platform,place_name,place_id,place_url,review_id,reviewer_name,reviewer_profile_id,reviewer_profile_url,rating,review_text,review_date,visit_date,visit_count,review_image_count,review_image_urls,helpful_count,keywords,menus,verified_visit,collected_at,raw_ref
naver,매직타임레스토랑,1527871697,https://pcmap.place.naver.com/restaurant/1527871697/review/visitor,6a7c7e3a7d0ab376c619e8b9,jazzmate,rsoF,https://m.place.naver.com/my/5e55464a8f87a842bc82a7ba/review?v=2,5.0,"너무 더워서 시원한 메뉴가 땡겼어요 ㅎ 
양도 많구 시원하구 좋았습니다",2026-08-12,2026-07-26,4,2,"[""https://pup-review-phinf.pstatic.net/MjAyNjA4MTJfMjgg/MDAxNzg2NTQzNjczMDQz.Cv6FjuEoVn9uxR1SycL3PPIweKVqNcK1sP1avC9y9Tsg.U461rMxhPiONTl81FBogyujo4oKalbXSjwkFo-jGzqgg.JPEG/9B1CAFF6-DD20-40D4-BC77-93A5A0D3C9A1.jpeg?type=w1500_60_sharpen"", ""https://pup-review-phinf.pstatic.net/MjAyNjA4MTJfMTMy/MDAxNzg2NTQzNjczNTg5.x2hu6rIAKGURBdDHb6EcFXzJ4Jttzdj2wPVAqDxJI4kg.Qur2KJUefdxtPC5VPfuTkxrXdZQYuyNrmlI4cdy_rT8g.JPEG/069825A0-AFF1-4FC2-AF4D-6992FD71DF76.jpeg?type=w1500_60_sharpen""]",0,"[""매장이 넓어요""]",,true,2026-09-01T05:01:46+00:00,naver_매직타임레스토랑_20260901T045939Z#0
naver,매직타임레스토랑,1527871697,https://pcmap.place.naver.com/restaurant/1527871697/review/visitor,6a14164c68c6cd3cd21ec65c,내사랑밀가루,2Yf5M,https://m.place.naver.com/my/5e1024358f87a842bc4411b1/review?v=2,5.0,"메뉴 선택 후 결제
돼지고기김치찌글이와한돈떡갈비 20,000
옛날짜장면과찹쌀탕수육 16,000
공기밥 2,000
짜장면보다 김치짜글이, 한돈떡갈비보단 찹쌀탕수육이 맛있어요. 주관적인 입맛이니 참고만 하세요.",2026-05-25,2026-05-24,1,7,"[""https://pup-review-phinf.pstatic.net/MjAyNjA1MjVfMzkg/MDAxNzc5NzAxMzIxMzA0.qxBQO12gUVSARgrjqqyyriB8Bd9sHiB597QVUw858gkg.178-IGw03wvPwRx9jxSHhWQCyC9z8sXfD7hwIXAUlIUg.JPEG/20260524_112955.jpg.jpg?type=w1500_60_sharpen"", ""https://pup-review-phinf.pstatic.net/MjAyNjA1MjVfOTUg/MDAxNzc5NzAxMzIxMzQx.ttMmSxQbuMtLgWOxFjbGFH3366CyjI47d9aNUPfKK0Ig.acnG1wJFoil-1dLuw1FcUvu2H06kmZOGyAqhldU4p6og.JPEG/20260524_112957.jpg.jpg?type=w1500_60_sharpen"", ""https://pup-review-phinf.pstatic.net/MjAyNjA1MjVfNzEg/MDAxNzc5NzAxMzIxNjE4.Z1jw2sxmjflX5omzEGVVeBqaLLFG4_08M_IAseHYiecg.SPn_3orkorJgjbZzh2AmX7M8YLx2XUAJagMLMMPmWZkg.JPEG/20260524_113000.jpg.jpg?type=w1500_60_sharpen"", ""https://pup-review-phinf.pstatic.net/MjAyNjA1MjVfMTk2/MDAxNzc5NzAxMzIxNjE4.wkE5sHLOd31lvCEngC17GYm3lGhXFK1JFn_C5WAz1zkg.H8E1dxPkfcqe2NhX1uLAxkND7ELOybKIgvEg_3KjluUg.JPEG/20260524_114355.jpg.jpg?type=w1500_60_sharpen"", ""https://pup-review-phinf.pstatic.net/MjAyNjA1MjVfNjgg/MDAxNzc5NzAxMzIxNjQw.xG-94tRX0z8QHvX3rMdm853J4iHSss8FNZqk6q7QD4cg.PIbs8MSCk77-LrSmquFtAydplml4_XQVPidrIU749cgg.JPEG/20260524_121743.jpg.jpg?type=w1500_60_sharpen"", ""https://pup-review-phinf.pstatic.net/MjAyNjA1MjVfMTcy/MDAxNzc5NzAxMzIyNjcx.g279lbPP7Q8lLs_gWOSJ8znx4y7OTVQsvYYwYpIEUIAg.MBBdjU06p4gC1KBUvVurCH-RrywTVeXW8FIIu6KwfuMg.JPEG/20260524_121732.jpg.jpg?type=w1500_60_sharpen"", ""https://pup-review-phinf.pstatic.net/MjAyNjA1MjVfMjgz/MDAxNzc5NzAxNjM5NTYz.5MqlKBTUHni9d6isE2frO8LHbQBIN8DB68F_6iZ3gscg.vc11zOfVC8I0gJ9DBvdSRknKBOyJhmmE1gr1YNn3zHUg.JPEG/20260524_122733.jpg.jpg?type=w1500_60_sharpen""]",0,"[""음식이 맛있어요"", ""음식이 빨리 나와요"", ""아이와 가기 좋아요"", ""매장이 청결해요""]",,true,2026-09-01T05:01:46+00:00,naver_매직타임레스토랑_20260901T045939Z#1
naver,매직타임레스토랑,1527871697,https://pcmap.place.naver.com/restaurant/1527871697/review/visitor,6a899894cfdee3fd962bae65,77077077,66Wa9,https://m.place.naver.com/my/66ab6c8a73736e3dcf279669/review?v=2,5.0,"에버랜드에 오면 먹는 김치찌개와 돈까스, 
변하지 않는 맛이라 좋아요🙂",2026-08-22,2026-08-14,1,4,"[""https://pup-review-phinf.pstatic.net/MjAyNjA4MjJfMTgg/MDAxNzg3NDAyMzg3MDM1.jTIKhu8pRPFcMld_xPVLHc4UJ5auPv3O2W1vJkAr7Mcg.fHz9ukf2S7f1ugXBnpHP4tIn3mEozP-z9ER1xOm8vcwg.JPEG/F24F85C4-23FF-4FFC-8ED0-BB258EAA5232.jpeg?type=w1500_60_sharpen"", ""https://pup-review-phinf.pstatic.net/MjAyNjA4MjJfNDAg/MDAxNzg3NDAyMzg3Mzgw.bn28SY6sjewRAivFmHweHGm6mB26y6JtDflL6fiTcQsg.y-v5kFyQWJBnNn2p-K8OuI-BBKmRS96peF6DaLpOu6og.JPEG/B556F086-22ED-4D92-B5C4-7FCB9031DF11.jpeg?type=w1500_60_sharpen"", ""https://pup-review-phinf.pstatic.net/MjAyNjA4MjJfNDgg/MDAxNzg3NDAyMzg3NjE3.tEbdx56V-UUOcWI5fCLl8W6JA59BpB9m_8nSZhawpNAg.XHvxyN3jKH2W9wTanNvWdADdYNOggr8WszKKzxo0jPgg.JPEG/FCFCB30F-6A9B-4FC1-AA9F-37F355B342BE.jpeg?type=w1500_60_sharpen"", ""https://pup-review-phinf.pstatic.net/MjAyNjA4MjJfMjMw/MDAxNzg3NDAyMzg2NzMx.VN73yztYNk-QTWAf3N5Mx2rXPIR7QLCI7AhnsKw1MvIg.Pgc48aBqD7P8y2ZPQ4n4MG17esrFPEavAbVt-zXRq5Ig.JPEG/37357A17-AE60-4726-820C-09BD3440EFB6.jpeg?type=w1500_60_sharpen""]",0,"[""음식이 맛있어요"", ""재료가 신선해요"", ""양이 많아요"", ""친절해요"", ""매장이 청결해요""]",,true,2026-09-01T05:01:46+00:00,naver_매직타임레스토랑_20260901T045939Z#2
naver,매직타임레스토랑,1527871697,https://pcmap.place.naver.com/restaurant/1527871697/review/visitor,6a0d9bc165d678aa1f1fc91c,감사해보자,55vIk,https://m.place.naver.com/my/5bef54a1cefd32c284d0c92e/review?v=2,4.0,"돈가스카레세트 16,000원
돼지고기김치짜글이 15,000원
옛날자장면과찹쌀탕수육 16,000원
코카콜라 한잔 3,000원

음식 맛은 무난합니다!",2026-05-20,2026-05-16,1,3,"[""https://pup-review-phinf.pstatic.net/MjAyNjA1MjBfMjc3/MDAxNzc5Mjc2NzM2MjU5.Zy-6Y8todlUVswSPWVAx9Ofny1HywuBrjTCCH0AdB8Ug.dWKZdagaUF33l-R17b_6ltQqv0nzTGXcbmre9bit5fwg.JPEG/20260516_182217.jpg.jpg?type=w1500_60_sharpen"", ""https://pup-review-phinf.pstatic.net/MjAyNjA1MjBfMTcg/MDAxNzc5Mjc2NzM2Mzgx.tAQmeCJEddDnnFwsRVjRBzXZJIFV6QkbVhIM0ALGAccg.5DNqT9mM5PnR0QcNLiTF6uTgcUZ7HVlLp9MQiwFPP8Eg.JPEG/20260516_182215.jpg.jpg?type=w1500_60_sharpen"", ""https://pup-review-phinf.pstatic.net/MjAyNjA1MjBfMjI3/MDAxNzc5Mjc2NzM2MjEy.QHuobTzfh95phNw8FaDWKKzkr3WrTBh-YN-WbKYYYnMg.aOqH3k2bdT60npVqxctWxt_ik9vA6RtHSu9AyPulz7wg.JPEG/20260516_182213.jpg.jpg?type=w1500_60_sharpen""]",0,"[""음식이 맛있어요"", ""매장이 넓어요""]",,true,2026-09-01T05:01:46+00:00,naver_매직타임레스토랑_20260901T045939Z#3
naver,매직타임레스토랑,1527871697,https://pcmap.place.naver.com/restaurant/1527871697/review/visitor,69ef5f6a1b732a8fc8a9f2e3,MMpick,1y9KN,https://m.place.naver.com/my/5e77287b8f87a842bcf629d4/review?v=2,4.0,"에버랜드에 들렀다가 김밥 팝업시즌이라 여기서 점심을 먹어봄. 늦은 점심시간이었는데 대기줄이 있어서 10분 가량 기다림. 음식을 받고 계산줄을 따로 서는 시스템인데 김밥브랜드별로 줄 길이가 달라서 안이 북적한 점이 불편했음.
만복이네김밥세트, 충무김밥 먹어봄. 가격도 에버랜드치고 적당하고 맛도 괜찮았음. 특히 충무김밥의 김치가 맛있었음.
날이 좋아서 테라스 자리가 참 좋았음!",2026-04-27,2026-04-26,1,2,"[""https://pup-review-phinf.pstatic.net/MjAyNjA0MjdfMjg3/MDAxNzc3Mjk1MjA4Mzk4.rWkWE2ZkycfJwTKE8ILORFmi0fyCZk7zl8v7dYeSRRog.4j3ghPxqolOR5QD77qXnEy3E4I9U296jwpvR3oXMZYMg.JPEG/D7EBDF82-39EF-4BD0-9D9D-9674E9BCEF31.jpeg?type=w1500_60_sharpen"", ""https://pup-review-phinf.pstatic.net/MjAyNjA0MjdfMTky/MDAxNzc3Mjk1MjA4Mzg0.PSknd1wp4L0MxRntzaKhCCJ-_fRk3ecGMYGMe5MDWGcg.dR8y5Ic9M3qyNd7-QJxQs-VNUnu1vf_M9f9XJEq-NWAg.JPEG/394D027F-03A2-4883-B297-5877797203BE.jpeg?type=w1500_60_sharpen""]",0,"[""음식이 맛있어요"", ""인테리어가 멋져요"", ""대화하기 좋아요""]",,true,2026-09-01T05:01:46+00:00,naver_매직타임레스토랑_20260901T045939Z#4
naver,매직타임레스토랑,1527871697,https://pcmap.place.naver.com/restaurant/1527871697/review/visitor,6a6f271632df7602b26dca8f,만학또,5rpfN,https://m.place.naver.com/my/5b9fb52d3bd4ad3a47ca354a/review?v=2,5.0,짜글이랑 규동 다 맛있습니다❤️ 추천❣️,2026-08-02,2026-08-02,1,3,"[""https://pup-review-phinf.pstatic.net/MjAyNjA4MDJfMjYx/MDAxNzg1NjY5Mzk2NTQ2.dYUpXCnHb23wRtFgl3e4sG8cWZsP_CeACkul0lotNIEg.L23s0e1bcMYqjafzKyUA4-GBYMPZKEJyWDmOf-7k_6wg.JPEG/5C32FBA2-E90B-4B57-A863-2FC3B3F516F1.jpeg?type=w1500_60_sharpen"", ""https://pup-review-phinf.pstatic.net/MjAyNjA4MDJfMTg1/MDAxNzg1NjY5Mzk2Nzgx.-hja5iInpmJu4QtyjLhFpkKyjjZRSZJ2ZELIJHhu-cEg.kjitLrhVJBZdm9fPaKq1jHwCs40Qfwa-zjcmhcifQTIg.JPEG/2DB3AE6F-BD86-469C-B356-21F408478332.jpeg?type=w1500_60_sharpen"", ""https://pup-review-phinf.pstatic.net/MjAyNjA4MDJfMjUy/MDAxNzg1NjY5Mzk2OTQ3.xWrtYvYLI0KgAe4KYPKNPw0PGxpivkxhdx9ZsjYU8zUg.4A1OUbT-3g6GMAM-u3J-cluiFWHQGRoqfRz1O4hb6log.JPEG/49B255EC-4653-4931-A698-33A8CE3AC2CB.jpeg?type=w1500_60_sharpen""]",0,"[""음식이 맛있어요"", ""양이 많아요"", ""특별한 메뉴가 있어요"", ""인테리어가 멋져요"", ""매장이 넓어요""]",,true,2026-09-01T05:01:46+00:00,naver_매직타임레스토랑_20260901T045939Z#5
naver,매직타임레스토랑,1527871697,https://pcmap.place.naver.com/restaurant/1527871697/review/visitor,69e3037b6abf2ec2c29b48a8,dydgus0691,uRMG,https://m.place.naver.com/my/5dae57248f87a842bc2553a7/review?v=2,2.0,"김만복 김밥과 다정이네 김밥을 주문했는데
그냥 평범한 김밥이었습니다.",2026-04-18,2026-04-13,1,2,"[""https://pup-review-phinf.pstatic.net/MjAyNjA0MThfMTAg/MDAxNzc2NDg1MjQxODI3.b7DajWXTzdJvDnh4OTOu2sMMQgsyPxTJIVDhF0b-IfQg.nePT2Mv-ayTyY2oR46Cw6_9MJETIxX2RwOnuH-j1fssg.JPEG/6FF41CF6-3D2F-4437-A583-1972CD1F96D4.jpeg?type=w1500_60_sharpen"", ""https://pup-review-phinf.pstatic.net/MjAyNjA0MThfMTEw/MDAxNzc2NDg1MjQxOTU0.aTXfN6bBYg9gfskNUswSwESQK8ysHASZ_pSZ527bXeIg.uWPohBpwfAmbA-YJZXdGtqtd0TPTR0swFZfuwBbRNgwg.JPEG/29B7FD0E-5548-4190-812B-0D0B1B0A5D1E.jpeg?type=w1500_60_sharpen""]",0,"[""매장이 넓어요"", ""친절해요"", ""매장이 청결해요""]",,true,2026-09-01T05:01:46+00:00,naver_매직타임레스토랑_20260901T045939Z#6
naver,매직타임레스토랑,1527871697,https://pcmap.place.naver.com/restaurant/1527871697/review/visitor,6996e10d9e59c9494e2d49f9,양프로디테,1Jqus,https://m.place.naver.com/my/5c45b257f4ec134ac702026c/review?v=2,,설날특집 우삼겹떡국 먹었어요!!! 음식 만들어주시는 여사님도 정말 친절하시고 모든 직원분들 서비스 마인드가 훌륭하셔요! 앞으로 명절때마다 특별 메뉴 많이 내주셨으면 좋겠다요~,2026-02-19,2026-02-17,1,4,"[""https://pup-review-phinf.pstatic.net/MjAyNjAyMTlfNjEg/MDAxNzcxNDk1NjkwODY4.fWO83j0S-BsTu_n2irJHF34Q5yUzTw-LyU6YJYXwXo4g.TK8mwFU40f-xY12pIcnRF6Dj86GtJoE84jYG-e_otzcg.JPEG/20260217_120706.jpg.jpg?type=w1500_60_sharpen"", ""https://pup-review-phinf.pstatic.net/MjAyNjAyMTlfMTEz/MDAxNzcxNDk1NjkwNzc0.pmbbUIEXo36TG8KxKQmqx3X2rVtasjDFJaqcTMkRq5Yg.-tc6aph5KRf4Kv-VMbAEHeZdzZia3NFn3Q81oReBj38g.JPEG/20260217_120757.jpg.jpg?type=w1500_60_sharpen"", ""https://pup-review-phinf.pstatic.net/MjAyNjAyMTlfMTky/MDAxNzcxNDk1NjkxMjky.SrlViKIYJoYdhFQodCbg84NOZmuTGXSoT97ThQ3n8Tgg.I2lCzIRVNr8vby9jRHkUm_SlTlNnC6nWzasj21tBBz8g.JPEG/20260217_120745.jpg.jpg?type=w1500_60_sharpen"", ""https://pup-review-phinf.pstatic.net/MjAyNjAyMTlfOTAg/MDAxNzcxNDk1NjkxNTI5.oHpMFDPDLXHp8g43ooOtrlzcv2qeUmx0a9SjmJArt3cg.GNhbz4I2XjpmJWkKegDWRN6hx8b_mjE2t-vsbV7wDa4g.JPEG/20260217_121037.jpg.jpg?type=w1500_60_sharpen""]",0,"[""음식이 맛있어요"", ""특별한 메뉴가 있어요"", ""친절해요"", ""매장이 청결해요"", ""매장이 넓어요""]",,true,2026-09-01T05:01:46+00:00,naver_매직타임레스토랑_20260901T045939Z#7
naver,매직타임레스토랑,1527871697,https://pcmap.place.naver.com/restaurant/1527871697/review/visitor,69e61e5049baf0d8f042b94d,운동하즈아,dl6sD,https://m.place.naver.com/my/5fd0b1a458eec41ff5e21a6c/review?v=2,2.0,"기분좋게 에버랜드 가서 밥먹으러 갔는데 식당 들어갔는데 노란머리에 머리묶고, 방송하시는 분 제가 원하는데 다정이네 줄 설려고 하니까 막고, 기분 나빴어요. 그렇게 오래 걸릴것 같지도 않은데 자꾸 가로막고 그 분이 자꾸 눈치주길래 다른데서 먹었어요. 기분 이상했음. 다정이네 김밥 먹어보려고 했는데 못먹고. 아니 왜 먹고싶은것도 못사게 하는지 모르겠어요. 방송하는 목소리 귀아팠어요.",2026-04-20,2026-04-06,1,1,"[""https://pup-review-phinf.pstatic.net/MjAyNjA0MjBfMjQw/MDAxNzc2Njg4NjMyNTI1.YPeA1PC1PN6MT3zQvsMiSv2Jxa7b9x3eUd_8daqpRcUg.Ovw0olcxeFk6EZ-ML1SMDJsYTk1YAGm9trLEIeLohoQg.JPEG/IMG_7420.jpeg?type=w1500_60_sharpen""]",0,,,true,2026-09-01T05:01:46+00:00,naver_매직타임레스토랑_20260901T045939Z#8
naver,매직타임레스토랑,1527871697,https://pcmap.place.naver.com/restaurant/1527871697/review/visitor,69a266ef5de918570b6995d4,ohs****,ubTe,https://m.place.naver.com/my/5c16407fcbd5a6fbbef37ee0/review?v=2,,"양은 그리 썩 많은 편은 아닌데 맛은 쏘쏘하고 
그저 다리가 아퍼서 쉬러 왔을뿐 ㅎ",2026-02-28,2026-02-25,1,3,"[""https://pup-review-phinf.pstatic.net/MjAyNjAyMjhfMTQ0/MDAxNzcyMjUwODE3MzY4.8x4aA79GAP3PZ8RSANfmxlfQ4rQjPJfcrAHqfmMAPMQg.TcklxgkxEdkNhVS1LQGWz8akjMNyubjJfhAAu6o4OMAg.JPEG/IMG_3653.jpeg?type=w1500_60_sharpen"", ""https://pup-review-phinf.pstatic.net/MjAyNjAyMjhfMjIx/MDAxNzcyMjUwODE3NDAx.bP2cfuBJQ7Nj1Jd6RI_KKKOSKGL0oPS0b-d4MLNbeV8g.iAruFMkMa0VHN5u3E77fU_lbsRbtj0ovuw23Q0D8yXAg.JPEG/IMG_3654.jpeg?type=w1500_60_sharpen"", ""https://pup-review-phinf.pstatic.net/MjAyNjAyMjhfMTY0/MDAxNzcyMjUwODE3MzYy.KDDOdUMkjaMVIwTvp3sUHB3n_PqBiUCmjASrKzEXd3Eg.ldoIl1ciuWxppQGfkOnY8OIKvAFq8e17Fm-QmGwMzcIg.JPEG/IMG_3655.jpeg?type=w1500_60_sharpen""]",0,"[""음식이 맛있어요"", ""매장이 넓어요""]",,true,2026-09-01T05:01:46+00:00,naver_매직타임레스토랑_20260901T045939Z#9
naver,매직타임레스토랑,1527871697,https://pcmap.place.naver.com/restaurant/1527871697/review/visitor,68f630b65f372f6a8eab7a82,kskyoung44,14Yl4,https://m.place.naver.com/my/5effe76e2a6e9b34b382af1a/review?v=2,,,,2025-10-19,1,,,0,"[""음식이 맛있어요"", ""재료가 신선해요"", ""양이 많아요"", ""특별한 메뉴가 있어요"", ""친절해요""]",,true,2026-09-01T05:01:46+00:00,naver_매직타임레스토랑_20260901T045939Z#10
naver,매직타임레스토랑,1527871697,https://pcmap.place.naver.com/restaurant/1527871697/review/visitor,68e89d1d7e33fa28fcd8dcee,애지모 여상연9,8Naxy,https://m.place.naver.com/my/6163c86b99f7ae1e3cad754f/review?v=2,,,,2025-10-08,1,,,0,"[""건강한 맛이에요""]",,true,2026-09-01T05:01:46+00:00,naver_매직타임레스토랑_20260901T045939Z#11
naver,매직타임레스토랑,1527871697,https://pcmap.place.naver.com/restaurant/1527871697/review/visitor,68a92ebf0025001e52a487d8,후리지아윤야,2RK1n,https://m.place.naver.com/my/5c525318d31365d631fb42c1/review?v=2,,,,2025-08-17,2,,,0,"[""음식이 맛있어요""]",,true,2026-09-01T05:01:46+00:00,naver_매직타임레스토랑_20260901T045939Z#12
naver,매직타임레스토랑,1527871697,https://pcmap.place.naver.com/restaurant/1527871697/review/visitor,68b23829f849770f5b129835,dnsl34,19D9c,https://m.place.naver.com/my/5e2936118f87a842bca2d830/review?v=2,,,,2025-08-21,1,,,0,"[""음식이 빨리 나와요""]",,true,2026-09-01T05:01:46+00:00,naver_매직타임레스토랑_20260901T045939Z#13
naver,매직타임레스토랑,1527871697,https://pcmap.place.naver.com/restaurant/1527871697/review/visitor,68a4047110f7510664bbe877,내돈내산솔직리뷰중,qoYq,https://m.place.naver.com/my/5e389bd98f87a842bc6e370c/review?v=2,,,,2025-08-11,1,,,0,"[""음식이 맛있어요""]",,true,2026-09-01T05:01:46+00:00,naver_매직타임레스토랑_20260901T045939Z#14
naver,매직타임레스토랑,1527871697,https://pcmap.place.naver.com/restaurant/1527871697/review/visitor,68b6a423b9af05b0ebf774af,코코마리아,1ZcL8,https://m.place.naver.com/my/5f8d8845a8931455db589241/review?v=2,,,,2025-08-10,1,,,0,"[""재료가 신선해요"", ""양이 많아요"", ""특별한 메뉴가 있어요""]",,true,2026-09-01T05:01:46+00:00,naver_매직타임레스토랑_20260901T045939Z#15
naver,매직타임레스토랑,1527871697,https://pcmap.place.naver.com/restaurant/1527871697/review/visitor,68e88b38f4880054334f50af,조크리스탈66,1eteZ,https://m.place.naver.com/my/5eff951280dd0fa8cd667322/review?v=2,,,,2025-10-08,2,,,0,"[""음식이 맛있어요"", ""재료가 신선해요""]",,true,2026-09-01T05:01:46+00:00,naver_매직타임레스토랑_20260901T045939Z#16
naver,매직타임레스토랑,1527871697,https://pcmap.place.naver.com/restaurant/1527871697/review/visitor,690872d08487cc3f6ccdfeae,1170857,3C0Aw,https://m.place.naver.com/my/5cb495f324f9d2044ea8ede7/review?v=2,,,,2025-09-20,1,,,0,"[""음식이 맛있어요""]",,true,2026-09-01T05:01:46+00:00,naver_매직타임레스토랑_20260901T045939Z#17
naver,매직타임레스토랑,1527871697,https://pcmap.place.naver.com/restaurant/1527871697/review/visitor,6830293ed0875a53990d48ac,꼬마순뚜루,2vZEy,https://m.place.naver.com/my/5c779e9b06603e01f74937e6/review?v=2,,,,2025-05-22,1,,,0,"[""음식이 맛있어요""]",,true,2026-09-01T05:01:46+00:00,naver_매직타임레스토랑_20260901T045939Z#18
naver,매직타임레스토랑,1527871697,https://pcmap.place.naver.com/restaurant/1527871697/review/visitor,686a19f240e3847bc3a65591,euk****,7S5iw,https://m.place.naver.com/my/5efe472d670bd5c7e120968a/review?v=2,,,,2025-05-05,1,,,0,"[""매장이 넓어요""]",,true,2026-09-01T05:01:46+00:00,naver_매직타임레스토랑_20260901T045939Z#19
naver,매직타임레스토랑,1527871697,https://pcmap.place.naver.com/restaurant/1527871697/review/visitor,6992af1709d5b7fb4513484b,삼월의토끼,1HFSW,https://m.place.naver.com/my/5b9af42628f7a510bf59dc0a/review?v=2,,,2026-02-16,2026-02-16,1,1,"[""https://pup-review-phinf.pstatic.net/MjAyNjAyMTZfMjM4/MDAxNzcxMjIwNzU3Njky.BHSALClWlji-bYI5PmXKaSVx3ciTKsnJOAwpKYDfWjIg.BjNhGO2bMdumiC6T8caRmmbMnvSM8B_vaIJlcykw28kg.JPEG/070D1F88-E066-47DA-AB76-C80905BC433A.jpeg?type=w1500_60_sharpen""]",0,"[""음식이 맛있어요"", ""재료가 신선해요"", ""양이 많아요""]",,true,2026-09-01T05:01:46+00:00,naver_매직타임레스토랑_20260901T045939Z#20
naver,매직타임레스토랑,1527871697,https://pcmap.place.naver.com/restaurant/1527871697/review/visitor,69676f17887728ba5c8619d3,yunhl23,3apho,https://m.place.naver.com/my/5e47b2748f87a842bccf858f/review?v=2,,,2026-01-14,2026-01-07,1,1,"[""https://pup-review-phinf.pstatic.net/MjAyNjAxMTRfMjE0/MDAxNzY4Mzg2Mjc1ODEz.2K8TJ73OIxpxQoMpncY0UFIBS6CSKfZSvuRTYUZlEnEg.O4gvbmdg_DGkVMlEjNXWSVV_-N_ZKKphvESjfTJ4yFMg.JPEG/1768386269368192960035068827972.jpg?type=w1500_60_sharpen""]",0,"[""음식이 맛있어요""]",,true,2026-09-01T05:01:46+00:00,naver_매직타임레스토랑_20260901T045939Z#21
naver,매직타임레스토랑,1527871697,https://pcmap.place.naver.com/restaurant/1527871697/review/visitor,69638601505a8529ff560e37,ssjj7409,3m1lB,https://m.place.naver.com/my/5fa53905d6e552596c1bee15/review?v=2,,친절해요,2026-01-11,2026-01-02,1,,,0,"[""음식이 맛있어요""]",,true,2026-09-01T05:01:46+00:00,naver_매직타임레스토랑_20260901T045939Z#22
naver,매직타임레스토랑,1527871697,https://pcmap.place.naver.com/restaurant/1527871697/review/visitor,6959f5c79d19ed98e58e4f8c,soo****,2bRcfV,https://m.place.naver.com/my/64293a44a7b163000676634f/review?v=2,,"대실망
음식들이
허접하고
가격이 
너무비싸다",2026-01-04,2025-12-31,1,3,"[""https://pup-review-phinf.pstatic.net/MjAyNjAxMDRfMTQy/MDAxNzY3NTAzMjg4NjUx.GfKD_jr14KpToKbow5HVI6gR0lD8YYHm_RroE1J9ZK4g.8nh1MaAYMN7JOkvdAbWjHaxGyHCaZ8tsZERY-xA-8JQg.JPEG/20251231_165436.jpg.jpg?type=w1500_60_sharpen"", ""https://pup-review-phinf.pstatic.net/MjAyNjAxMDRfNTQg/MDAxNzY3NTAzMjg4NjUw.PPpfchwISqUWRt-xNzcwexOZa-kcyMN9gxZySnlJ4MIg.-TA63tDPIfWGyY2TwnbG-5Pi9QnmDBK8Po0TSVGfyl0g.JPEG/20251231_172417.jpg.jpg?type=w1500_60_sharpen"", ""https://pup-review-phinf.pstatic.net/MjAyNjAxMDRfMjYg/MDAxNzY3NTAzMjg4Njky.AmS5OPqvNH70EAKCjGWKV_Q2Pk6mnWZ4qMvYyP_HdjYg.fVYHVbpuKXISrXwkjHXvjogki0mkpAJCYRRT6k-RpHgg.JPEG/20251231_172708.jpg.jpg?type=w1500_60_sharpen""]",0,"[""친절해요"", ""매장이 청결해요"", ""화장실이 깨끗해요"", ""단체모임 하기 좋아요""]",,true,2026-09-01T05:01:46+00:00,naver_매직타임레스토랑_20260901T045939Z#23
naver,매직타임레스토랑,1527871697,https://pcmap.place.naver.com/restaurant/1527871697/review/visitor,693ce207f638bfd73328ce6e,시그루드,1t7rV,https://m.place.naver.com/my/5bc5631560202c36500b358a/review?v=2,,좋네유,2025-12-13,2025-12-13,2,1,"[""https://pup-review-phinf.pstatic.net/MjAyNTEyMTNfMjEg/MDAxNzY1NTk3Njk0NTky.I08p-xsAFb51f9aaayj115BWG3M_Bjpr_bMorS5wsIkg.gGYziZiUjJpvrMV9EhNLderMTvnsszl-McogQRxQCtUg.JPEG/17655976884875183025830334450992.jpg?type=w1500_60_sharpen""]",0,"[""음식이 맛있어요""]",,true,2026-09-01T05:01:46+00:00,naver_매직타임레스토랑_20260901T045939Z#24
naver,매직타임레스토랑,1527871697,https://pcmap.place.naver.com/restaurant/1527871697/review/visitor,69108a5e45cffbfdd566a4f2,이히091,o5Z0,https://m.place.naver.com/my/5d775c458f87a842bc027577/review?v=2,,에버랜드 음식을 뭐 맛있어서 먹는 건 아니니까요ㅠㅠ,2025-11-09,2025-11-08,1,1,"[""https://pup-review-phinf.pstatic.net/MjAyNTExMDlfMjQ3/MDAxNzYyNjkxNjc2Njgx.w38fug2YUKpH-SHfAflDY1nYryW_9zxpdaWaO2Y7Mnsg.ZavhTrIoTcF4GWyCe3ZXYTRFeIjFI7AjFTTVmNNJvgUg.JPEG/D4131FFB-A13E-4C3A-A0FB-F5C0B6032D90.jpeg?type=w1500_60_sharpen""]",0,"[""매장이 넓어요"", ""단체모임 하기 좋아요""]",,true,2026-09-01T05:01:46+00:00,naver_매직타임레스토랑_20260901T045939Z#25
naver,매직타임레스토랑,1527871697,https://pcmap.place.naver.com/restaurant/1527871697/review/visitor,6915662a740347638c9d8c77,pre****,4OonB,https://m.place.naver.com/my/5d8dbbcc8f87a842bc192ce1/review?v=2,,"놀이동산이라도 느므 비싼감이 있어요 🤣
직원분들 넘나 친절하세용 🥰",2025-11-13,2025-11-06,1,1,"[""https://pup-review-phinf.pstatic.net/MjAyNTExMTNfMTE0/MDAxNzYzMDEwMDg4MzU2.m_ZZ5KuMxfUCWtvZafpbkahA_hCCsF0rH-P8DweIB30g.Um3yVF-nLEb363yPblXXc3E7atqy8acG65YGwtjSeMAg.JPEG/36969F1C-A33F-44F2-BA63-90D8620B36E3.jpeg?type=w1500_60_sharpen""]",0,"[""음식이 맛있어요"", ""친절해요"", ""매장이 넓어요""]",,true,2026-09-01T05:01:46+00:00,naver_매직타임레스토랑_20260901T045939Z#26
naver,매직타임레스토랑,1527871697,https://pcmap.place.naver.com/restaurant/1527871697/review/visitor,6910c548c52ef206be9228f5,J9z9,59QeS,https://m.place.naver.com/my/5ef95d378f87a842bceade67/review?v=2,,"전체적으로 조금 짠 느낌 ~?
그래도 맛있게 나름 잘 먹음!!!!
짜글이 난 맛있었다!!!!",2025-11-10,2025-11-03,1,2,"[""https://pup-review-phinf.pstatic.net/MjAyNTExMTBfMjIz/MDAxNzYyNzA2NzU3NzUw.fE1HTh8moHNAWKvdsSUH6xJgNj_pjZTFQw1ASuqp6M8g.B687j6QwymjRgTPIQ7xMKpbOYOFF7WFO1kg1ZvseBBgg.JPEG/F728C116-B7F6-462B-94AF-57F41C075187.jpeg?type=w1500_60_sharpen"", ""https://pup-review-phinf.pstatic.net/MjAyNTExMTBfMjQw/MDAxNzYyNzA2NzU3Njg0.2PwihA64UZjvnAb0I-G4vRyKj1MkowhyWjuDq83T4Bkg.CzYYJFZmxaetH1lgeYGjcP7NMe8srLPMdUxH43Og2fEg.JPEG/84B92DAF-3C5B-4F5B-95A3-2781C5B7AF2A.jpeg?type=w1500_60_sharpen""]",1,"[""매장이 넓어요"", ""단체모임 하기 좋아요"", ""대화하기 좋아요""]",,true,2026-09-01T05:01:46+00:00,naver_매직타임레스토랑_20260901T045939Z#27
naver,매직타임레스토랑,1527871697,https://pcmap.place.naver.com/restaurant/1527871697/review/visitor,692b8357ae24819250773cdc,mjk1503,3vmGi,https://m.place.naver.com/my/5f896dacb22d9928f3dbd8a0/review?v=2,,놀러가서 신나게 맛있게 먹었어요~,2025-11-30,2025-11-02,1,1,"[""https://pup-review-phinf.pstatic.net/MjAyNTExMzBfMjg5/MDAxNzY0NDU5MzQ5ODk1.iAp5zUuWQxgC9EWGOQ1psVN-1eUXt39Pplc6l0uvmRUg.uYOiyBgr2N7aAbXUyBkIpUTsDAd24KH3u33f9lkyg4wg.JPEG/20251102_145441.jpg.jpg?type=w1500_60_sharpen""]",0,"[""음식이 맛있어요""]",,true,2026-09-01T05:01:46+00:00,naver_매직타임레스토랑_20260901T045939Z#28
naver,매직타임레스토랑,1527871697,https://pcmap.place.naver.com/restaurant/1527871697/review/visitor,69a19bbb1c6e8f9eff42cf85,먹잘Rr,3JJBo,https://m.place.naver.com/my/5efde6ed854ca9293112d13f/review?v=2,,"겨울이라 문닫은 식당이 많아서 여기로 갔는데
가격대비 맛이 너무 실망이에요 ㅜㅜ
밀키트만 써도 이정돈 아닐텐데",2026-02-27,2026-02-26,1,,,0,"[""매장이 넓어요""]",,true,2026-09-01T05:01:46+00:00,naver_매직타임레스토랑_20260901T045939Z#29
naver,매직타임레스토랑,1527871697,https://pcmap.place.naver.com/restaurant/1527871697/review/visitor,68d33e4df773608b744abfc6,namu82,3WsYm,https://m.place.naver.com/my/5d2d428db46dec61e8df9cc5/review?v=2,,,,2025-09-23,1,,,0,"[""양이 많아요""]",,true,2026-09-01T05:01:46+00:00,naver_매직타임레스토랑_20260901T045939Z#30
naver,매직타임레스토랑,1527871697,https://pcmap.place.naver.com/restaurant/1527871697/review/visitor,6859ccf5139688da0fc53ab0,ju1****,3Ftnw,https://m.place.naver.com/my/5e23ce698f87a842bc2bebcc/review?v=2,,,,2025-06-22,2,,,0,"[""음식이 맛있어요""]",,true,2026-09-01T05:01:46+00:00,naver_매직타임레스토랑_20260901T045939Z#31
naver,알파인레스토랑,1678026825,https://pcmap.place.naver.com/restaurant/1678026825/review/visitor,69f9f923f1991be967a1f227,Silkroad,1rXh3,https://m.place.naver.com/my/5e6d737d8f87a842bc9694f3/review?v=2,4.5,"살다 살다
이렇게 친절한 곳은 첨봐요..
메뉴 선택시부터(주문배려)
메뉴 받기(메뉴 찾기 옮기기 배려 도움)
의무반? 방문 안내 등..
암튼 최고 였어요
외국인13명과 같이 갔었는데
너무 자랑스러웠답니다
고마웠어요...
알파인 식당 근무자 여러분.....

ㅋㅋ",2026-05-05,2026-04-18,1,3,"[""https://pup-review-phinf.pstatic.net/MjAyNjA1MDVfMjc5/MDAxNzc3OTg5OTIyNDI2.M9b-USGu7jbBjlUF0JpEpvWB1jIjNt-4Jt_imaoN-R8g.4U5-A7xTNXXFd0ZUKZKNFirsz6uCDBcD_L4x_qdr014g.JPEG/FB_IMG_1777989777452.jpg.jpg?type=w1500_60_sharpen"", ""https://pup-review-phinf.pstatic.net/MjAyNjA1MDVfMjU4/MDAxNzc3OTg5OTIyNDk5.JOu7wdb8h8oMLqY9Y7DWnDSlBmP7KwYOxFld61jJOq8g.5ePK67OQ4vyXs1ccc6iwdDRVrly8xRgfVgstlsKLCvIg.JPEG/FB_IMG_1776899366790.jpg.jpg?type=w1500_60_sharpen"", ""https://pup-review-phinf.pstatic.net/MjAyNjA1MDVfOTYg/MDAxNzc3OTg5OTIyNDY1.XEEGShdvENqJhB8DUTW9_yE-bq236OqMioDuJvFgVNYg.T2QHmojHrAHjZHfFTVvHzA0L9Aq5DApM63jvzPiAZgkg.JPEG/FB_IMG_1777989773232.jpg.jpg?type=w1500_60_sharpen""]",0,"[""음식이 맛있어요"", ""재료가 신선해요"", ""친절해요"", ""매장이 청결해요"", ""오래 머무르기 좋아요""]",,true,2026-09-01T05:03:48+00:00,naver_알파인레스토랑_20260901T045939Z#0
naver,알파인레스토랑,1678026825,https://pcmap.place.naver.com/restaurant/1678026825/review/visitor,69ee1fb22fb8d8819246ce05,foodkiller,6KWod,https://m.place.naver.com/my/5c3ba4d1322d53d747f1f79d/review?v=2,5.0,에버랜드는 김치찌개 맛집임,2026-04-26,2026-04-23,3,1,"[""https://pup-review-phinf.pstatic.net/MjAyNjA0MjZfMTI2/MDAxNzc3MjEzMzYxMzY2.CfxCxUN3SmYLAraQFa-Fsy9BpYx5qwq35vK3pG8-GtYg.wZ7BhhQShCfdmi9Dm6ufs_HIy2wcx3JEDhAhBX7btHAg.JPEG/81ACFDC6-A863-4B53-BAAD-C44B51A558AE.jpeg?type=w1500_60_sharpen""]",0,"[""음식이 맛있어요"", ""양이 많아요"", ""재료가 신선해요""]",,true,2026-09-01T05:03:48+00:00,naver_알파인레스토랑_20260901T045939Z#1
naver,알파인레스토랑,1678026825,https://pcmap.place.naver.com/restaurant/1678026825/review/visitor,69bac768f9d0bcd5c65b9260,foodkiller,6KWod,https://m.place.naver.com/my/5c3ba4d1322d53d747f1f79d/review?v=2,,"김치찌개 최고입니다❤️❤️❤️
한가람보다 알파인이 더 맛있어요",2026-03-19,2026-03-18,2,1,"[""https://pup-review-phinf.pstatic.net/MjAyNjAzMTlfMTc1/MDAxNzczODQ4NDIyOTQ5.ZDo782m7Hi9CG4hlJg3dZ47GaciA8J0vcYbiRi70Avog.1EZA84AfGRkQ4tIn6oFXy2vNkSFJZ09HeQOYOxMXYegg.JPEG/81C2E062-CACC-4ED0-A70F-2D56B4AAF23D.jpeg?type=w1500_60_sharpen""]",0,"[""음식이 맛있어요"", ""양이 많아요"", ""매장이 넓어요""]",,true,2026-09-01T05:03:48+00:00,naver_알파인레스토랑_20260901T045939Z#2
naver,알파인레스토랑,1678026825,https://pcmap.place.naver.com/restaurant/1678026825/review/visitor,68e24b6ba3579e404cdaed06,Deneck,711Sb,https://m.place.naver.com/my/5c6e94babaef604852155d98/review?v=2,,음식 꽤 괜찮아서 맛있게 먹었어요!! 에버랜드에서 지친 상태로 먹는 김치찌개 완전 good...,2025-10-05,2025-10-04,1,2,"[""https://pup-review-phinf.pstatic.net/MjAyNTEwMDVfMTE0/MDAxNzU5NjYwOTA1MjQz.3qLOe33GQ8yJrPMdkgLTyKK7yUuf3z--r3m7h1AxWAEg.hWENsTohv0Xd9vdfWt_GHkp1CtpZQBb5L5VluyeMfx0g.JPEG/1000039009.jpg.jpg?type=w1500_60_sharpen"", ""https://pup-review-phinf.pstatic.net/MjAyNTEwMDVfMTgz/MDAxNzU5NjYwOTA0MTkw.QLIKcesjkDn6JoviTxd6f4HyOR6d6cdrBPBuzUYEBWog.-x8BNxk5grZuCTD2NND0n8eCirn02tbxV1KJEqT63Pwg.JPEG/1000039010.jpg.jpg?type=w1500_60_sharpen""]",0,"[""음식이 맛있어요"", ""매장이 넓어요""]",,true,2026-09-01T05:03:48+00:00,naver_알파인레스토랑_20260901T045939Z#3
naver,알파인레스토랑,1678026825,https://pcmap.place.naver.com/restaurant/1678026825/review/visitor,68fd87587eb8b2314a5f4a33,기깔나는닉네임을갖고싶어,by7XF,https://m.place.naver.com/my/5f442a4ca602e98f565a5597/review?v=2,,"킬바사김볶 17900
왕돈까스세트 17900",2025-10-26,2025-10-18,1,2,"[""https://pup-review-phinf.pstatic.net/MjAyNTEwMjZfMjU3/MDAxNzYxNDQ1NzE4Mjgx.tlhEAaKSM3mmTLg9s-bY06jWKuU-oiE66J_8oJ-V1Sog.I7IpCWBNYoPItzGIYWTKBa7PeGGOpI7kMdjB3ZvzRUog.JPEG/20251018_121042.jpg.jpg?type=w1500_60_sharpen"", ""https://pup-review-phinf.pstatic.net/MjAyNTEwMjZfMTQx/MDAxNzYxNDQ1NzE3OTYz.kreE_tqQqGHx4u3zwQqwijc05ATwbg1xT6BssIiZJPsg.oT9PEeeJ7K6Xzde6pFAUj3Cg0EsdVtK135Dxnj5oPG4g.JPEG/20251018_121049.jpg.jpg?type=w1500_60_sharpen""]",1,"[""음식이 맛있어요"", ""단체모임 하기 좋아요""]",,true,2026-09-01T05:03:48+00:00,naver_알파인레스토랑_20260901T045939Z#4
naver,알파인레스토랑,1678026825,https://pcmap.place.naver.com/restaurant/1678026825/review/visitor,68e9e66a14eb28a045475300,MIA91,yHmx,https://m.place.naver.com/my/614742727df62000068dbd6d/review?v=2,,"22개월 아가랑 에버랜드!
돈까스 치킨 우동까지 완벽하게 먹엇네요!",2025-10-11,2025-10-11,1,2,"[""https://pup-review-phinf.pstatic.net/MjAyNTEwMTFfMTgz/MDAxNzYwMTU5MzM3NTA4.MYWICv5NcUlVJo1pz9r8c8gnkF4CN4qjtfqcmP8QNV4g.5Sig4CISPoj1UAuaxEN6fTwg0856WELKHO6yJ_cChFUg.JPEG/20251011_133052.jpg.jpg?type=w1500_60_sharpen"", ""https://pup-review-phinf.pstatic.net/MjAyNTEwMTFfOTEg/MDAxNzYwMTU5MzM3NTA0.NU-eW7cTNmFVVYXnZHCf6F9S4sOG2PYQmAXn-pCl3cgg.rh2i0luQeqXaGa0uFartBZ7IilqrYrB78m9W9Dp42WUg.JPEG/20251011_133347.jpg.jpg?type=w1500_60_sharpen""]",0,"[""음식이 맛있어요"", ""양이 많아요"", ""가성비가 좋아요"", ""매장이 넓어요""]",,true,2026-09-01T05:03:48+00:00,naver_알파인레스토랑_20260901T045939Z#5
naver,알파인레스토랑,1678026825,https://pcmap.place.naver.com/restaurant/1678026825/review/visitor,68c66e3aa57711ffff8239b5,듀이이이이이,3uanK,https://m.place.naver.com/my/5efeeb44a7f1cdd89fef2db3/review?v=2,,사파리갔다가 바로옆에있어서 들어갔는데 김치볶음밥은 그냥 그랬고 돈까스는 맛있어요,2025-09-14,2025-09-11,1,2,"[""https://pup-review-phinf.pstatic.net/MjAyNTA5MTRfMjQ5/MDAxNzU3ODM0ODA4OTMy.MhlENv63b5kxK2mKtsSD9WvBqfqZTlmh1dSOdtYYCNYg.PADbOsJqVLflFazYRv8SF_3cuVyAzIUk-Orhrd0YWKwg.JPEG/5B96B4B6-99DA-4D29-9C43-9E6DECC78D6C.jpeg?type=w1500_60_sharpen"", ""https://pup-review-phinf.pstatic.net/MjAyNTA5MTRfMTYy/MDAxNzU3ODM0ODA4OTU5.FB863aO5XT7ZB11szA0-V0oi0a6S6KphbCryHdquWgsg.CRz4kCmBdX5c4PxF8rHhGsxS_KvFyAg_7QR2pgkr7hcg.JPEG/57E27898-698E-4256-B050-3090E931A452.jpeg?type=w1500_60_sharpen""]",0,"[""특별한 메뉴가 있어요"", ""매장이 넓어요""]",,true,2026-09-01T05:03:48+00:00,naver_알파인레스토랑_20260901T045939Z#6
naver,알파인레스토랑,1678026825,https://pcmap.place.naver.com/restaurant/1678026825/review/visitor,6936ad5597293baab13f4a88,어디든무엇이든간다,4vUkh,https://m.place.naver.com/my/629d5e499ae68c0006148570/review?v=2,,돈까스 김치찌개 맛있음,2025-12-08,2025-10-25,1,2,"[""https://pup-review-phinf.pstatic.net/MjAyNTEyMDhfMTE3/MDAxNzY1MTkwOTk1NTU4.CEdsan3Im77tGxRKge0G7xZrUd7tX-GVBc3VD6ddlNUg.puSzpfEnQjKQxdD0fQAdCQdfVRq21J7AOq5eDn1ejOQg.JPEG/BFB14476-3556-47EB-99B7-0A7FFED891AF.jpeg?type=w1500_60_sharpen"", ""https://pup-review-phinf.pstatic.net/MjAyNTEyMDhfMTgy/MDAxNzY1MTkwOTk0Nzgy.q_VCAqG0wbu-FNmfTVuSj6nCq0Rs9mEXZ9_yvlZFGEMg.bZhRwwsWBykLjRvUFXtnlaUgDhl4As130xd5eFVhmvIg.JPEG/E5ACC54A-D08B-43AB-B8DB-386C9E39A130.jpeg?type=w1500_60_sharpen""]",0,"[""음식이 맛있어요""]",,true,2026-09-01T05:03:48+00:00,naver_알파인레스토랑_20260901T045939Z#7
naver,알파인레스토랑,1678026825,https://pcmap.place.naver.com/restaurant/1678026825/review/visitor,699be202468f74e37f6c6c30,백팩커 재구언,4a15F,https://m.place.naver.com/my/5d7bbda88f87a842bc23dd8e/review?v=2,,알파인 김치찌개는 약간 된장맛이 난다 참고 (된장이들어감),2026-02-23,2026-01-28,1,1,"[""https://pup-review-phinf.pstatic.net/MjAyNjAyMjNfNzQg/MDAxNzcxODIzNjE2ODEw.pM2IbzLEs5MhXzCGc6yQ5A1Rdi6mHNuvuDf2c7guhQYg.noZHk3pQbRz6sntH20ZPPvl7UvpOvuHmvp3Eld876eIg.JPEG/1C188D84-79A8-4D8A-94CE-9805721E0904.jpeg?type=w1500_60_sharpen""]",0,"[""음식이 맛있어요"", ""재료가 신선해요"", ""양이 많아요""]",,true,2026-09-01T05:03:48+00:00,naver_알파인레스토랑_20260901T045939Z#8
naver,알파인레스토랑,1678026825,https://pcmap.place.naver.com/restaurant/1678026825/review/visitor,6936de6712275c78611cb5d6,혜찐블라썸,3ll69,https://m.place.naver.com/my/5d94e2c68f87a842bc24782b/review?v=2,,🍲,2025-12-08,2025-12-07,1,2,"[""https://pup-review-phinf.pstatic.net/MjAyNTEyMDhfMTAg/MDAxNzY1MjAzNTU3MjAz.xMZ3HeguIZjABTq3p2HA75TQ41e270xJ2AOvaHUQYCQg.IHr6IXOTIFI4sVaob6ZSAQYkit7XSjFmUxOOIz7GDu0g.JPEG/1000009003.jpg.jpg?type=w1500_60_sharpen"", ""https://pup-review-phinf.pstatic.net/MjAyNTEyMDhfNjMg/MDAxNzY1MjAzNTU3MDQ2.3Or9XsmH8x2sEHChBKXLp_kYZst-pPnx1ul3_I6goj4g.mEbH4KpzjN-QhhNE8hDOfpAIlfMmBPf5PJWMC2suBhcg.JPEG/1000009002.jpg.jpg?type=w1500_60_sharpen""]",0,"[""음식이 빨리 나와요""]",,true,2026-09-01T05:03:48+00:00,naver_알파인레스토랑_20260901T045939Z#9
naver,알파인레스토랑,1678026825,https://pcmap.place.naver.com/restaurant/1678026825/review/visitor,6913f8f1017b4be7b5482546,날아라안슈,20kqv,https://m.place.naver.com/my/5bf9413ab59cdd61d11537f6/review?v=2,,,,2025-10-16,1,,,0,"[""음식이 맛있어요"", ""재료가 신선해요""]",,true,2026-09-01T05:03:48+00:00,naver_알파인레스토랑_20260901T045939Z#10
naver,알파인레스토랑,1678026825,https://pcmap.place.naver.com/restaurant/1678026825/review/visitor,68fcd0b3e1ee0e98502e33af,may5632,1x1un,https://m.place.naver.com/my/5c41b78c3aa966265f29bb72/review?v=2,,,,2025-09-25,2,,,0,"[""매장이 넓어요""]",,true,2026-09-01T05:03:48+00:00,naver_알파인레스토랑_20260901T045939Z#11
naver,알파인레스토랑,1678026825,https://pcmap.place.naver.com/restaurant/1678026825/review/visitor,6865ff93ca5debc918aa0d97,cozie17,2Ztim,https://m.place.naver.com/my/5efde977854ca9293112d614/review?v=2,,,,2025-06-27,1,,,0,"[""음식이 빨리 나와요""]",,true,2026-09-01T05:03:48+00:00,naver_알파인레스토랑_20260901T045939Z#12
naver,알파인레스토랑,1678026825,https://pcmap.place.naver.com/restaurant/1678026825/review/visitor,6810c9a28b6bf6a532d8334b,softkms,goKM,https://m.place.naver.com/my/5cb35ca680189dfa63d55190/review?v=2,,,,2025-04-29,1,,,0,"[""음식이 맛있어요"", ""재료가 신선해요"", ""양이 많아요"", ""특별한 메뉴가 있어요"", ""가성비가 좋아요""]",,true,2026-09-01T05:03:48+00:00,naver_알파인레스토랑_20260901T045939Z#13
naver,알파인레스토랑,1678026825,https://pcmap.place.naver.com/restaurant/1678026825/review/visitor,676fc7588015df644a69495b,sky****,1vMZ7,https://m.place.naver.com/my/5dd1688e8f87a842bc4580a1/review?v=2,,,,2024-12-28,1,,,0,"[""매장이 넓어요""]",,true,2026-09-01T05:03:48+00:00,naver_알파인레스토랑_20260901T045939Z#14
naver,알파인레스토랑,1678026825,https://pcmap.place.naver.com/restaurant/1678026825/review/visitor,67e1495b806f1d05746eb02a,skkk,SY0M,https://m.place.naver.com/my/5bf7c146c1c93a098385ce39/review?v=2,,,,2025-03-12,1,,,0,"[""음식이 맛있어요""]",,true,2026-09-01T05:03:48+00:00,naver_알파인레스토랑_20260901T045939Z#15
naver,알파인레스토랑,1678026825,https://pcmap.place.naver.com/restaurant/1678026825/review/visitor,6772778fe146c941a169ad93,먀캐슬,2NBqB,https://m.place.naver.com/my/5e1711b78f87a842bc9f570f/review?v=2,,,,2024-12-13,1,,,0,"[""양이 많아요"", ""매장이 넓어요""]",,true,2026-09-01T05:03:48+00:00,naver_알파인레스토랑_20260901T045939Z#16
naver,알파인레스토랑,1678026825,https://pcmap.place.naver.com/restaurant/1678026825/review/visitor,67470f81b6136300af6e6687,풍핑이,3SsYy,https://m.place.naver.com/my/613eb3a96e1e7964825d4624/review?v=2,,,,2024-11-09,1,,,0,"[""음식이 맛있어요""]",,true,2026-09-01T05:03:48+00:00,naver_알파인레스토랑_20260901T045939Z#17
naver,알파인레스토랑,1678026825,https://pcmap.place.naver.com/restaurant/1678026825/review/visitor,673589d775b60f93b5f8f5b3,라봉9192,3fcpb,https://m.place.naver.com/my/5ea649228f87a842bc98eb77/review?v=2,,,,2024-11-08,1,,,0,"[""음식이 맛있어요""]",,true,2026-09-01T05:03:48+00:00,naver_알파인레스토랑_20260901T045939Z#18
naver,알파인레스토랑,1678026825,https://pcmap.place.naver.com/restaurant/1678026825/review/visitor,67207e57e88c602628084701,제이앤제이1,3xu6w,https://m.place.naver.com/my/5d8a51198f87a842bce74b28/review?v=2,,,,2024-10-19,1,,,0,"[""음식이 맛있어요""]",,true,2026-09-01T05:03:48+00:00,naver_알파인레스토랑_20260901T045939Z#19
naver,알파인레스토랑,1678026825,https://pcmap.place.naver.com/restaurant/1678026825/review/visitor,6922df5783d1d15aa5f8ab65,권정훈55,9XFO9,https://m.place.naver.com/my/5e5f17648f87a842bca28ff4/review?v=2,,좋아요,2025-11-23,2025-11-23,1,,,0,"[""음식이 맛있어요""]",,true,2026-09-01T05:03:48+00:00,naver_알파인레스토랑_20260901T045939Z#20
naver,알파인레스토랑,1678026825,https://pcmap.place.naver.com/restaurant/1678026825/review/visitor,6915438d8905fca17e179a5b,OH SEUNG,6Griw,https://m.place.naver.com/my/5cc9e2cb71d046139bfe9330/review?v=2,,굿,2025-11-13,2025-11-13,1,,,0,"[""음식이 맛있어요""]",,true,2026-09-01T05:03:48+00:00,naver_알파인레스토랑_20260901T045939Z#21
naver,알파인레스토랑,1678026825,https://pcmap.place.naver.com/restaurant/1678026825/review/visitor,690f085d48bfab66aa3721b4,류조교,1SXvE,https://m.place.naver.com/my/5eecc7788f87a842bca3ba09/review?v=2,,만족합니다,2025-11-08,2025-11-08,1,1,"[""https://pup-review-phinf.pstatic.net/MjAyNTExMDhfMjg0/MDAxNzYyNTkyODU5MjU2.fcsONtwn442s4rZrDsWT9MsOcGTy8cBGWpJnw1z8gysg.CplHZ86cml2KnMSWUU9Jj11bXv5ZyA2WJXrRM-rO2Lcg.JPEG/20251108_180326.jpg.jpg?type=w1500_60_sharpen""]",0,"[""음식이 맛있어요""]",,true,2026-09-01T05:03:48+00:00,naver_알파인레스토랑_20260901T045939Z#22
naver,알파인레스토랑,1678026825,https://pcmap.place.naver.com/restaurant/1678026825/review/visitor,68fceb6898ca23ef43ba5590,미야하니,bBO26,https://m.place.naver.com/my/5cdc1950b38e41b0474ef021/review?v=2,,"품절돼서 못먹은 김뽁
배고파서 먹은 등심돈가스",2025-10-26,2025-10-25,1,,,0,"[""단체모임 하기 좋아요""]",,true,2026-09-01T05:03:48+00:00,naver_알파인레스토랑_20260901T045939Z#23
naver,알파인레스토랑,1678026825,https://pcmap.place.naver.com/restaurant/1678026825/review/visitor,674c4e977466dc327133a053,myt****,1LqSY,https://m.place.naver.com/my/5e8671b98f87a842bc6c703f/review?v=2,,,,2024-11-13,1,,,0,"[""음식이 맛있어요"", ""재료가 신선해요"", ""양이 많아요""]",,true,2026-09-01T05:03:48+00:00,naver_알파인레스토랑_20260901T045939Z#24
naver,KFC 용인에버랜드,37747059,https://pcmap.place.naver.com/restaurant/37747059/review/visitor,6a9236fc4800561a25c8c5d2,오월감성,2idSY,https://m.place.naver.com/my/5f0579264d1cf87540aafbc1/review?v=2,5.0,종일 걷고 지쳤을 때 저녁 해결하러 들르기 딱 좋아요. 첫째가 먹고 싶어 하던 버거 세트로 시켜줬더니 순식간에 하나 다 비웠습니다. 자리도 편하고 음식도 빠르게 나와서 피로 풀면서 든든하게 배 채우고 갑니다!🥰,2026-08-29,2026-08-24,1,2,"[""https://pup-review-phinf.pstatic.net/MjAyNjA4MjlfMTUz/MDAxNzg3OTY3MjI3MzUz.Az0RNTpz9_iVq0XKjMRChx2tOSudAw2Oj7o11QmUj-Qg.MgoNdUKaJDXrUNeV6hy5etScM3cXCT_qDCUeCI_gpI0g.JPEG/D49C4137-DBB8-4069-9B71-C1A8596FC312.jpeg?type=w1500_60_sharpen"", ""https://pup-review-phinf.pstatic.net/MjAyNjA4MjlfMTUz/MDAxNzg3OTY3MjI3MTIx.4fJWABh4rW8tpWcRKnHOo-_vr9bHqRpoPDp0JtnGEKIg.p1n19ox4n0lbfnz9KReR48H0H1SuW8m2dIxQWCZJCrgg.JPEG/A405F75C-AFC3-4CAD-A28D-60B696569FE9.jpeg?type=w1500_60_sharpen""]",0,"[""음식이 맛있어요""]",,true,2026-09-01T05:05:45+00:00,naver_kfc-용인에버랜드_20260901T045939Z#0
naver,KFC 용인에버랜드,37747059,https://pcmap.place.naver.com/restaurant/37747059/review/visitor,6a7001b9467e0b26f1570d38,로컬가이드J,2fYBC,https://m.place.naver.com/my/5b66b9c28098608fdb0591ae/review?v=2,3.5,"에버랜드 안에 있는 KFC에요.
이날은 날씨도 덥고 시간도 늦어서 다행히 사람이 별로 없었는데, 평소에는 자리 잡는거 자체가 너무 어려워요.
프렘차이즈다보니 메뉴나 맛은 동일합니다.",2026-08-03,2026-08-02,1,1,"[""https://pup-review-phinf.pstatic.net/MjAyNjA4MDNfOTgg/MDAxNzg1NzI1MzY3Njk1.ilvWrwJ8b1zD6Nmsb-RwrMourng5W0ry1gks0emKgoYg.glHV5023DrqlHGagwYEDGUiJmRPg744wQJ37s9OQYSMg.JPEG/F27AF1A9-BAA4-4DA8-B425-281D571485F2.jpeg?type=w1500_60_sharpen""]",0,"[""가성비가 좋아요"", ""양이 많아요"", ""음식이 맛있어요""]",,true,2026-09-01T05:05:45+00:00,naver_kfc-용인에버랜드_20260901T045939Z#1
naver,KFC 용인에버랜드,37747059,https://pcmap.place.naver.com/restaurant/37747059/review/visitor,6a6f53d73b2ff14398ec5611,마녀자까,22hOr,https://m.place.naver.com/my/5e202f148f87a842bc42812c/review?v=2,4.0,,2026-08-02,2026-08-02,1,2,"[""https://pup-review-phinf.pstatic.net/MjAyNjA4MDJfMTEw/MDAxNzg1NjgwODU0NTYx.KkxfuhzSqA7ke8POEU1CpOet27CvOg06JDL5O8eD9Dcg.zTGk4dawq9pJeeGxWsqzwcxuZtRBXElK0WQwBHzlVxcg.JPEG/1785680741982.jpg.jpg?type=w1500_60_sharpen"", ""https://pup-review-phinf.pstatic.net/MjAyNjA4MDJfOTUg/MDAxNzg1NjgwODU0NTU5.keB8gmYWOOf5_yO4JStSr8LlucA4gsvbP47Pt8CoR_wg.bOTPDI2jYrOJpl-Nl7m81Kq0_DSVm0kqkaoAzgz3Ma4g.JPEG/1785680741678.jpg.jpg?type=w1500_60_sharpen""]",0,"[""음식이 맛있어요"", ""특별한 메뉴가 있어요""]",,true,2026-09-01T05:05:45+00:00,naver_kfc-용인에버랜드_20260901T045939Z#2
naver,KFC 용인에버랜드,37747059,https://pcmap.place.naver.com/restaurant/37747059/review/visitor,6a052fa349df9c1dcd998bae,경찰27,40sh9,https://m.place.naver.com/my/5da135978f87a842bcc32e7f/review?v=2,4.0,에버랜드 넘 더워~~  밀크폰으로 먹는 버거ㅋ 좀 부족하다,2026-05-14,2026-05-14,1,2,"[""https://pup-review-phinf.pstatic.net/MjAyNjA1MTRfMzMg/MDAxNzc4NzI0NzY5NDE3.CRPYDld-hdn0lC0XQ2CBI6xWI0UOzeTfUdq6fE5QJ2Ag.kjDaKXES9NXWMLZv-74ciReDbe-ZMgIvA0AlQSQQG-Ig.JPEG/20260514_111104.jpg.jpg?type=w1500_60_sharpen"", ""https://pup-review-phinf.pstatic.net/MjAyNjA1MTRfMTc1/MDAxNzc4NzI0NzY5NjIw.FD-jy85rvME6WshqVzLOOK6i0Qzrhn3O30BslVWizbsg.y-UZIwA0dDEpGpEmFnzD1Z502SX_g7lRzftFWXr0yUcg.JPEG/20260514_111059.jpg.jpg?type=w1500_60_sharpen""]",0,"[""음식이 맛있어요"", ""가성비가 좋아요""]",,true,2026-09-01T05:05:45+00:00,naver_kfc-용인에버랜드_20260901T045939Z#3
naver,KFC 용인에버랜드,37747059,https://pcmap.place.naver.com/restaurant/37747059/review/visitor,6a073d3a0eede82c43b79623,ns****,4uTCV,https://m.place.naver.com/my/5effe81d05187f79123b2472/review?v=2,4.0,밖보단 못하지만 에버랜드에서 여기가 괜찮은 편 아닐까요. 자리잡기가 너무 힘들어서 문제지만.,2026-05-16,2026-04-29,1,1,"[""https://pup-review-phinf.pstatic.net/MjAyNjA1MTZfMjgx/MDAxNzc4ODU5MzIwOTU3.HkYEaWvaDdTT5D_Rp67iq46srlznaLnFxfTKdtln-xUg.1TaOdYgkrIxWbaBVtNMfkBq4HR3PHYZ67B78HV-ClwIg.JPEG/2E1D8258-0EE0-4F1A-A573-5556895CFA1D.jpeg?type=w1500_60_sharpen""]",0,"[""가성비가 좋아요""]",,true,2026-09-01T05:05:45+00:00,naver_kfc-용인에버랜드_20260901T045939Z#4
naver,KFC 용인에버랜드,37747059,https://pcmap.place.naver.com/restaurant/37747059/review/visitor,6a3013ef6521836713474e66,물고기맹구,9VgoH,https://m.place.naver.com/my/5e9fe1f28f87a842bc96df54/review?v=2,5.0,친절하셔요 ㅎㅎ,2026-06-16,2026-06-15,1,1,"[""https://pup-review-phinf.pstatic.net/MjAyNjA2MTZfODMg/MDAxNzgxNTM1NzI0OTQx.axZC9Zne5daeO5li30QWTzUiI4zBi3gTSSdmhY-Q2FEg.MbpML-KiICSECdfMmS0vB4WxEKc4v8txl0mF_5WcOR0g.JPEG/20260615_200921.heic.jpg?type=w1500_60_sharpen""]",0,"[""음식이 맛있어요"", ""친절해요"", ""매장이 넓어요"", ""혼밥하기 좋아요"", ""뷰가 좋아요""]",,true,2026-09-01T05:05:45+00:00,naver_kfc-용인에버랜드_20260901T045939Z#5
naver,KFC 용인에버랜드,37747059,https://pcmap.place.naver.com/restaurant/37747059/review/visitor,6989bdaf0d4b3e62e07566b8,붉은개미파워뚜르,3ADAm,https://m.place.naver.com/my/5b83a9e104a5442bc533f80c/review?v=2,,"냠냠냠 에버랜드 가면 꼭 가는 KFC에요 
롤링X트레인 앞에 있어서 아이들 타고올때 들어가서 좀 쉬면서 기다리고 있어요 ㅋㅋㅋㅋ 아쉬운점 !!!!!
노후화되어있긴한데 그것보단 닭껍질튀김이 !!!!!!! 없어툐오오오오오오오오오오 ㅠㅠ 흑흑 사람 많아서 알긴 하지만 아쉬웠어요 하지만 그냥 다 존맛탱임 요기 꼭가세용 ㅋㅋㅋ 이거 먹고 밥 또 먹은건 비밀",2026-02-09,2026-02-05,1,1,"[""https://pup-review-phinf.pstatic.net/MjAyNjAyMDlfMTg2/MDAxNzcwNjM0NjY5MzA1.CbSSmP2bSsLXSsBm_KYizuy5Aj0qwnzFIDnladrXoQUg.pvpXbjO4enHTafJNf7tVOZINPgkLZllsubSSbdJa2zkg.JPEG/20260205_134922.jpg.jpg?type=w1500_60_sharpen""]",0,"[""디저트가 맛있어요"", ""특별한 메뉴가 있어요"", ""혼밥하기 좋아요"", ""아이와 가기 좋아요"", ""오래 머무르기 좋아요""]",,true,2026-09-01T05:05:45+00:00,naver_kfc-용인에버랜드_20260901T045939Z#6
naver,KFC 용인에버랜드,37747059,https://pcmap.place.naver.com/restaurant/37747059/review/visitor,6a6cb28d7b3ed931827e990c,깍뀽,78BX1,https://m.place.naver.com/my/5eff15eb1c9b02e1ea3c5ef3/review?v=2,5.0,치킨 사진이 없네용,2026-07-31,2026-07-31,3,1,"[""https://pup-review-phinf.pstatic.net/MjAyNjA3MzFfNCAg/MDAxNzg1NTA4NDkyNzYz.7MYh-iktwCr0dm1yp2kV7D9mEta3YeNYJJtUKf5XqQwg.twi0sgZOdJEv7mbzlFUyY6cSgciLTTFQAdjb6DzxmH8g.JPEG/20260731_191114.jpg.jpg?type=w1500_60_sharpen""]",0,"[""음식이 맛있어요"", ""매장이 넓어요""]",,true,2026-09-01T05:05:45+00:00,naver_kfc-용인에버랜드_20260901T045939Z#7
naver,KFC 용인에버랜드,37747059,https://pcmap.place.naver.com/restaurant/37747059/review/visitor,699e9380209bba3976f4be42,맛난맛굿굿,2z2wm,https://m.place.naver.com/my/5ba443114555640e1d555cf9/review?v=2,,맛있어요 맛있어요 맛있어요,2026-02-25,2026-02-25,2,1,"[""https://pup-review-phinf.pstatic.net/MjAyNjAyMjVfOTAg/MDAxNzcyMDAwMTI2MjU3.vZ4eg7FuHuMrJw8anj2r-s1GZAyfK01Xip1diRRlweEg._UBaBihldiWikmeLBB3MeX3Nm1VWyJSwa8eYTUlOrHgg.JPEG/CYMERA_20260225_144017.jpg.jpg?type=w1500_60_sharpen""]",0,"[""음식이 맛있어요""]",,true,2026-09-01T05:05:45+00:00,naver_kfc-용인에버랜드_20260901T045939Z#8
naver,KFC 용인에버랜드,37747059,https://pcmap.place.naver.com/restaurant/37747059/review/visitor,69eda64eed3c3be747ba598d,서린57,3pFp8,https://m.place.naver.com/my/5bfba7f49057c156f0f71487/review?v=2,5.0,편하고 좋아요,2026-04-26,2026-04-26,1,,,0,"[""음식이 맛있어요""]",,true,2026-09-01T05:05:45+00:00,naver_kfc-용인에버랜드_20260901T045939Z#9
naver,KFC 용인에버랜드,37747059,https://pcmap.place.naver.com/restaurant/37747059/review/visitor,69e3381f354a44a9314eaaf9,햄스터3230,bEvLv,https://m.place.naver.com/my/5e84ed408f87a842bce81dc8/review?v=2,5.0,,,2026-04-18,1,,,0,"[""음식이 빨리 나와요""]",,true,2026-09-01T05:05:45+00:00,naver_kfc-용인에버랜드_20260901T045939Z#10
naver,KFC 용인에버랜드,37747059,https://pcmap.place.naver.com/restaurant/37747059/review/visitor,69e35426574d7c09d415a1c7,수달30,21eRs,https://m.place.naver.com/my/5efe20e5854ca92931132d34/review?v=2,4.0,,,2026-04-16,1,,,0,"[""특별한 날 가기 좋아요""]",,true,2026-09-01T05:05:45+00:00,naver_kfc-용인에버랜드_20260901T045939Z#11
naver,KFC 용인에버랜드,37747059,https://pcmap.place.naver.com/restaurant/37747059/review/visitor,69a51359244a93149c7c1caf,likeru,2pVIC,https://m.place.naver.com/my/5d57ce231fcbb63ec3f91ef6/review?v=2,,,,2026-02-28,3,,,0,"[""음식이 맛있어요""]",,true,2026-09-01T05:05:45+00:00,naver_kfc-용인에버랜드_20260901T045939Z#12
naver,KFC 용인에버랜드,37747059,https://pcmap.place.naver.com/restaurant/37747059/review/visitor,69550a91bc83926f0fdac67a,파란기관차,gOM1,https://m.place.naver.com/my/5d55f239cfdb83345990239e/review?v=2,,,,2025-12-30,1,,,0,"[""음식이 맛있어요""]",,true,2026-09-01T05:05:45+00:00,naver_kfc-용인에버랜드_20260901T045939Z#13
naver,KFC 용인에버랜드,37747059,https://pcmap.place.naver.com/restaurant/37747059/review/visitor,69f40c67d556c72ecf093510,초코초코80,3ity5,https://m.place.naver.com/my/5efe8d1735e32560edab0874/review?v=2,5.0,,,2026-05-01,1,,,0,"[""음식이 맛있어요""]",,true,2026-09-01T05:05:45+00:00,naver_kfc-용인에버랜드_20260901T045939Z#14
naver,KFC 용인에버랜드,37747059,https://pcmap.place.naver.com/restaurant/37747059/review/visitor,68a993b994b635b6b1525988,플라잉뇽,1VobK,https://m.place.naver.com/my/5fff70d4b278f15f2b324171/review?v=2,,,,2025-08-23,1,,,0,"[""음식이 맛있어요""]",,true,2026-09-01T05:05:45+00:00,naver_kfc-용인에버랜드_20260901T045939Z#15
naver,KFC 용인에버랜드,37747059,https://pcmap.place.naver.com/restaurant/37747059/review/visitor,68a9938d99d37335cccc12a9,쏘쿨정29,2ljtM,https://m.place.naver.com/my/5bfa9f73e168e06c4fbdf945/review?v=2,,,,2025-08-23,1,,,0,"[""음식이 빨리 나와요""]",,true,2026-09-01T05:05:45+00:00,naver_kfc-용인에버랜드_20260901T045939Z#16
naver,KFC 용인에버랜드,37747059,https://pcmap.place.naver.com/restaurant/37747059/review/visitor,68f0d9eb91af70dcf4d90a9a,영원맘75,ZQ0I,https://m.place.naver.com/my/5eace86f8f87a842bc67aa49/review?v=2,,,,2025-10-14,1,,,0,"[""음식이 맛있어요""]",,true,2026-09-01T05:05:45+00:00,naver_kfc-용인에버랜드_20260901T045939Z#17
naver,KFC 용인에버랜드,37747059,https://pcmap.place.naver.com/restaurant/37747059/review/visitor,684ceb5da5ed84333e9a9de3,현재지인행형,4e6tH,https://m.place.naver.com/my/5dc501b28f87a842bc931778/review?v=2,,,,2025-06-14,1,,,0,"[""음식이 맛있어요""]",,true,2026-09-01T05:05:45+00:00,naver_kfc-용인에버랜드_20260901T045939Z#18
naver,KFC 용인에버랜드,37747059,https://pcmap.place.naver.com/restaurant/37747059/review/visitor,68bad01b5297d7b39d9cf3ed,댕스룸,ckLll,https://m.place.naver.com/my/5e6dbca78f87a842bc010c7b/review?v=2,,,,2025-08-26,1,,,0,"[""매장이 넓어요"", ""친절해요""]",,true,2026-09-01T05:05:45+00:00,naver_kfc-용인에버랜드_20260901T045939Z#19
naver,KFC 용인에버랜드,37747059,https://pcmap.place.naver.com/restaurant/37747059/review/visitor,6a01bad6a16fb264407374dd,sjhan701,2nAZN,https://m.place.naver.com/my/60a860354245d592a939560a/review?v=2,4.5,좋아요,2026-05-11,2026-04-25,1,,,0,"[""음식이 맛있어요"", ""재료가 신선해요""]",,true,2026-09-01T05:05:45+00:00,naver_kfc-용인에버랜드_20260901T045939Z#20
naver,KFC 용인에버랜드,37747059,https://pcmap.place.naver.com/restaurant/37747059/review/visitor,69e30d32479a3b3fe4264983,dydgus0691,uRMG,https://m.place.naver.com/my/5dae57248f87a842bc2553a7/review?v=2,5.0,,2026-04-18,2026-04-13,1,1,"[""https://pup-review-phinf.pstatic.net/MjAyNjA0MThfMTcx/MDAxNzc2NDg3NzI4MzEw.20_KalCBOAVIGFyefa-lsVR6RWFfqh8RGr5rTBm6GKEg.wY8fCkPDRzINB3OrjA_3Y1EHOG5ZvkTAIGW48EMPcWIg.JPEG/D6AE1C82-D6F5-43F5-88BD-47549F59E271.jpeg?type=w1500_60_sharpen""]",0,"[""매장이 넓어요"", ""친절해요"", ""좌석이 편해요""]",,true,2026-09-01T05:05:45+00:00,naver_kfc-용인에버랜드_20260901T045939Z#21
naver,KFC 용인에버랜드,37747059,https://pcmap.place.naver.com/restaurant/37747059/review/visitor,686a14ef3a66a9fc5f12a93f,yasuda,3RznQ,https://m.place.naver.com/my/5d0c8adfe773a8ee890c6dfe/review?v=2,,,,2025-06-23,1,,,0,"[""음식이 맛있어요""]",,true,2026-09-01T05:05:45+00:00,naver_kfc-용인에버랜드_20260901T045939Z#22
naver,온더보더 에버랜드점,1125315649,https://pcmap.place.naver.com/restaurant/1125315649/review/visitor,6a6f93a239535e685ae6361e,꼬꼬나S2,5V4Fc,https://m.place.naver.com/my/5efeae2fafcca6e20afdb08e/review?v=2,5.0,"에버랜드에 놀러갔다가 내부에 위치한 온더보더에 저녁식사를 하러 방문했어요! 무척이나 더운 여름이었는데 에어컨이 정말 시원하게 틀어져있어서 너무너무 반갑게 들어갔습니다 🥵🥵🥵 매장도 굉장히 넓어서, 주말이었는데도 자리잡기 수월했어요! 저희는 또띠아4장, 스테이크샐러드, 퀘사디아가 나오는 커플세트를 주문했는데 기본으로 나쵸도 나와서 세명이었는데도 양이 충분했어요. 특히 나쵸와 곁들일 토마토소스가 타음식점들과는 다르게 조미료가 별로 안들어간것처럼 생토마토의 향이 많이 느껴져서 더 상큼하고 물리지 않았던 것 같아요 👍🏻👍🏻 퀘사디아도 정말 맛있었고 샐러드 드레싱도 기본드레싱 이외에 다른 종류로 더 챙겨주셨어요! 다들 정말 친절하셨고 멕시칸 스타일의 내부 인테리어도 귀여웠습니다! 에버랜드 맛집으로 추천해요 👍🏻👍🏻",2026-08-03,2026-08-01,1,3,"[""https://pup-review-phinf.pstatic.net/MjAyNjA4MDNfMTIw/MDAxNzg1Njk2NzU4NjM1.fsrbdO9xF-98JFuqE97I-laTXyV-m9tCLoJlCu8xikcg.ERnMN7jr6pSiSAd4wzOExNPYn-GQS5MqiwB-DPmdFNQg.JPEG/IMG_1006.jpeg?type=w1500_60_sharpen"", ""https://pup-review-phinf.pstatic.net/MjAyNjA4MDNfMjA1/MDAxNzg1Njk2NzU4NjI3.rPsTxRtMuSVpvVX-AZzfP_mnzsgGH1F4mgopLsYJCZYg.v2dghVx6uyfOSDESNhoxQcvE-coWJKU-S-Q4RiScBwYg.JPEG/IMG_1004.jpeg?type=w1500_60_sharpen"", ""https://pup-review-phinf.pstatic.net/MjAyNjA4MDNfMTc5/MDAxNzg1Njk2NzU4NzAw.z9_U62ds0sk6a4sg9QyGqUMMDXiBCcISaRNNrv0eK3sg.ORrbAP32p8eA_0VPsGuvAEuUw38HOHKpsDD3qR9aXsog.JPEG/IMG_1007.jpeg?type=w1500_60_sharpen""]",0,"[""음식이 맛있어요"", ""특별한 메뉴가 있어요"", ""메뉴 구성이 알차요"", ""매장이 넓어요"", ""인테리어가 멋져요""]",,true,2026-09-01T05:07:46+00:00,naver_온더보더-에버랜드점_20260901T045939Z#0
naver,온더보더 에버랜드점,1125315649,https://pcmap.place.naver.com/restaurant/1125315649/review/visitor,6a842ab539580a63a7b5689f,뾰로로롱65,2buPHp,https://m.place.naver.com/my/633237992bfe11242232f22a/review?v=2,5.0,아이가 나가기전 뭔가 먹고 싶어해서 입구쪽 타코가 땡긴다기에 먹으며 걷기는 어려울듯하여 물어보니 홀에서 드셔도된다기에 타코 두개 주문!! 아이 후딱 먹이고 가려고했는데 나쵸도 챙겨주셔서 감동~ 서비스 짱이고 친절하셔요♡ 넘맛있게 먹었다고해서 담에또오면 요기로 식사할곳 찜꽁 입니다,2026-08-18,2026-08-15,1,3,"[""https://pup-review-phinf.pstatic.net/MjAyNjA4MThfMTY1/MDAxNzg3MDQ2NTgwMjA0.O3B6W3UAUyjfq98QHKlWx3Dt2-GccpMlllHbS67YQ-Mg.WzZ59CU8k7d4gE5FjVsEvPdYul41E0lU_CJY3AWsAOYg.JPEG/20260815_190647.jpg.jpg?type=w1500_60_sharpen"", ""https://pup-review-phinf.pstatic.net/MjAyNjA4MThfMjA4/MDAxNzg3MDQ2NTgwMTAy.UxbadX2CeOMm3Hr7v_5GRs3rLsOM2YUtAdsDFlw3CvYg.uOWVG72oXydm5mNFD7afYlM4HePqlETiFTsRO5pdgZcg.JPEG/20260815_190454.jpg.jpg?type=w1500_60_sharpen"", ""https://pup-review-phinf.pstatic.net/MjAyNjA4MThfNTgg/MDAxNzg3MDQ2NTgwMjEx.OlBWiqhQRuhL1-20xY6pnuS3TnZJ-eMPKiy0VEmCJFEg.Y3NiTGitLWrUlYz6TBgN_p17yQrXHDv3W1qvFhosMUAg.JPEG/20260815_190649.jpg.jpg?type=w1500_60_sharpen""]",0,"[""음식이 맛있어요"", ""매장이 넓어요"", ""친절해요"", ""매장이 청결해요"", ""아이와 가기 좋아요""]",,true,2026-09-01T05:07:46+00:00,naver_온더보더-에버랜드점_20260901T045939Z#1
naver,온더보더 에버랜드점,1125315649,https://pcmap.place.naver.com/restaurant/1125315649/review/visitor,6a8e68d20a753eb24730f2aa,Lllmm,lz47,https://m.place.naver.com/my/5ec22ef58f87a842bc5eabba/review?v=2,0.5,"부리또 스테이크, 타코, 무알콜음료 주문했습니다. 타코는 포크가 가장 맛있었고 나머지는 전반적으로 무난했어요.
그런데 부리또 스테이크는 정말 아쉬웠습니다. 남편이 먼저 한입 먹었는데 육회 맛이 난다고 해서 확인해보니 고기가 거의 익지 않은 상태였어요. 직원분께서는 미디움레어 정도라고 하셨지만, 제가 보기에는 미디움레어라고 하기 어려울 정도로 생고기로 보였습니다.
그래서 다시 조리해달라고 요청했고 기다렸다가 받았는데, 상태가 거의 그대로였습니다. 한 번 더 말씀드렸는데도 결국 사진과 비슷한 상태였고, 두번이나 말했는데  제대로 다시 조리한 게 아니라 오븐에 잠깐 넣었다 나온 것처럼 보였어요. 음식 자체도 따뜻하지 않았고요.
결국 귀찮기도 해서 그냥 나왔는데 아무리생각해도 조리방식이나 대처가 이해가 안가네요",2026-08-26,2026-08-19,1,3,"[""https://pup-review-phinf.pstatic.net/MjAyNjA4MjZfMTcx/MDAxNzg3NzE3ODQwMDIz.n68Ao3gT3FBbdQHstGaSBdgKlc6GdHrSY3K5zX3nPY8g.egEVqDqE3zK9XYUzBxQnynWhJls-Fcm9XcCq6UjgitUg.JPEG/20260819_192151.jpg.jpg?type=w1500_60_sharpen"", ""https://pup-review-phinf.pstatic.net/MjAyNjA4MjZfNzkg/MDAxNzg3NzE3ODM5OTg1.G_e885RYbftV7MV68Jmvem9NfykohEAc2dfDRNqfIlYg.pLSTjhihHVzxeqbq-6HJbverqPTtrfMhnGmQNzLDOT0g.JPEG/video_thumbnail.jpg"", ""https://pup-review-phinf.pstatic.net/MjAyNjA4MjZfMjU5/MDAxNzg3NzE3ODQwMDIz.mJ7UjVcu0U4Ah8Dpviu9wMG3xsHlUCGl_0wcD-S7xcAg.MtHReovMy7UTB2kJHXI_cOdbp6nWaA1A9RQRuc5UbWMg.JPEG/video_thumbnail.jpg""]",1,"[""인테리어가 멋져요""]",,true,2026-09-01T05:07:46+00:00,naver_온더보더-에버랜드점_20260901T045939Z#2
naver,온더보더 에버랜드점,1125315649,https://pcmap.place.naver.com/restaurant/1125315649/review/visitor,6a3e1ad04d78ebc9e99b7236,단감이아빠,32YFQ,https://m.place.naver.com/my/5e982ea18f87a842bc343f7d/review?v=2,5.0,"이틀동안 두번 갔습니다.
맛있고 좋습니다.
추천합니다.",2026-06-26,2026-06-25,1,2,"[""https://pup-review-phinf.pstatic.net/MjAyNjA2MjZfMTU5/MDAxNzgyNDU0OTkwMTM4.5dzUgmfApjZZNtFrG6gXXIT2hNrBymMlCPB8bHCgW84g.9yewMXgu4RSvzHvzKRFtcHFAZPRpjwz1TgX4yobUUNog.JPEG/2CF06502-EB75-4109-8D01-7FA79750C7CC.jpeg?type=w1500_60_sharpen"", ""https://pup-review-phinf.pstatic.net/MjAyNjA2MjZfMTc0/MDAxNzgyNDU0OTg5NDk5.Qnz6RAh-ShUwWbaYsL6gdGgQm-hK0Brq5kwtM2Zn-VEg.YTdgR7-Rk4eHrPsVPk1f5WCQ_LUnhwNrZO7SkRIru8Yg.JPEG/BB98EF1B-7E8E-4E25-8F83-6EBDC0AC4E74.jpeg?type=w1500_60_sharpen""]",0,"[""음식이 맛있어요"", ""재료가 신선해요"", ""양이 많아요"", ""기본 안주가 좋아요"", ""메뉴 구성이 알차요""]",,true,2026-09-01T05:07:46+00:00,naver_온더보더-에버랜드점_20260901T045939Z#3
naver,온더보더 에버랜드점,1125315649,https://pcmap.place.naver.com/restaurant/1125315649/review/visitor,6a2abc436dc7693f848264d4,또떠나유,XZ0s,https://m.place.naver.com/my/5eff09c97a3924f9464c2a15/review?v=2,3.0,"와 이곳은..방문 다시는 안할거같아요^^;;
일단 사람 수 대비 직원분이 너무 부족해요

뭔가 기본적인 것도 챙기기가 너무 어려운..?
테이블 남는데 직원분 부족해서 웨이팅이 발생합니다..

뭔가 휑한느낌이 나고 음식도 알찬느낌이 아니라서..웨이팅 대비 조금 아쉽다고 느꼈습니다",2026-06-11,2026-05-04,1,3,"[""https://pup-review-phinf.pstatic.net/MjAyNjA2MTFfMTA3/MDAxNzgxMTg1NjAxNTQz.od-DDHBdgiWR8cAgIzrH6d-6gC-xz5mJVz6DifSgG9Ig.FezNiBKPLuNgqraqh-0Y-qOOcbly3HH2zVus2za1IVkg.JPEG/C34BE335-6C95-47B9-BDCD-C3C840D191BC.jpeg?type=w1500_60_sharpen"", ""https://pup-review-phinf.pstatic.net/MjAyNjA2MTFfMjYz/MDAxNzgxMTg1NjAxNjYx.JPQ9hYH8ZGi3y5-r30qFkDeuoiKZrgrBJ9brHEwC4LAg.5ZTLLx2-g9t9M2h3MuvXUg-EaHCpjPGzGosA7cLwoMUg.JPEG/95B41A86-907A-40F1-993B-114E082AEE45.jpeg?type=w1500_60_sharpen"", ""https://pup-review-phinf.pstatic.net/MjAyNjA2MTFfOTcg/MDAxNzgxMTg1NjAxNjc4.KV_U-aK9UsExtO3-AOGLmeq6HQZIyEx4KgBROFgvwZsg.FVz_C10cVwiFZzYRDNFrArKZLXrmMG6yHH2tjDXqjjog.JPEG/55959B9D-E2BD-4034-B4B1-3677E51635F5.jpeg?type=w1500_60_sharpen""]",0,"[""매장이 넓어요""]",,true,2026-09-01T05:07:46+00:00,naver_온더보더-에버랜드점_20260901T045939Z#4
naver,온더보더 에버랜드점,1125315649,https://pcmap.place.naver.com/restaurant/1125315649/review/visitor,69fad6bc68ac5d619c4cea65,shi****,5mqzz,https://m.place.naver.com/my/5da48b7f8f87a842bcad63c0/review?v=2,5.0,매장이 넓고 음식 빨리 나와요. 맛있움!,2026-05-06,2026-05-04,1,1,"[""https://pup-review-phinf.pstatic.net/MjAyNjA1MDZfMyAg/MDAxNzc4MDQ2NjUwMzU0.xWcXPbJOBq9-lcWo3OeBB5usG5RNcibHqUdXMp5ARUAg.E4OfxxFGl-7TH7QGtr3NlJ6AafPmXcEu-1ChxxoYNmYg.JPEG/F1736F34-771B-4DFB-8CDA-D6BC9C1C3F1A.jpeg?type=w1500_60_sharpen""]",0,"[""음식이 맛있어요"", ""재료가 신선해요"", ""양이 많아요"", ""특별한 메뉴가 있어요"", ""컨셉이 독특해요""]",,true,2026-09-01T05:07:46+00:00,naver_온더보더-에버랜드점_20260901T045939Z#5
naver,온더보더 에버랜드점,1125315649,https://pcmap.place.naver.com/restaurant/1125315649/review/visitor,69e9c95b77230ef7f235b617,honeynic7,3d9bI,https://m.place.naver.com/my/5d0c7f85f79f664e329f8a20/review?v=2,5.0,"정신없이 먹느라 다 비운사진 뿐입니다 ㅜㅜ
작년에 넘 친절하셔서 감동받았던 직원분 썸머님 올해도 여전히 이쁘고 친절하시네요 바싹한 타코가 넘 맛나서 세접시를 비우고도 또 리필해주셔서 넘넘 감사해요 존맛탱",2026-04-23,2026-04-23,1,,,1,"[""음식이 맛있어요"", ""양이 많아요"", ""매장이 넓어요"", ""친절해요""]",,true,2026-09-01T05:07:46+00:00,naver_온더보더-에버랜드점_20260901T045939Z#6
naver,온더보더 에버랜드점,1125315649,https://pcmap.place.naver.com/restaurant/1125315649/review/visitor,693ec2515fd32bb7a3898f88,홍쏘맘,2QPJj,https://m.place.naver.com/my/5e4ca1e68f87a842bc4b13a2/review?v=2,,"에버랜드갔다가 키즈메뉴 입간판에 홀려 입장했어요
키즈메뉴는 함박스테이크 버전과 퀘사디아+텐더 세트 2가지였는데 퀘사디아는 치즈만 들어있어서 치즈튀김 느낌입니다
볶음밥은..반찬 느낌이예요
한식파 아들은 간식느낌으로 드시더라구요🤣
타코는 사진을 못찍었는데 양이 좀 당황스러웠네요😅
그래도 부리또는 꽤 든든합니다! (배고플땐 브리또 추천해요)
에버랜드 내 식당이다보니 가성비는 기대하지 않고 방문했는데 음식은 맛있었고 솜할인되서 그래도 괜찮았어요!
남은 음식이나 음료는 포장해주셔서 좋았습니다",2025-12-14,2025-12-14,1,2,"[""https://pup-review-phinf.pstatic.net/MjAyNTEyMTRfMTY0/MDAxNzY1NzIwNjU1NDM1.LsH4aI7Aoc-IVRHLUbArl92TEX7GNsJfckWL_yuu-A4g.apxPOqQzmnhzoY0Ix39zmr9iUd4E4Jsfv_oNVRPSctcg.JPEG/1000055422.jpg.jpg?type=w1500_60_sharpen"", ""https://pup-review-phinf.pstatic.net/MjAyNTEyMTRfMjg1/MDAxNzY1NzIwNjU1NDAy.mmQ8rMxEMllwqM5LmR3HF_J0n7x2heL09QWL-XUOqywg.mOVbm-g03WDivC_yZ8CtfmiGzJdAHbPtH1G_oPtyvAcg.JPEG/1000055421.jpg.jpg?type=w1500_60_sharpen""]",1,"[""음식이 맛있어요"", ""매장이 넓어요"", ""아이와 가기 좋아요""]",,true,2026-09-01T05:07:46+00:00,naver_온더보더-에버랜드점_20260901T045939Z#7
naver,온더보더 에버랜드점,1125315649,https://pcmap.place.naver.com/restaurant/1125315649/review/visitor,69dcee6af31e2439b39b9fb1,맥시멀리스트 쮸,auBQx,https://m.place.naver.com/my/5cb70ad82fd85703ac8d7d56/review?v=2,0.5,"에버랜드를 1년에 8번갑니다. 
갈때마다 온더보더를 갑니다. 
이제다시는안갑니다. 

최악중에 최악
온더보더를 가고싶으면 다른지점을 가세요. 
제발제발",2026-04-13,2026-04-10,1,,,0,"[""컨셉이 독특해요""]",,true,2026-09-01T05:07:46+00:00,naver_온더보더-에버랜드점_20260901T045939Z#8
naver,온더보더 에버랜드점,1125315649,https://pcmap.place.naver.com/restaurant/1125315649/review/visitor,69072bf01690dea8469d1585,맛집따라길따라,3dWI5,https://m.place.naver.com/my/5c1f774b17ee35ab4c0fd757/review?v=2,,"에버랜드 입구에 있는 맥시코음식 식당이에요. 
아르바이트생이 아주 친절합니다.
에이드주문하면 탄산음료로 리필가능하고, 
탄산음료만 주문해도 리필가능합니다. 
맛있습니다.",2025-11-02,2025-11-01,1,5,"[""https://pup-review-phinf.pstatic.net/MjAyNTExMDJfMTE5/MDAxNzYyMDc3NTY1ODIw.FmbU7vOnJ67H1sh0Yqy1b4IrV81OTw0vuVZQHKOhiWog.145Kt0IM8vplakGYOXVSnGLn553kAZagbk1Mgy_r0xUg.JPEG/20251101_124431.jpg.jpg?type=w1500_60_sharpen"", ""https://pup-review-phinf.pstatic.net/MjAyNTExMDJfNDQg/MDAxNzYyMDc3NTY2MTEx.4f65yWdHWJC6pzpLyIBIlibtELN6XVwooO5EXUoi6S8g.Y4CTWOOQCpr-YJlZUTwok4h_Elj3elXLcGzj0TZWv7sg.JPEG/20251101_124324.jpg.jpg?type=w1500_60_sharpen"", ""https://pup-review-phinf.pstatic.net/MjAyNTExMDJfMjc3/MDAxNzYyMDc3Njc4Mzk0.rPDy9I2yuDkWuCv19a6Og186JC3Sx_Fs4Y-nhUoz_cIg.OWU_pXyI6yBb065eyt2mSl2WW9ORU8JssealyqyL0Csg.JPEG/20251101_132516.jpg.jpg?type=w1500_60_sharpen"", ""https://pup-review-phinf.pstatic.net/MjAyNTExMDJfMzQg/MDAxNzYyMDc3NTY0NDQ2.Qno3TmVJOTJK8zFIZ7gkwhg7oXIwEaAdI96hfbnORe8g.nbQGavw0bzWq_cJ5wwLrJn2mYZFxkh3JYZW9I8i6Yk0g.JPEG/1761970883635.jpg.jpg?type=w1500_60_sharpen"", ""https://pup-review-phinf.pstatic.net/MjAyNTExMDJfMTMw/MDAxNzYyMDc3NTY2Mzk2.L3l0-4FY9kmpCx-wO6Vzv98TWpCBHlwTO5lpKbRs9Rcg.ZmCJP9kZU4rhIqp6p5LWEYnA2e1NeahwXtdutNxZbzsg.JPEG/20251101_131620.jpg.jpg?type=w1500_60_sharpen""]",0,"[""음식이 맛있어요"", ""양이 많아요"", ""특별한 메뉴가 있어요"", ""매장이 넓어요"", ""좌석이 편해요""]",,true,2026-09-01T05:07:46+00:00,naver_온더보더-에버랜드점_20260901T045939Z#9
naver,온더보더 에버랜드점,1125315649,https://pcmap.place.naver.com/restaurant/1125315649/review/visitor,6a1127e0e35e80b8949a8ba5,iam지은,4kiAy,https://m.place.naver.com/my/5dd8871e9ec8258e4acdcab1/review?v=2,5.0,,,2026-05-23,1,,,0,"[""음식이 맛있어요""]",,true,2026-09-01T05:07:46+00:00,naver_온더보더-에버랜드점_20260901T045939Z#10
naver,온더보더 에버랜드점,1125315649,https://pcmap.place.naver.com/restaurant/1125315649/review/visitor,699d085eaf188f95e5bb712a,미리내조은쌤,2BAiN,https://m.place.naver.com/my/609376fb973b3fc2461e6f9e/review?v=2,,,,2026-02-19,1,,,0,"[""양이 많아요""]",,true,2026-09-01T05:07:46+00:00,naver_온더보더-에버랜드점_20260901T045939Z#11
naver,온더보더 에버랜드점,1125315649,https://pcmap.place.naver.com/restaurant/1125315649/review/visitor,689efe52edb6dde7f6b1448e,mickaa,1ok7y,https://m.place.naver.com/my/5c1477ba95b550577499e8c4/review?v=2,,,,2025-08-15,1,,,0,"[""음식이 맛있어요""]",,true,2026-09-01T05:07:46+00:00,naver_온더보더-에버랜드점_20260901T045939Z#12
naver,온더보더 에버랜드점,1125315649,https://pcmap.place.naver.com/restaurant/1125315649/review/visitor,684c0ddaf6e8569a75c46d9e,파란또잉,2r3hm,https://m.place.naver.com/my/5f0558212f90b7de3537409f/review?v=2,,,,2025-04-24,1,,,0,"[""음식이 맛있어요""]",,true,2026-09-01T05:07:46+00:00,naver_온더보더-에버랜드점_20260901T045939Z#13
naver,온더보더 에버랜드점,1125315649,https://pcmap.place.naver.com/restaurant/1125315649/review/visitor,68b9b81cca5950c2e9c0a00a,JH2097,aV95m,https://m.place.naver.com/my/5e0719c98f87a842bc05efdd/review?v=2,,,,2025-09-04,1,,,0,"[""음식이 맛있어요""]",,true,2026-09-01T05:07:46+00:00,naver_온더보더-에버랜드점_20260901T045939Z#14
naver,온더보더 에버랜드점,1125315649,https://pcmap.place.naver.com/restaurant/1125315649/review/visitor,6730ba5d2a1bc93df473c823,강숑키,A3sj,https://m.place.naver.com/my/5d29b07a7e8b908fce252b71/review?v=2,,,,2024-11-08,1,,,0,"[""음식이 맛있어요"", ""재료가 신선해요"", ""매장이 넓어요"", ""친절해요"", ""매장이 청결해요""]",,true,2026-09-01T05:07:46+00:00,naver_온더보더-에버랜드점_20260901T045939Z#15
naver,온더보더 에버랜드점,1125315649,https://pcmap.place.naver.com/restaurant/1125315649/review/visitor,67b1c5b5f0288eac655567da,연이101동,jyG3,https://m.place.naver.com/my/5eeffa8c8f87a842bcd0b6f5/review?v=2,,,,2025-02-16,1,,,0,"[""매장이 넓어요""]",,true,2026-09-01T05:07:46+00:00,naver_온더보더-에버랜드점_20260901T045939Z#16
naver,온더보더 에버랜드점,1125315649,https://pcmap.place.naver.com/restaurant/1125315649/review/visitor,671a5d7bf287ce73063ede03,재리1938,4Wv44,https://m.place.naver.com/my/5b9b3b213d4695e6232f6988/review?v=2,,,,2024-10-16,1,,,0,"[""음식이 맛있어요"", ""매장이 넓어요"", ""친절해요""]",,true,2026-09-01T05:07:46+00:00,naver_온더보더-에버랜드점_20260901T045939Z#17
naver,온더보더 에버랜드점,1125315649,https://pcmap.place.naver.com/restaurant/1125315649/review/visitor,675e5605d98d56c948c01e44,방방곡곡돌순이,1TsP6,https://m.place.naver.com/my/5efeae1b670bd5c7e12121f9/review?v=2,,,,2024-10-30,1,,,0,"[""음식이 맛있어요""]",,true,2026-09-01T05:07:46+00:00,naver_온더보더-에버랜드점_20260901T045939Z#18
naver,온더보더 에버랜드점,1125315649,https://pcmap.place.naver.com/restaurant/1125315649/review/visitor,66f40f5a6a88d6d5fdfe40e0,코튼김,6KUaX,https://m.place.naver.com/my/5d88d0d08f87a842bcd19562/review?v=2,,,,2024-09-23,1,,,0,"[""매장이 넓어요"", ""음식이 맛있어요""]",,true,2026-09-01T05:07:46+00:00,naver_온더보더-에버랜드점_20260901T045939Z#19
naver,온더보더 에버랜드점,1125315649,https://pcmap.place.naver.com/restaurant/1125315649/review/visitor,69511f03f229656b8140d8aa,히그히그왕국,387yf,https://m.place.naver.com/my/5e1084618f87a842bc15c91d/review?v=2,,좋아용,2025-12-28,2025-12-25,1,1,"[""https://pup-review-phinf.pstatic.net/MjAyNTEyMjhfMjM2/MDAxNzY2OTI0MDMzNjEw.LWm619Ns7EegmvM7X96yB8qfse6lN0ZfShvYWCWvrY4g.-TPn1nCg9mKWcg_M9UqLNPpebCP6rIqAMjif6Oa4O0Mg.JPEG/137EBC2A-18DE-494D-A778-8B7E066DD02F.jpeg?type=w1500_60_sharpen""]",0,"[""음식이 맛있어요"", ""양이 많아요""]",,true,2026-09-01T05:07:46+00:00,naver_온더보더-에버랜드점_20260901T045939Z#20
naver,온더보더 에버랜드점,1125315649,https://pcmap.place.naver.com/restaurant/1125315649/review/visitor,66fe2f6f3201b24448ae8c75,yalgae,48Pyd,https://m.place.naver.com/my/5f053663cdcc351128b89f44/review?v=2,,,,2024-10-01,1,,,0,"[""인테리어가 멋져요"", ""매장이 넓어요""]",,true,2026-09-01T05:07:46+00:00,naver_온더보더-에버랜드점_20260901T045939Z#21
naver,쿠치나마리오,1401139141,https://pcmap.place.naver.com/restaurant/1401139141/review/visitor,6950b40b84a6208b22f509f6,절대미각미식가,4pMxJ,https://m.place.naver.com/my/5d6c8b398f87a842bc5b655f/review?v=2,,에버랜드 왔다가 피자 생각 나서 왔어요. 피자가 맛있어요.,2025-12-28,2025-12-28,1,3,"[""https://pup-review-phinf.pstatic.net/MjAyNTEyMjhfMjA2/MDAxNzY2ODk2NjQ5NzAz.DXYHt2AaIddFn0rN3AzK14FYc_xSTF7HC5y82jS9pgsg.dPnD47p3CFVwS-wtQMXdFoKMZ2Nfykqv-B-0U8X2a3Ig.JPEG/20251228_124107.jpg.jpg?type=w1500_60_sharpen"", ""https://pup-review-phinf.pstatic.net/MjAyNTEyMjhfMyAg/MDAxNzY2ODk2NjQ5NDIy.RdZKVicuNSaNPQwzBwhJFhn0nvEQOolyaajVKN_pH24g.qdDJz9FM9ggOvN5zR5W0PHFyJLXFPVFIBj0T3zujmpAg.JPEG/20251228_124310.jpg.jpg?type=w1500_60_sharpen"", ""https://pup-review-phinf.pstatic.net/MjAyNTEyMjhfMjkx/MDAxNzY2ODk2NjQ5NDU1.CReI35ojy5Nx9D20mrrOjkUpoG4QZecxOUZ1aVUnmzYg.wNf8mJktVtLPVhW5WQYGIizxZXBwTtUqC6WXQ9NSyJAg.JPEG/20251228_124104.jpg.jpg?type=w1500_60_sharpen""]",0,"[""음식이 맛있어요"", ""친절해요"", ""매장이 청결해요""]",,true,2026-09-01T05:10:46+00:00,naver_쿠치나마리오_20260901T045939Z#0
naver,쿠치나마리오,1401139141,https://pcmap.place.naver.com/restaurant/1401139141/review/visitor,68308782d3c9b62397bd1900,미라클언니50,68Vps,https://m.place.naver.com/my/5c2e2618af30567f14fd7d60/review?v=2,,에버랜드는 영원함과 자연의포근함을 결합한이름으로  항상 휴일처럼 즐거운 공간을 의미합니다😍🥰💙꿈과 환상의나라   아이들의즐거움과추억을 만들수있는곳  에버랜드입니다💙🥰놀이기구도많고 다양하며 볼거리가많아서  아이들이 가장가고싶어하는곳 1위 에버랜드죠😇에버랜드에 한국의꽃  축제와 정윈 아름다운 테마정원을 즐길수 있어요🤩🩵네이버로 예약도 가능하고  평일에오면 할인도 도니 좋아요ㆍ볼걸이 많아도 대기시간은 있을수있으니  오시면 하루종일 노는게 좋은것같아요ㆍ 아이와 추억도만들어주고 평일에가니  사람도 아주 많치않아서 좋았어요ㆍ 연인과커플데이트 가족모임 단체도 오니 즐거워보여요😇🤩,2025-05-23,2025-05-21,1,20,"[""https://video-phinf.pstatic.net/20250523_195/1748010845748VzuQa_JPEG/2q7cnO78ry_03.jpg"", ""https://video-phinf.pstatic.net/20250523_175/1748010847344iKv1s_JPEG/BqjqR88peE_03.jpg"", ""https://video-phinf.pstatic.net/20250523_183/1748010849980HOeDU_JPEG/mArzniutAo_03.jpg"", ""https://video-phinf.pstatic.net/20250523_283/1748010851119VmEqQ_JPEG/96aKHmeVS1_03.jpg"", ""https://video-phinf.pstatic.net/20250523_171/1748010852294p7WsR_JPEG/SRNqSgdkw2_03.jpg"", ""https://video-phinf.pstatic.net/20250523_136/1748010860313YS36H_JPEG/pTVu6oDx7n_03.jpg"", ""https://video-phinf.pstatic.net/20250523_214/1748010864089iipWh_JPEG/dehFPayW9G_03.jpg"", ""https://pup-review-phinf.pstatic.net/MjAyNTA1MjNfMTEw/MDAxNzQ4MDEwODYyMTUx._OU5ZuOAXSe7T-hiv5QWGHhBUOZGQ0Os36FbXE6SNb8g.rK78pz484fqGl5UHZLY0PxsIIsrJI3fX0oxSPhh4I0wg.JPEG/1748002574804.jpg.jpg?type=w1500_60_sharpen"", ""https://pup-review-phinf.pstatic.net/MjAyNTA1MjNfODUg/MDAxNzQ4MDEwODYzNDMx.Kw1-XrGcCMVsde-wmH-bR3B_XKowkbmJHp920DOAtN0g.GNHf6Hb8YL6uhm3tt8HvYmI617aWTM9eQWsvth5FJgQg.JPEG/1748002579924.jpg.jpg?type=w1500_60_sharpen"", ""https://pup-review-phinf.pstatic.net/MjAyNTA1MjNfMjcx/MDAxNzQ4MDEwODY0MjAx.aB0OkZtri9ABEN1uYHBMPoYgl5hdf_lrZosZd4sfHcwg.ArW-h1qBaaWrco5pREeJMKRpVslurk-7OgV9IROtC2Eg.JPEG/1748002588222.jpg.jpg?type=w1500_60_sharpen"", ""https://pup-review-phinf.pstatic.net/MjAyNTA1MjNfOTgg/MDAxNzQ4MDEwODY1MDQ1.D20KLdqManmx8IjXZBQo3freMaSjAsglHKtz8peCb9Eg.7HmLCvzKTy-l2sg3Vg2u7b96S8F_Bg7kN8aPTjQwCYIg.JPEG/1748002572197.jpg.jpg?type=w1500_60_sharpen"", ""https://pup-review-phinf.pstatic.net/MjAyNTA1MjNfMTEg/MDAxNzQ4MDEwODY1MDY2.SqAlPEZ3swHV0TX9h0Z8o855g03hSXsS0ASxRpjJEMwg.52QiPByNVoQ-RkDYszG_N68ROhxscKCWmecISi9XUEwg.JPEG/1748002604339.jpg.jpg?type=w1500_60_sharpen"", ""https://pup-review-phinf.pstatic.net/MjAyNTA1MjNfMjcw/MDAxNzQ4MDEwODY1Njkz.yFEv435csEACwBf62ekQrmj3agxTfGNtG0-9Pl1nV34g.r6emi9Cpc2gqtCSg7w5fAtCTE-VjDo_1Rh4b6zgG8jUg.JPEG/1748002609122.jpg.jpg?type=w1500_60_sharpen"", ""https://pup-review-phinf.pstatic.net/MjAyNTA1MjNfMjk3/MDAxNzQ4MDEwODY1ODIz.maWQyWpyzR3sbb_9iwU2maX-Y3jjcVQV6veiUW2oVrog.gEzzAliIYHeJS4aZzly8bfTnLLt6_vkLdclO35I290Ug.JPEG/1748002606575.jpg.jpg?type=w1500_60_sharpen"", ""https://pup-review-phinf.pstatic.net/MjAyNTA1MjNfMTY2/MDAxNzQ4MDEwODY2MzYx.V4-9mcCwWeecD-hV2QLmrfwETwlv8dcfynMsuuzAT88g.8s8kW6-k9adqBh24RFkrdWiC9a2kJiT2kG98YAWMqn0g.JPEG/1748002591491.jpg.jpg?type=w1500_60_sharpen"", ""https://pup-review-phinf.pstatic.net/MjAyNTA1MjNfMjQ1/MDAxNzQ4MDEwODY3Mjg3.FDL9Kd4MtRSSfX4af0GTmcLhmUeroWOs9iSwSdebJRog.D_6OhVQ_a3-w1Hmoc8Zq2RW0kG3dWtYkf31IDfq2J6wg.JPEG/1748002618784.jpg.jpg?type=w1500_60_sharpen"", ""https://pup-review-phinf.pstatic.net/MjAyNTA1MjNfODUg/MDAxNzQ4MDEwODY3MzU4.AZo4cfG90CIlc-C3gbOMtaoTx4J_1cRYXgbF69Q_46sg.9IIjBsl7c31jBWzF-GSOxLC3IQCU7qxshNNaH2WmiKEg.JPEG/1748002625691.jpg.jpg?type=w1500_60_sharpen"", ""https://pup-review-phinf.pstatic.net/MjAyNTA1MjNfMjc4/MDAxNzQ4MDEwODY4MDkw.mJ2vpbrf2wTld4dDXpYZSIeKNBtfxZzGVSK8GadErLMg.fp1mnae6r0TPdKXfCABEHnw9n10aiKtVVZwes1-iTUcg.JPEG/1748002630493.jpg.jpg?type=w1500_60_sharpen"", ""https://pup-review-phinf.pstatic.net/MjAyNTA1MjNfMjgz/MDAxNzQ4MDEwODY4MzAz.1bPHrWhcdDguuiCdcmVSTtwfQ2pwm96wTP_24JgZWfog.jX8Ij9H8A8neRwtY4Z0_L-dvQdVSB5ZsFpwWf1P1-Fsg.JPEG/1748002637202.jpg.jpg?type=w1500_60_sharpen"", ""https://pup-review-phinf.pstatic.net/MjAyNTA1MjNfMjA1/MDAxNzQ4MDEwODY4NDUx.OM1-VsibR3Me9bOusjG87vKNvNj3Sch519dluj2MDtcg.NyeBQfeZQUgVBo_RApwGHp3hgRupTGFqLmt5yfLYGAog.JPEG/1748002633093.jpg.jpg?type=w1500_60_sharpen""]",3,"[""음식이 맛있어요"", ""재료가 신선해요"", ""뷰가 좋아요"", ""친절해요"", ""특별한 날 가기 좋아요""]",,true,2026-09-01T05:10:46+00:00,naver_쿠치나마리오_20260901T045939Z#1
naver,쿠치나마리오,1401139141,https://pcmap.place.naver.com/restaurant/1401139141/review/visitor,688c2d29eb43c935899d0549,예민한 포메,bo9Kn,https://m.place.naver.com/my/5decf9dd8f87a842bcd9634c/review?v=2,,"일모카드 50%할인되고 맛있고 재료가 풍부해서 에버 갈때마다 찾는 곳이에요
한켠에 판매가능한 상품이 전시되어 있어 음식 기다릴때 지루하지 않게 구경할 수 있어서 좋았어요",2025-08-01,2025-06-14,3,3,"[""https://pup-review-phinf.pstatic.net/MjAyNTA4MDFfMjQx/MDAxNzU0MDE3MDYzNjYz.AiUPs9X6WLDjkIVf-uhYSzYBkQMbw69ThIWBZH0RG9Mg.k5rwZuSQoIybbWEB1ienYat8rVyqE5_STzY2TVwimWgg.JPEG/20250614_142131.jpg.jpg?type=w1500_60_sharpen"", ""https://pup-review-phinf.pstatic.net/MjAyNTA4MDFfMjk3/MDAxNzU0MDE3MDYzOTQw.I4XHqWfER5dk6IH77QqbE0bJ0LiE4HUVhNDACjxBdeQg.8OLvbJX_JI1YJiLgTb474zoEMePKJTWzXxLAx-YlEOgg.JPEG/20250614_140812.jpg.jpg?type=w1500_60_sharpen"", ""https://pup-review-phinf.pstatic.net/MjAyNTA4MDFfNTQg/MDAxNzU0MDE3MDYzNjg2.1AXjKHm3mf3BBfwqyzQWUTssmq814xKkhBH2td_Zt-sg.u-cVE0cbhKmXV1FYNQslKxu1z2duNVewmjULKownRiwg.JPEG/20250614_140822.jpg.jpg?type=w1500_60_sharpen""]",0,"[""음식이 맛있어요"", ""재료가 신선해요"", ""양이 많아요"", ""가성비가 좋아요"", ""인테리어가 멋져요""]",,true,2026-09-01T05:10:46+00:00,naver_쿠치나마리오_20260901T045939Z#2
naver,쿠치나마리오,1401139141,https://pcmap.place.naver.com/restaurant/1401139141/review/visitor,6825246894ae8c17a41f9c72,gio07,20zmo,https://m.place.naver.com/my/5ee5f4de8f87a842bc7f12bb/review?v=2,,좋아요.,2025-05-15,2025-05-10,1,,,0,"[""음식이 맛있어요""]",,true,2026-09-01T05:10:46+00:00,naver_쿠치나마리오_20260901T045939Z#3
naver,쿠치나마리오,1401139141,https://pcmap.place.naver.com/restaurant/1401139141/review/visitor,6700a9607ce7e234f83f88c0,꼬다봐,1djas,https://m.place.naver.com/my/5eff4b262b86491bc1c88e81/review?v=2,,"테이블 벨이 없어  직원들 부를때 불편합니다
크림스파게티 맛있고 피자는  고르곤졸라 피자가 맛  있음  새로운 콘스위트포테이토  피자 먹어 봤는데  별로임 콘에서 아무맛도 않납니다",2024-10-05,2024-10-04,1,7,"[""https://pup-review-phinf.pstatic.net/MjAyNDEwMDVfMjc5/MDAxNzI4MDk2NTkzNzI3.JKaI5mwdrJoahv1hWL5SO1Ia65ediMEE0LUNPumV-asg.Z0ujzZLdVyupEX-KjZOxgFGAu26NKT6qFWRuSPq_ZGwg.JPEG/1000042126.jpg.jpg?type=w1500_60_sharpen"", ""https://pup-review-phinf.pstatic.net/MjAyNDEwMDVfMTc3/MDAxNzI4MDk2NTk5MDg5.ZVClPQ09ucvuomy39TpPiaMptjQh5E9W5A_qGrPj_k0g.WgH7UiJLoX_kgNzlman5FFv0JKA6rq0u3x-8bTZTne4g.JPEG/1000042125.jpg.jpg?type=w1500_60_sharpen"", ""https://pup-review-phinf.pstatic.net/MjAyNDEwMDVfOTEg/MDAxNzI4MDk2NjA2Mzkz.5Ig1vlxP4jz7aiOKTrtzm-B7qWot6L1PKPgZucR7S5cg.AgI29cAPoZxqYK6eQ-TTkimYjZLUcOAPNamj2v2xSVog.JPEG/1000042124.jpg.jpg?type=w1500_60_sharpen"", ""https://pup-review-phinf.pstatic.net/MjAyNDEwMDVfMTE5/MDAxNzI4MDk2NjA1ODQ3.ELpdSQT-DiqJCLkmJ6p99SY47fG67BD9gieKW3yp26Ig.Eg8T_r8Z0YgOzH40OmWzNOKeJf-FD7--zhfcARL7jacg.JPEG/1000042123.jpg.jpg?type=w1500_60_sharpen"", ""https://pup-review-phinf.pstatic.net/MjAyNDEwMDVfNjIg/MDAxNzI4MDk2NjA2MzUx.JYBjaOTG85GwJwz1Csb9uxPc9dpZF0LubSplY3sP08Ug.ZlkLFB91rIOf-qSZH4Nf6x5PDkiK6HQsRghQCqyOFq0g.JPEG/1000042122.jpg.jpg?type=w1500_60_sharpen"", ""https://pup-review-phinf.pstatic.net/MjAyNDEwMDVfMjY2/MDAxNzI4MDk2NjA2Njcz.ak8jmFaZp7pDco_VGCMu11dd08V6pCiV_Qw2CYrEGUMg.0nWVUEEHhWolDxYK8Y92sCG1q6Z_zkBh4qQZD-MBP94g.JPEG/1000042121.jpg.jpg?type=w1500_60_sharpen"", ""https://pup-review-phinf.pstatic.net/MjAyNDEwMDVfMjUw/MDAxNzI4MDk2NjA1MDc1.JwqMVxxFNpoJEPg033HienS8q4zD6lMumjBc7FTeMmYg.NGz0cHkZUXS4wLoNjzha1xVuGJ4nIXB-_9GzMOm14Nsg.JPEG/1000042120.jpg.jpg?type=w1500_60_sharpen""]",1,"[""음식이 맛있어요"", ""매장이 넓어요""]",,true,2026-09-01T05:10:46+00:00,naver_쿠치나마리오_20260901T045939Z#4
naver,쿠치나마리오,1401139141,https://pcmap.place.naver.com/restaurant/1401139141/review/visitor,664ec103575f5246394b08c6,Sunny911,2rYPX,https://m.place.naver.com/my/5cedf1c4a60744ea759942f5/review?v=2,,"꺄악♡에버랜드 방문할 때마다 오는 거 같아요♡
맛집 인정^~^)/날좋은 오늘은 대기 1시간이상 걸려서 입장했어요!그래도 포기 못하죠♡",2024-05-23,2024-05-23,1,13,"[""https://pup-review-phinf.pstatic.net/MjAyNDA1MjNfMTA3/MDAxNzE2NDM3MjQxODI1.DBfA3Xdy268tUCUzB4YLLdxraDKlplvX8tYMaVUYwfIg.hbbPoS5rfdDUzD21LNs9JGmdPn8BwpXM4Fg-bhooEoUg.JPEG/20240523_095408.jpg.jpg?type=w1500_60_sharpen"", ""https://pup-review-phinf.pstatic.net/MjAyNDA1MjNfMTUz/MDAxNzE2NDM3MjQ5NjQx.1z6JXtdRwyG3uD9TcQZtQ9q3vCU1ON07Bp8w3p5jVfAg.hNfkpuDczctG3TC898GBLcFOeYd-uaGclAFBGHFk3NMg.JPEG/20240523_130445.jpg.jpg?type=w1500_60_sharpen"", ""https://pup-review-phinf.pstatic.net/MjAyNDA1MjNfMTQ5/MDAxNzE2NDM5NTk5Mjc3.oiLV5eneWaIwAUlx4KSY72W9Qr9OSFfvTRM-tOuXbZIg.EEqNkKm8H0uzaGGW_fXv-2l2mnaFvKVKIR2-z8fV6Egg.JPEG/20240523_132013.jpg.jpg?type=w1500_60_sharpen"", ""https://pup-review-phinf.pstatic.net/MjAyNDA1MjNfMTIy/MDAxNzE2NDM5NTk5MjM1.WDEvq_3hjChJgRWZQs2GlFwe-Y88ID1NA1Z4tDdih8Qg.LQTX-TIy40cw_SfCSTbP-o47EwbKJmjrSdh-DuIkFt0g.JPEG/20240523_132144.jpg.jpg?type=w1500_60_sharpen"", ""https://pup-review-phinf.pstatic.net/MjAyNDA1MjNfMTQz/MDAxNzE2NDM5NTk5NDQy.ld2ljB7Z5ynk7N9Jb5b6Yl0pNsgp0yMp-m74QbNHY9cg.gpiCgvoqfp8ekI-JvSNEa3Zrnp-9ykTBpbyoV7jYDlog.JPEG/20240523_131644.jpg.jpg?type=w1500_60_sharpen"", ""https://pup-review-phinf.pstatic.net/MjAyNDA1MjNfMTIg/MDAxNzE2NDM5NTk5NDgz.aeepN2rdOgdGMEjHcYUL1rLXFoncYqe3fEHQrZ9N6zMg.Xx8700wE3LblgZHBIRnpLf3M0Og-h-PoShgn5lX_cRYg.JPEG/20240523_131647.jpg.jpg?type=w1500_60_sharpen"", ""https://pup-review-phinf.pstatic.net/MjAyNDA1MjNfNjMg/MDAxNzE2NDM5NTk5NTc1.820VXuu7Kxeg48kb_sF5XymghiqgHumj6sTC5ezCy4sg.6KdF8tPpHioEf3u7XnxO1huXzsa4j7TqQsywAzTQi8Eg.JPEG/pic_20240523_130821.jpg.jpg?type=w1500_60_sharpen"", ""https://video-phinf.pstatic.net/20240523_74/1716439602366OCYVg_JPEG/u9cRlCPOTr_03.jpg"", ""https://pup-review-phinf.pstatic.net/MjAyNDA1MjNfMTcw/MDAxNzE2NDM5NjAwNzQ3.s9pNIWPA37Sj39QoIXf7uuCYwInwHpnlKedv578TT7Mg.SZTFSgRllT57B1DZP9iuK1EpAD-5FrNOnd6FzVUKIj0g.JPEG/20240523_131942.jpg.jpg?type=w1500_60_sharpen"", ""https://pup-review-phinf.pstatic.net/MjAyNDA1MjNfMjQw/MDAxNzE2NDM5NjAwODU5.1qKN-Db6045mKF5FVD7rDdxCfJflimbzzklhH3b3p9sg.200q10MgzwCI-OcgUJLjMJAGZsU257XUIsuAEwRhNmUg.JPEG/20240523_134111.jpg.jpg?type=w1500_60_sharpen"", ""https://pup-review-phinf.pstatic.net/MjAyNDA1MjNfMTgw/MDAxNzE2NDM5NjAwODky.3KN-7nFhyP9r5QD-vw88uczEqRlpC0Y49MtMp3n9PfIg.2WPQhV9feZkY7THn15GYXyZTgAnO9B93-a29rkzOIocg.JPEG/20240523_134100.jpg.jpg?type=w1500_60_sharpen"", ""https://pup-review-phinf.pstatic.net/MjAyNDA1MjNfMTg4/MDAxNzE2NDM5NjAxMDMy.wOi5tvgxSn36mv_Rf_bHFZQehahmv0VojOGFGv6vpTcg.Qcd0s6N7bWws91qRk4czYx3ev12EJNQFBt3fW1psWhIg.JPEG/20240523_130445.jpg.jpg?type=w1500_60_sharpen"", ""https://pup-review-phinf.pstatic.net/MjAyNDA1MjNfMjg4/MDAxNzE2NDM5NjAxNzI3.fJjCRzx3TyST3JSEjaTcHZFABDylDhD5hW4TMvSZkIMg.iuNzHviAZVl3F9OORZTBFuR-hWuwmL85U87ZJzPSG2gg.JPEG/20240523_120900.jpg.jpg?type=w1500_60_sharpen""]",1,"[""음식이 맛있어요"", ""재료가 신선해요"", ""가성비가 좋아요"", ""매장이 넓어요"", ""친절해요""]",,true,2026-09-01T05:10:46+00:00,naver_쿠치나마리오_20260901T045939Z#5
naver,쿠치나마리오,1401139141,https://pcmap.place.naver.com/restaurant/1401139141/review/visitor,671e24016c4bc2de2f348566,해와달과별과바람,Axyb,https://m.place.naver.com/my/5eb78bc78f87a842bcd86002/review?v=2,,맛있어요~~ ^^,2024-10-27,2024-10-27,1,3,"[""https://pup-review-phinf.pstatic.net/MjAyNDEwMjdfMjc4/MDAxNzMwMDI4NTQ0Mjg5.E6mKws7u5r086_-ORuKLBRJa-4IOge7G4LcU0D0-vGAg.-hJqJKMQ03WfJagL_nLOcWjuRdLayxB12cdrvIYaxAYg.JPEG/1000017583.jpg.jpg?type=w1500_60_sharpen"", ""https://pup-review-phinf.pstatic.net/MjAyNDEwMjdfMzkg/MDAxNzMwMDI4NTQ0Nzc3.Y1DPHwT5crbZvxHk1j6NAnwCbh_CfC0hJcxiWEqW4_Ug.1oh1UjPzZJCUY6STJXau6bSOJzHHWvNWq1l5yJKs4HAg.JPEG/1000017582.jpg.jpg?type=w1500_60_sharpen"", ""https://pup-review-phinf.pstatic.net/MjAyNDEwMjdfNyAg/MDAxNzMwMDI4NTQ0MzQw.9uw2NMXmCsZNmsdd85rGlkQEeHB9CNjCfsWMo-j8n44g.sRRAjG7qc8VQkghhyOWLLUhp9muJwPcH0g_nIYyrAbog.JPEG/1000017581.jpg.jpg?type=w1500_60_sharpen""]",0,"[""음식이 맛있어요""]",,true,2026-09-01T05:10:46+00:00,naver_쿠치나마리오_20260901T045939Z#6
naver,쿠치나마리오,1401139141,https://pcmap.place.naver.com/restaurant/1401139141/review/visitor,67499981a52133b45e5bd6e3,캬라멜54,1mViT,https://m.place.naver.com/my/5c37e9f4b8f8b595e98637d3/review?v=2,,굿,2024-11-29,2024-10-24,1,1,"[""https://pup-review-phinf.pstatic.net/MjAyNDExMjlfNjQg/MDAxNzMyODc2NjcyODY0.Jif2bAYEsnjzWeecC0Y2FViBLvMRofzJwwR0AgnV4o0g.0f-BSjhvuocUGgbQYztMN_MYsY_w4G8l4GLegUyIdTIg.JPEG/1000030220.jpg.jpg?type=w1500_60_sharpen""]",0,"[""음식이 맛있어요""]",,true,2026-09-01T05:10:46+00:00,naver_쿠치나마리오_20260901T045939Z#7
naver,쿠치나마리오,1401139141,https://pcmap.place.naver.com/restaurant/1401139141/review/visitor,6743073c2a90991b75829535,JG_정재길,2DJUP,https://m.place.naver.com/my/5b9b3ee5f28595e6b5808a60/review?v=2,,굿,2024-11-24,2024-10-24,1,1,"[""https://pup-review-phinf.pstatic.net/MjAyNDExMjRfMjY0/MDAxNzMyNDQ2MDExNjYy.4KwRPGM2q29P3mwVq6rSXyTxqs5i3alSPNg0vprqGT8g.qoOydesHcsXuTdCb6xzmEqE7ylfplnA97iJcn8_Ggt4g.JPEG/1000008102.jpg.jpg?type=w1500_60_sharpen""]",0,"[""음식이 맛있어요""]",,true,2026-09-01T05:10:46+00:00,naver_쿠치나마리오_20260901T045939Z#8
naver,쿠치나마리오,1401139141,https://pcmap.place.naver.com/restaurant/1401139141/review/visitor,6608ba89c8a8b24fb29dfeff,와다다v,1LFlr,https://m.place.naver.com/my/5badf6911c3043313e0844ea/review?v=2,,"저녁 6시쯤 도착했는데 20분쯤 대기한 것 같아요. 엄청 특별한 맛은 아니지만 테마파크에서 먹을 수 있는 음식에서는 매우 훌륭한 맛이었고, 간이  부담스럽지 않아서 먹기 좋았어요 😃",2024-03-31,2024-03-30,1,3,"[""https://pup-review-phinf.pstatic.net/MjAyNDAzMzFfMjQ0/MDAxNzExODQ4MDcyMjg2.tWQxgsNIEAoAZrvzFjG_iFCz27sBmFAS-T_qHMbEhXgg.q5ez9kobf0jeAgAgVa5P7cfVkp7AO5FhZncfSDxBY7cg.JPEG/20240330_191749.jpg.jpg?type=w1500_60_sharpen"", ""https://pup-review-phinf.pstatic.net/MjAyNDAzMzFfMjQx/MDAxNzExODQ4MDcyMzM3.yRpMa94VuYj4u5SM9-1UbUawrRlNYjY-5r_ciOZNSp4g.uWpvvFEkLPN5wElnhVgiPOX1BL14iNV3849ZbsfyZWYg.JPEG/20240330_191734.jpg.jpg?type=w1500_60_sharpen"", ""https://pup-review-phinf.pstatic.net/MjAyNDAzMzFfODQg/MDAxNzExODQ4MDcyMjc2.dRpWHwB_9ob4YuaQlNvHvdOlo3byxSrxTF-ABIHhbCgg.Q9lOir-lOmOTdpBj3nw10LxFTBb_lOCERl2cVERB-uog.JPEG/20240330_191404.jpg.jpg?type=w1500_60_sharpen""]",13,"[""음식이 맛있어요"", ""매장이 넓어요""]",,true,2026-09-01T05:10:46+00:00,naver_쿠치나마리오_20260901T045939Z#9
naver,쿠치나마리오,1401139141,https://pcmap.place.naver.com/restaurant/1401139141/review/visitor,6a140be1b2250017f7ae753c,오늘도둥글게,qFPq,https://m.place.naver.com/my/5c34b49843ecc2dd59ca9a38/review?v=2,5.0,,,2026-05-25,1,,,0,"[""특별한 메뉴가 있어요""]",,true,2026-09-01T05:10:46+00:00,naver_쿠치나마리오_20260901T045939Z#10
naver,쿠치나마리오,1401139141,https://pcmap.place.naver.com/restaurant/1401139141/review/visitor,689d56d74f040963dd6baa03,나나야 85,duuIL,https://m.place.naver.com/my/6065820855190fb38d4977dd/review?v=2,,,,2025-08-14,1,,,0,"[""인테리어가 멋져요"", ""뷰가 좋아요"", ""사진이 잘 나와요"", ""음악이 좋아요"", ""친절해요""]",,true,2026-09-01T05:10:46+00:00,naver_쿠치나마리오_20260901T045939Z#11
naver,쿠치나마리오,1401139141,https://pcmap.place.naver.com/restaurant/1401139141/review/visitor,67eb61162177ae1dfe6df3b5,lvj****,4sffc,https://m.place.naver.com/my/5efe1287bd26bdc9a0688a6e/review?v=2,,,,2025-03-27,1,,,0,"[""음식이 맛있어요""]",,true,2026-09-01T05:10:46+00:00,naver_쿠치나마리오_20260901T045939Z#12
naver,쿠치나마리오,1401139141,https://pcmap.place.naver.com/restaurant/1401139141/review/visitor,66e8380b2fbf62c82ace2bda,kkkkk2727,3arfP,https://m.place.naver.com/my/5b9b71356f49170274dde9ab/review?v=2,,,,2024-09-16,1,,,0,"[""뷰가 좋아요""]",,true,2026-09-01T05:10:46+00:00,naver_쿠치나마리오_20260901T045939Z#13
naver,쿠치나마리오,1401139141,https://pcmap.place.naver.com/restaurant/1401139141/review/visitor,666d9a7b72297b12b1ea8302,nnyeoujj,15Td4,https://m.place.naver.com/my/5d3466781d2c5b798293bff1/review?v=2,,,,2024-06-12,1,,,0,"[""매장이 넓어요"", ""음식이 맛있어요""]",,true,2026-09-01T05:10:46+00:00,naver_쿠치나마리오_20260901T045939Z#14
naver,쿠치나마리오,1401139141,https://pcmap.place.naver.com/restaurant/1401139141/review/visitor,663c4b64dcb1f93d86e0a9f6,bibobibobibo,3izBu,https://m.place.naver.com/my/5cd1639d8f87a842bc436ffd/review?v=2,,,,2024-05-01,1,,,0,"[""뷰가 좋아요""]",,true,2026-09-01T05:10:46+00:00,naver_쿠치나마리오_20260901T045939Z#15
naver,쿠치나마리오,1401139141,https://pcmap.place.naver.com/restaurant/1401139141/review/visitor,66134e560c669ab7397450c8,agadaroh,wTKj,https://m.place.naver.com/my/5fc04e4456d68ef939467c33/review?v=2,,,,2024-04-07,1,,,0,"[""음식이 맛있어요"", ""재료가 신선해요"", ""뷰가 좋아요""]",,true,2026-09-01T05:10:46+00:00,naver_쿠치나마리오_20260901T045939Z#16
naver,쿠치나마리오,1401139141,https://pcmap.place.naver.com/restaurant/1401139141/review/visitor,663784fda58ab06da6353aa5,동동이D,bXsyO,https://m.place.naver.com/my/61ec9da7b22a0f949d6581a3/review?v=2,,,,2024-04-26,1,,,0,"[""음식이 맛있어요"", ""재료가 신선해요"", ""양이 많아요""]",,true,2026-09-01T05:10:46+00:00,naver_쿠치나마리오_20260901T045939Z#17
naver,쿠치나마리오,1401139141,https://pcmap.place.naver.com/restaurant/1401139141/review/visitor,65c5b4c9f422bc6a7898a33b,045****,2zS8N,https://m.place.naver.com/my/5b6a73f219680a437e96b79f/review?v=2,,,,2024-02-09,1,,,0,"[""음식이 맛있어요""]",,true,2026-09-01T05:10:46+00:00,naver_쿠치나마리오_20260901T045939Z#18
naver,쿠치나마리오,1401139141,https://pcmap.place.naver.com/restaurant/1401139141/review/visitor,65d0493aace048b6ced90b2c,달토끼토끼야어디를가느냐,J78W,https://m.place.naver.com/my/5e1ed29a8f87a842bce6f5e4/review?v=2,,,,2024-02-17,1,,,0,"[""음식이 맛있어요"", ""재료가 신선해요"", ""매장이 청결해요"", ""친절해요""]",,true,2026-09-01T05:10:46+00:00,naver_쿠치나마리오_20260901T045939Z#19
naver,쿠치나마리오,1401139141,https://pcmap.place.naver.com/restaurant/1401139141/review/visitor,6665c5026aec0c4382facdcc,딤플스타,2mD0d,https://m.place.naver.com/my/5f0672b09127dcb4fc6822c1/review?v=2,,양송이스프가 맛있었어요. 직원분들이 영혼 없이 근무하는듯..  에버랜드 내에 있는 식당이라 그런지..,2024-06-10,2024-06-07,1,,,0,"[""음식이 맛있어요""]",,true,2026-09-01T05:10:46+00:00,naver_쿠치나마리오_20260901T045939Z#20
naver,쿠치나마리오,1401139141,https://pcmap.place.naver.com/restaurant/1401139141/review/visitor,666393b68dfee52745d69d9e,yun****,dLQ04,https://m.place.naver.com/my/61d180b20e74e646cd7197e2/review?v=2,,ㅎㅎ,2024-06-08,2024-06-04,1,,,0,,,true,2026-09-01T05:10:46+00:00,naver_쿠치나마리오_20260901T045939Z#21
naver,쿠치나마리오,1401139141,https://pcmap.place.naver.com/restaurant/1401139141/review/visitor,66d54e39bce7805c89c7dcc4,pw****,3GhA6,https://m.place.naver.com/my/5d8021fb8f87a842bc734d99/review?v=2,,,,2024-05-02,1,,,0,"[""음식이 맛있어요""]",,true,2026-09-01T05:10:46+00:00,naver_쿠치나마리오_20260901T045939Z#22
naver,쿠치나마리오,1401139141,https://pcmap.place.naver.com/restaurant/1401139141/review/visitor,65fe9e963cad8f020ae43e79,dkdlddldia12,5trTj,https://m.place.naver.com/my/5ca3174a6fdb6f204e372e43/review?v=2,,,,2024-03-23,1,,,0,"[""아늑해요""]",,true,2026-09-01T05:10:46+00:00,naver_쿠치나마리오_20260901T045939Z#23
naver,홀랜드빌리지,1081318402,https://pcmap.place.naver.com/restaurant/1081318402/review/visitor,6a14410e4664a80b5e7a9e06,업타운걸,1D0J1,https://m.place.naver.com/my/5c14b6a40227873ed3b575f2/review?v=2,4.0,에버랜드에서 2끼를 먹었는데 음식이 좀 비싸지만 맛있네요.날미 더워서 그런가 맥주가 맛있었습니다. 둥지 떡볶기도 함박도 맛있었어요.,2026-05-25,2026-05-23,1,2,"[""https://pup-review-phinf.pstatic.net/MjAyNjA1MjVfMjkw/MDAxNzc5NzEyMjY4NTc2.RmbBEkxwST6nsu9d16jfZFwhN47baXNZbK-3EF3fgkkg.lQBqTtfQNeHfQQfywwKRcjk8sVtF5hHSCh-hcjy6qSwg.JPEG/20260523_142423.jpg.jpg?type=w1500_60_sharpen"", ""https://pup-review-phinf.pstatic.net/MjAyNjA1MjVfMjE0/MDAxNzc5NzEyMjY4NTEy.dujgmM9JdojUAaAP3zXkanMCKAOVa8AfjfBAPPPQgR0g.AYuPM8qtZz9w07Rjn-vnce1G4BVU_nV6YT1jGC76KaMg.JPEG/20260523_142325.jpg.jpg?type=w1500_60_sharpen""]",0,"[""음식이 맛있어요"", ""야외공간이 멋져요"", ""오래 머무르기 좋아요""]",,true,2026-09-01T05:12:46+00:00,naver_홀랜드빌리지_20260901T045939Z#0
naver,홀랜드빌리지,1081318402,https://pcmap.place.naver.com/restaurant/1081318402/review/visitor,69d439e9518cfec056df42cc,two****,4VC6t,https://m.place.naver.com/my/5cc280bbbed631ac041d486a/review?v=2,4.0,애버랜드 산책하다 식사로도 안주로도 좋은 메뉴가 있어  맛좋다는 독일 맥주로 갈증과 시장기 달래기 좋은 곳,2026-04-07,2026-04-06,2,1,"[""https://pup-review-phinf.pstatic.net/MjAyNjA0MDdfMjM4/MDAxNzc1NTE2MTM1MzY2.T8HvUDilk6tHJ6Io4HD7s41Oxrm5FsbIL_EhUCXNZe4g.APGVFAkkqTOoTKL--xJrlPGZ787uD6KHLDR70F-hMJAg.JPEG/20260406_141117.jpg.jpg?type=w1500_60_sharpen""]",0,"[""음식이 맛있어요"", ""매장이 넓어요"", ""친절해요"", ""화장실이 깨끗해요""]",,true,2026-09-01T05:12:46+00:00,naver_홀랜드빌리지_20260901T045939Z#1
naver,홀랜드빌리지,1081318402,https://pcmap.place.naver.com/restaurant/1081318402/review/visitor,69db59d252f843d8ad03f5d1,꽉그냥,ycqm,https://m.place.naver.com/my/5d9a7f3c8f87a842bcf1d600/review?v=2,4.0,"맥주랑 먹으니깐 맛나네요
한산하고 좋네요  맛도 나름 겐찮네요
비싸긴해서 값을하네요~~^^
먹고 5시간동안 돌아다니니 소화다되네요ㅋ",2026-04-12,2026-04-12,1,9,"[""https://pup-review-phinf.pstatic.net/MjAyNjA0MTJfMTU5/MDAxNzc1OTgzMDU2NTEx.m8TO4hzv4BMYGH8RccTqY6ibNBJ4eVXfwigA7afcWK0g.tHImDUAas2z5__hQDt9dAb1MTWNfHSlTtUYqu4hHN60g.JPEG/20260412_122647.jpg.jpg?type=w1500_60_sharpen"", ""https://pup-review-phinf.pstatic.net/MjAyNjA0MTJfMTkw/MDAxNzc1OTgzMDU2MTAw.GOxzxwDEyJ9Wvx2wzmQYinCordXEnlHbGmzeGdzlFF8g.GMIsX21Mp6T7SWqGeZ6ceM_mh61_destgiUe4dVIphIg.JPEG/20260412_122644.jpg.jpg?type=w1500_60_sharpen"", ""https://pup-review-phinf.pstatic.net/MjAyNjA0MTJfMTM4/MDAxNzc1OTgzMTg2NjI0.vYcfNuRRqtoL4rnfwtGumONIe6rlKesJ96rDNU62XO8g.3baENIzSO6FGNOnQXoMs8sWps3nbcBEmhwIsYMHE1Lgg.JPEG/20260412_121208.jpg.jpg?type=w1500_60_sharpen"", ""https://pup-review-phinf.pstatic.net/MjAyNjA0MTJfMjYz/MDAxNzc1OTgzMTg2ODI2.8dOs-KUdhp5cwP4lbEdS8tc5GVGJHfDjk9V6YQiE15og.A1EZ4TmZujcaF78K_hh5Y5y_n2XBzVFnKCkxOlzGDNsg.JPEG/20260412_115855.jpg.jpg?type=w1500_60_sharpen"", ""https://pup-review-phinf.pstatic.net/MjAyNjA0MTJfMTM2/MDAxNzc1OTgzMTg3MzY0.Dp2lupwXC1AwFRbzWtkyG7Dhgc7G-s3cxQYCMqbqEZog.kD4MBnHjTj3dg3JbWRl1GF1UGbRnuMER6EXWxSc4Tz4g.JPEG/20260412_120949.jpg.jpg?type=w1500_60_sharpen"", ""https://pup-review-phinf.pstatic.net/MjAyNjA0MTJfNDAg/MDAxNzc1OTgzMTg2OTcz.lyDzLTlYURI13r7L3UJI7J-9HVJuPTLwna5Ajjpk27Ug.Kh-_PaWbhqSwAg_AZIGP5TN36qrhrgDDwFpk6es0NW0g.JPEG/20260412_120921.jpg.jpg?type=w1500_60_sharpen"", ""https://pup-review-phinf.pstatic.net/MjAyNjA0MTJfMjk5/MDAxNzc1OTgzMTg2MDk4.ZD6CRVwRf7R14ejM2j-EfFlam1ItDwY5trwhkRDfm7sg.4TO-k5wku5e0-bnMqxPUzLU5gucuTvy74qFEHidyMacg.JPEG/20260412_142319.jpg.jpg?type=w1500_60_sharpen"", ""https://pup-review-phinf.pstatic.net/MjAyNjA0MTJfMTcx/MDAxNzc1OTgzMTg4MjI1.vjw35mgYsKRIA7cigUXV8MNkYZXmtg681s1_cvoJeX8g.uERVu76nNhRFQAf9rfSV6RdGqpVHLG8eiBWb2R_42Lgg.JPEG/20260412_152303.jpg.jpg?type=w1500_60_sharpen"", ""https://pup-review-phinf.pstatic.net/MjAyNjA0MTJfMjI1/MDAxNzc1OTgzMTg4Njgy.2jiQyfzCHcplIijs-qS_bOynDPnwKtCEtsrbbVd9xN4g.t5nXGWzv9VxS0Oeb2IxSvzwj4fUvK9UjNGmoA3SAy7cg.JPEG/20260412_152427.jpg.jpg?type=w1500_60_sharpen""]",0,"[""음식이 맛있어요"", ""친절해요"", ""매장이 청결해요""]",,true,2026-09-01T05:12:46+00:00,naver_홀랜드빌리지_20260901T045939Z#2
naver,홀랜드빌리지,1081318402,https://pcmap.place.naver.com/restaurant/1081318402/review/visitor,69cb42b8716fe0c4f82a3cda,잇50,4KPwh,https://m.place.naver.com/my/5e0dd1228f87a842bc01d590/review?v=2,,"슬로우야드 바베큐 플래터 먹었어요.
성인 2인이 먹기 양이 적당하고 맛있어요!",2026-03-31,2026-03-31,1,1,"[""https://pup-review-phinf.pstatic.net/MjAyNjAzMzFfODMg/MDAxNzc0OTI4NTY2NDc3.hY4BfYYZlct-WCC0eMU5iSCBXmdRkahT-pYEjgQnge0g.ZCNvqx-d1KRcdBoALfz07gnALXsyukhp12OvRcTL0DYg.JPEG/20260331_122012.jpg.jpg?type=w1500_60_sharpen""]",1,"[""음식이 맛있어요""]",,true,2026-09-01T05:12:46+00:00,naver_홀랜드빌리지_20260901T045939Z#3
naver,홀랜드빌리지,1081318402,https://pcmap.place.naver.com/restaurant/1081318402/review/visitor,69fece3f988d32740a5c153c,백팩커 재구언,4a15F,https://m.place.naver.com/my/5d7bbda88f87a842bc23dd8e/review?v=2,5.0,누가 에버랜드 가서 놀이기구 탐? 홀랜드 빌리지에서 맥주 한 잔 마시고 쉬어 주는 게 에버랜드지,2026-05-09,2026-04-23,3,4,"[""https://pup-review-phinf.pstatic.net/MjAyNjA1MDlfMjM0/MDAxNzc4MzA2NjIxNTU3.IcEe13Db5D91GWr_tfBkvlFxGbMRecoexEvWn7gScZ0g.5MhdnDCKuC3QOr2AzCkA91yR1m9UXj6cFlONls6pox0g.JPEG/89A027D9-678A-42C5-91C3-65D4F2477434.jpeg?type=w1500_60_sharpen"", ""https://pup-review-phinf.pstatic.net/MjAyNjA1MDlfMTg0/MDAxNzc4MzA2NjIxMzc2.ov7dy0j6D8iKi9x-f89HRkq6cw45Jeg3CwibRXoijrsg.k0QOOfqM3GVcsQF_6xac5W_U6oSmjWBlP9j7IU32LOsg.JPEG/8A815979-CC98-4403-A7D2-FCFBC3E58396.jpeg"", ""https://pup-review-phinf.pstatic.net/MjAyNjA1MDlfMTYy/MDAxNzc4MzA2NjIxNjMx.isBj3YmDdigawSlWOawmXCObs4NOxa39eg2KvbRkxUsg.Ypndi9dZ4sdM6wKVcctAb3NauNbKgaeNiGp0LvxiqK0g.JPEG/C091D497-B122-4E98-B65C-482267B30872.jpeg?type=w1500_60_sharpen"", ""https://pup-review-phinf.pstatic.net/MjAyNjA1MDlfMTAx/MDAxNzc4MzA2NjIxNDg5.2lktYUShWWhLT18SgZUbRt8PG1Cj3VaQc3Iypii7JUgg.IoVEJH4dwM0slYgmK6HkhE7BoFggmQh9-r-LaVMbXEQg.JPEG/7687DB87-FCA0-48DC-971C-A75DDC5BB2DC.jpeg""]",0,"[""음식이 맛있어요"", ""재료가 신선해요"", ""양이 많아요"", ""인테리어가 멋져요"", ""매장이 넓어요""]",,true,2026-09-01T05:12:46+00:00,naver_홀랜드빌리지_20260901T045939Z#4
naver,홀랜드빌리지,1081318402,https://pcmap.place.naver.com/restaurant/1081318402/review/visitor,69c79caf7bd81cddd2efee69,백팩커 재구언,4a15F,https://m.place.naver.com/my/5d7bbda88f87a842bc23dd8e/review?v=2,,"이제 홀랜드빌리지를 즐길 날씨입니다 여러분✨
가격대가 좀 있지만 그래도 나쁘지 않아요~",2026-03-28,2026-03-27,2,3,"[""https://pup-review-phinf.pstatic.net/MjAyNjAzMjhfMzUg/MDAxNzc0Njg5NDUzNTc5.ktt76Nb2np3WSFuIQ61WFx6juykshr9l5p0U94KXaVsg.Yq2s3bQXkkegALJxOQ8xDK0L4gk2YYKi7KXG4vAqkv0g.JPEG/AAA1CD76-DC94-4271-99F4-34C9774878CB.jpeg"", ""https://pup-review-phinf.pstatic.net/MjAyNjAzMjhfMjk2/MDAxNzc0Njg5NDUzNzk3.a_JDyJgg1X4ZyMVjvpU7vmqhS77bTWrp7F7xuTOlbf0g.ogxv1IMEP4WL30LhL8kgBRcXsEWvwkWj82VR2XtTYu8g.JPEG/BEEF42F6-9E0E-450F-94CB-A4C13410A3A2.jpeg"", ""https://pup-review-phinf.pstatic.net/MjAyNjAzMjhfOTUg/MDAxNzc0Njg5NDUzNTU2.3b3Xz8UDH8uWd23Nh3RDL9LHqYLrXNsXrFABm_UTfKsg.3Wj5Dl4Ybmf5sx7DoyIuak3MfAFi7p7b563U7OmA2FMg.JPEG/8748DBC0-7159-4E21-BF6E-A86E507FC64D.jpeg""]",0,"[""음식이 맛있어요"", ""재료가 신선해요"", ""양이 많아요"", ""특별한 메뉴가 있어요"", ""매장이 넓어요""]",,true,2026-09-01T05:12:46+00:00,naver_홀랜드빌리지_20260901T045939Z#5
naver,홀랜드빌리지,1081318402,https://pcmap.place.naver.com/restaurant/1081318402/review/visitor,69f9ec5c719c88a0eb1d7a02,sol****,2Ezzd,https://m.place.naver.com/my/5d8473098f87a842bcd3383b/review?v=2,5.0,,2026-05-05,2026-05-04,1,1,"[""https://pup-review-phinf.pstatic.net/MjAyNjA1MDVfMTQz/MDAxNzc3OTg2NjUwODc0.17_JaTW5-RYbSxTDO-c4SsB9_n6TgYGc2WW-yYf1n6Qg.qTUZ3vXMS_9m5B_kqIqRNCvpq574X2PWZSz5gBbM9e8g.JPEG/55775.jpg.jpg?type=w1500_60_sharpen""]",0,"[""야외공간이 멋져요""]",,true,2026-09-01T05:12:46+00:00,naver_홀랜드빌리지_20260901T045939Z#6
naver,홀랜드빌리지,1081318402,https://pcmap.place.naver.com/restaurant/1081318402/review/visitor,69c90757ce77dea18e7624ea,올리브43,6OjF,https://m.place.naver.com/my/5f06a2d7200ffc9fb6626d38/review?v=2,,음식이 앗있어요~,2026-03-29,2026-03-26,1,3,"[""https://pup-review-phinf.pstatic.net/MjAyNjAzMjlfMzUg/MDAxNzc0NzgyMjkzNjA1.7_z-6fB4_h5fFe1F0W1Aq3cAFeBIOOu_gkY7JQJsT_og.JJVYXufV8H2OIs5b2-gc2v6HzKUKO3S7n--Bde280gUg.JPEG/20260326_125601.jpg.jpg?type=w1500_60_sharpen"", ""https://pup-review-phinf.pstatic.net/MjAyNjAzMjlfMTUw/MDAxNzc0NzgyMjkzNjk4.u8yLKqanU0ACzU5kmWmkgexeYgZvKMwr0nBlxruPyq0g.LvzztmlP5-FRBvIbQu9YzuxuYw3x1DSrJigafcT88Jog.JPEG/20260326_125556.jpg.jpg?type=w1500_60_sharpen"", ""https://pup-review-phinf.pstatic.net/MjAyNjAzMjlfMTE4/MDAxNzc0NzgyMjkzNzA0.uJN8PYcl-tQRVMkLv-AeXQQzf5Fih-TINWYgdqU_XOcg.XkDUXV1Wp78uuv6wXEwI4GUA2lC8w69QJ125Kb_IjYwg.JPEG/20260326_133304.jpg.jpg?type=w1500_60_sharpen""]",0,"[""음식이 맛있어요"", ""재료가 신선해요"", ""특별한 메뉴가 있어요"", ""친절해요""]",,true,2026-09-01T05:12:46+00:00,naver_홀랜드빌리지_20260901T045939Z#7
naver,홀랜드빌리지,1081318402,https://pcmap.place.naver.com/restaurant/1081318402/review/visitor,691a875c1683be56714e9a58,jja****,1EqM2,https://m.place.naver.com/my/5ccea574cb00bb4aa732c79a/review?v=2,,"3만원의 행복이었어요
평일이라 사람적고 여유를 느끼며 먹었어요",2025-11-17,2025-11-11,1,1,"[""https://pup-review-phinf.pstatic.net/MjAyNTExMTdfNjYg/MDAxNzYzMzQ2MjY2NzY2.xSIfXO9cZR3o9dRq4I398gG83-eJtJThEk7nh2aBfs4g.5GktxmtHHT_YGkAlp03dmM7oCCLleUC0VHghIRXjjBog.JPEG/1000034322.jpg.jpg?type=w1500_60_sharpen""]",0,"[""음식이 맛있어요"", ""특별한 메뉴가 있어요"", ""주차하기 편해요""]",,true,2026-09-01T05:12:46+00:00,naver_홀랜드빌리지_20260901T045939Z#8
naver,홀랜드빌리지,1081318402,https://pcmap.place.naver.com/restaurant/1081318402/review/visitor,68ff1887b6a6017785855be9,반짝2345,3iAxY,https://m.place.naver.com/my/5c0aff5c115ab0a3d151e48d/review?v=2,,메뉴에 성의가 넘 없짜나여,2025-10-27,2025-10-23,1,1,"[""https://pup-review-phinf.pstatic.net/MjAyNTEwMjdfMjEg/MDAxNzYxNTQ4NDIxODk5.n4re5joa_2I0q0Zyh8_dYr4Cjz4BXrqKy0_LIyTbb7Qg.QyJDzi0dHsWHIsgLQ1IbedTGKaSY0pEQMrfQIUtbxj8g.JPEG/A385DB22-D1E9-4078-BAEC-5D0C962354E6.jpeg?type=w1500_60_sharpen""]",0,"[""특별한 메뉴가 있어요"", ""매장이 넓어요""]",,true,2026-09-01T05:12:46+00:00,naver_홀랜드빌리지_20260901T045939Z#9
naver,홀랜드빌리지,1081318402,https://pcmap.place.naver.com/restaurant/1081318402/review/visitor,69c9c10bd32d9c7d6093e43e,luvsr,8zxYJ,https://m.place.naver.com/my/5edbaf218f87a842bc7ce15b/review?v=2,,,,2026-03-13,1,,,0,"[""매장이 넓어요"", ""뷰가 좋아요"", ""음식이 빨리 나와요"", ""아이와 가기 좋아요""]",,true,2026-09-01T05:12:46+00:00,naver_홀랜드빌리지_20260901T045939Z#10
naver,홀랜드빌리지,1081318402,https://pcmap.place.naver.com/restaurant/1081318402/review/visitor,6916a3d15b368752976845a9,없음5638,v97G,https://m.place.naver.com/my/5c681b863bebef289cb7b21a/review?v=2,,,,2025-09-22,1,,,0,"[""음식이 맛있어요"", ""재료가 신선해요""]",,true,2026-09-01T05:12:46+00:00,naver_홀랜드빌리지_20260901T045939Z#11
naver,홀랜드빌리지,1081318402,https://pcmap.place.naver.com/restaurant/1081318402/review/visitor,68502a281a98e7bdfe0195b9,lee****,5gjW9,https://m.place.naver.com/my/5b641f56c790fe54cfa5286c/review?v=2,,,,2025-06-06,1,,,0,"[""음식이 맛있어요""]",,true,2026-09-01T05:12:46+00:00,naver_홀랜드빌리지_20260901T045939Z#12
naver,홀랜드빌리지,1081318402,https://pcmap.place.naver.com/restaurant/1081318402/review/visitor,685159a187f5886538b0c2ea,나나11,5WOLu,https://m.place.naver.com/my/5e3399018f87a842bceba28d/review?v=2,,,,2025-06-04,1,,,0,"[""친절해요""]",,true,2026-09-01T05:12:46+00:00,naver_홀랜드빌리지_20260901T045939Z#13
naver,홀랜드빌리지,1081318402,https://pcmap.place.naver.com/restaurant/1081318402/review/visitor,6847f484e08b2b6413b1c4fd,yukarurururu,8IlhC,https://m.place.naver.com/my/683566fa73736e3dcf172f13/review?v=2,,,,2025-06-03,1,,,0,"[""음식이 맛있어요"", ""뷰가 좋아요"", ""야외공간이 멋져요""]",,true,2026-09-01T05:12:46+00:00,naver_홀랜드빌리지_20260901T045939Z#14
naver,홀랜드빌리지,1081318402,https://pcmap.place.naver.com/restaurant/1081318402/review/visitor,6844ed75663237314389b2dc,신비2076,1gK8Q,https://m.place.naver.com/my/5c04ce3ec03a0d7c55bdf5cc/review?v=2,,,,2025-05-31,1,,,0,"[""가성비가 좋아요""]",,true,2026-09-01T05:12:46+00:00,naver_홀랜드빌리지_20260901T045939Z#15
naver,홀랜드빌리지,1081318402,https://pcmap.place.naver.com/restaurant/1081318402/review/visitor,68a9435fa17da1e7c46a8f50,Nina99,42DYf,https://m.place.naver.com/my/5f062603de46936b67397081/review?v=2,,,,2025-07-11,1,,,0,"[""음식이 맛있어요""]",,true,2026-09-01T05:12:46+00:00,naver_홀랜드빌리지_20260901T045939Z#16
naver,홀랜드빌리지,1081318402,https://pcmap.place.naver.com/restaurant/1081318402/review/visitor,6835a1e143676b31dff1f7c6,히히70,1PYAM,https://m.place.naver.com/my/5efe9b24670bd5c7e121084f/review?v=2,,,,2025-05-07,1,,,0,"[""음식이 맛있어요"", ""재료가 신선해요""]",,true,2026-09-01T05:12:46+00:00,naver_홀랜드빌리지_20260901T045939Z#17
naver,홀랜드빌리지,1081318402,https://pcmap.place.naver.com/restaurant/1081318402/review/visitor,6832bc84851378ec72a2d065,gml****,1s09i,https://m.place.naver.com/my/5f1130139ec8258e4ab152c2/review?v=2,,,,2025-05-21,1,,,0,"[""혼밥하기 좋아요""]",,true,2026-09-01T05:12:46+00:00,naver_홀랜드빌리지_20260901T045939Z#18
naver,홀랜드빌리지,1081318402,https://pcmap.place.naver.com/restaurant/1081318402/review/visitor,67e21c26efde46e204f6fef6,민트모카,2j13X,https://m.place.naver.com/my/5b9a7b3031776b49d5066e53/review?v=2,,,,2025-03-24,1,,,0,"[""야외공간이 멋져요""]",,true,2026-09-01T05:12:46+00:00,naver_홀랜드빌리지_20260901T045939Z#19
naver,홀랜드빌리지,1081318402,https://pcmap.place.naver.com/restaurant/1081318402/review/visitor,699b03c00efc0923f4dece0f,hwwwwwww,HiBm,https://m.place.naver.com/my/5d8af0508f87a842bc35ab1d/review?v=2,,좋아요,2026-02-22,2026-02-22,1,,,0,"[""매장이 넓어요"", ""친절해요"", ""매장이 청결해요""]",,true,2026-09-01T05:12:46+00:00,naver_홀랜드빌리지_20260901T045939Z#20
naver,홀랜드빌리지,1081318402,https://pcmap.place.naver.com/restaurant/1081318402/review/visitor,681af8a33789e36ce4314643,qhr****,7E5Dw,https://m.place.naver.com/my/5cefe13fcb80954db48998bd/review?v=2,,,,2025-05-07,1,,,0,"[""음식이 맛있어요""]",,true,2026-09-01T05:12:46+00:00,naver_홀랜드빌리지_20260901T045939Z#21
naver,스노우피크 카페앤다이닝,1451740778,https://pcmap.place.naver.com/restaurant/1451740778/review/visitor,6a6d692a3e568e513e7187c2,연연6,1mmpF,https://m.place.naver.com/my/5dcea09f8f87a842bc23fb58/review?v=2,5.0,"지난번에 유키코리멜론이 맛있어서 이번에 딸기로 시켜봤어요 스크류바가 통째로 들어있어서 넘 신기하고 맛있어요

말차빙수도 양도많고 진하니 좋네요
여름이지만 나무그늘은 아직 시원해요
최애 카페입니다",2026-08-01,2026-08-01,3,2,"[""https://pup-review-phinf.pstatic.net/MjAyNjA4MDFfMTY4/MDAxNzg1NTU1MjQxMjU2.avAQHWTuScCfE5sIsv6YmKzHY8SsQC6wApU45jJOJiMg.uWiV3ch4dEOPzU65sa6ikAdEE4lRS_djHyff8aUkKkAg.JPEG/20260801_122932.jpg.jpg?type=w1500_60_sharpen"", ""https://pup-review-phinf.pstatic.net/MjAyNjA4MDFfMTAw/MDAxNzg1NTU1MjQxNjA1.CEqcq7XK63wgUNF5Eiz8jZW5Nw4HtvbfPPgscZI5OLEg.Cgoqwx0zDVw5hJm1YYB724DxaihYlYtoK6V2zM-Tagsg.JPEG/20260801_122942.jpg.jpg?type=w1500_60_sharpen""]",0,"[""음식이 맛있어요"", ""특별한 메뉴가 있어요"", ""인테리어가 멋져요"", ""뷰가 좋아요"", ""야외공간이 멋져요""]",,true,2026-09-01T05:14:34+00:00,naver_스노우피크-카페앤다이닝_20260901T045939Z#0
naver,스노우피크 카페앤다이닝,1451740778,https://pcmap.place.naver.com/restaurant/1451740778/review/visitor,6a8a91fcbb94a076a4984358,조용근,iv4e,https://m.place.naver.com/my/5efe7a63afcca6e20afd6ba9/review?v=2,5.0,"각 계절마다 그 계절대로 좋은 곳입니다! 카페라고만 하기엔 아쉽고 저희 가족은 아지트라고 부르고 있어요! 요즘엔 많이 유명해져서…자리가 없는 경우도 가끔 있지만, 밖에서 조금 경치보며 놀고 있으면 금방 자리 납니다!ㅎㅎ",2026-08-23,2026-08-23,2,2,"[""https://pup-review-phinf.pstatic.net/MjAyNjA4MjNfMTgw/MDAxNzg3NDY2MjMyODYx.GkovTyX3HJ55k4UlgNEP07v5M9dA2xWYmdJ2dXvfsY0g.y_rXMSmGaP7fy1XBzr63FuJGcny0ASPBJsUAaVo6vZ4g.JPEG/7C2896E9-2D0A-4D28-9D12-AE29DFF28C5C.jpeg?type=w1500_60_sharpen"", ""https://pup-review-phinf.pstatic.net/MjAyNjA4MjNfNTgg/MDAxNzg3NDY2MjM0NjEw.NPF4iMkMj3zQ5DwT-ig1DZHT3WPqRwlaaYciS5FNTTQg.XwEBSIcNvCdqixDqJC-ne04T6HL3YSSSlXwmaW-8XJwg.JPEG/EB4DA2B4-2EB9-46CD-8F83-2EB03352518E.jpeg?type=w1500_60_sharpen""]",0,"[""음식이 맛있어요"", ""디저트가 맛있어요"", ""인테리어가 멋져요"", ""뷰가 좋아요"", ""사진이 잘 나와요""]",,true,2026-09-01T05:14:34+00:00,naver_스노우피크-카페앤다이닝_20260901T045939Z#1
naver,스노우피크 카페앤다이닝,1451740778,https://pcmap.place.naver.com/restaurant/1451740778/review/visitor,6a924de999f66dfbfbcedd5d,뭉쓰쓰,1opFv,https://m.place.naver.com/my/5b9b7532b1f5883a79f95a75/review?v=2,5.0,커피가 정말 맛있어요 캠핑온거 같은 느낌이고 자연이 주는 편안함이 좋은 카페에요 다음에는 다이닝을 이용해보려고 합니다,2026-08-29,2026-08-29,1,2,"[""https://pup-review-phinf.pstatic.net/MjAyNjA4MjlfMjY0/MDAxNzg3OTczMDk1OTY2.JTIGBf_vv8Re-k3ideQtDhg151g1TWfoObBk-_AznFAg.vU1VLIYhkleuWsA511j3VnT0DkzOfVtrwucZZJcaYSMg.JPEG/F711024D-7809-4F01-9735-E05418017FD1.jpeg?type=w1500_60_sharpen"", ""https://pup-review-phinf.pstatic.net/MjAyNjA4MjlfMjE4/MDAxNzg3OTczMDk2MDUx.AZaxMKjJHM-adO1uTqZd8RbW6ASPC26OoFZZyxN7nvIg.KYVCev47WtYMUk0I7ojQvq2pHm_scPM-YcKRpp7Nqr4g.JPEG/3721CE81-914D-4B72-8458-2101C4A8D5C8.jpeg?type=w1500_60_sharpen""]",0,"[""특별한 메뉴가 있어요"", ""인테리어가 멋져요"", ""매장이 넓어요"", ""컨셉이 독특해요"", ""주차하기 편해요""]",,true,2026-09-01T05:14:34+00:00,naver_스노우피크-카페앤다이닝_20260901T045939Z#2
naver,스노우피크 카페앤다이닝,1451740778,https://pcmap.place.naver.com/restaurant/1451740778/review/visitor,6a37677ca4764ec3ab28030a,대니얼과제이미,2jPKT,https://m.place.naver.com/my/5c16630027383f576ad827b6/review?v=2,4.0,리뷰 후기에 불친절하다는 평이 많아서 걱정했지만 스텝 직원 모두 친절했어요. 음식도 가격대비 맛이 좋지 않다는 후기들이 많았지만 라구 크림 파스타와 스모크ㅜ바비큐 플래터는 맛과 퀄리티 모두 좋았어요. 다만 영업 초반인데 스테이크 소스가 떨어져서 제공이 안된다는 부분은 아쉬웠네요.,2026-06-21,2026-06-21,1,11,"[""https://pup-review-phinf.pstatic.net/MjAyNjA2MjFfMTc0/MDAxNzgyMDE1NjQ5NjQ2.1EJDK87SPsdnGq-IZ5iYI4GZcLHEvIOXRTHNYULTPHYg.7Oq9Jw37EB3A76XJ3ZkAxXVNfIjDAVFwZLd6Kq2-u_gg.JPEG/IMG_0432.jpeg?type=w1500_60_sharpen"", ""https://pup-review-phinf.pstatic.net/MjAyNjA2MjFfMjM1/MDAxNzgyMDE1NjQ4NDYw.5rUFKRnkkJokUTsm9jIl2H1B4ocY_cWNMMP_ixpLNYQg.evlOMyIvMysQO1dCJi3EddfAKgobTBv74MA1l8xUKQQg.JPEG/IMG_0439.jpeg?type=w1500_60_sharpen"", ""https://pup-review-phinf.pstatic.net/MjAyNjA2MjFfMjUg/MDAxNzgyMDE1NjQ3MDQ1.jzHAekDofhrpODc6QPCQtNHoos4uGsRvkfo_W2Usmeog.vya5b6n1GU7wuzzY9MCIkqfiEVXuVAdhYA-w_qGt50kg.JPEG/IMG_0441.jpeg?type=w1500_60_sharpen"", ""https://pup-review-phinf.pstatic.net/MjAyNjA2MjFfMzcg/MDAxNzgyMDE1NjQ4Njcz.qBZR3Rqyp0dwl5qUM79VjGOghJMehcTXtVZ84cffJ74g.4U1ynwGYbDGzhkR17QfnqiF-iyTKmKgKfN89zHr5rSAg.JPEG/IMG_0442.jpeg?type=w1500_60_sharpen"", ""https://pup-review-phinf.pstatic.net/MjAyNjA2MjFfMjA5/MDAxNzgyMDE1NjU5NjMw.9frlI2nCNhTdw2l2Q1mSpc13X6C9YltY7l31eavMTqAg.w2RheQxJeLc2EUCFOVDd9G7xgKAf_43YI1ZxaY2y3Xsg.JPEG/IMG_0443.jpeg?type=w1500_60_sharpen"", ""https://pup-review-phinf.pstatic.net/MjAyNjA2MjFfMTU2/MDAxNzgyMDE1NjU5NjU1.nmpkNV9-VauNMcqK-mT2F_h-muhcqNyaqefLPunfMBMg.cMbpGh5EM4uKHIozKZoasf3DvDtslBV1oMa-VTLr1EIg.JPEG/IMG_0446.jpeg?type=w1500_60_sharpen"", ""https://pup-review-phinf.pstatic.net/MjAyNjA2MjFfNjkg/MDAxNzgyMDE1NjU3MDY0.9V-m_wQAZTej_S-KHkyP8nkUjpCqYZ7ftYwZjHLP6dUg.yTUalyLbCIm5IQ8otSG6GMebjy7mzzlKBhwWSZm4Iq0g.JPEG/IMG_0449.jpeg?type=w1500_60_sharpen"", ""https://pup-review-phinf.pstatic.net/MjAyNjA2MjFfOTkg/MDAxNzgyMDE1NjU3ODM0.LOOfg1cgFJ__w5iktDQWYl_uUSpjlSyWJpkcgm07T84g.LWgvXxISfptEdVDiAS2JAkOOkHmUgBaq3oFiugnChHcg.JPEG/IMG_0452.jpeg?type=w1500_60_sharpen"", ""https://pup-review-phinf.pstatic.net/MjAyNjA2MjFfMTMw/MDAxNzgyMDE1NjY2ODY2.Y-FqFjEhdTCXgcUhjuF1TzzNOGXwQo5BLaLu9mQ6QHcg.eczyA03wsVhfkmVbkadYalKZBJtazvNoORxniwZXaZQg.JPEG/IMG_0454.jpeg?type=w1500_60_sharpen"", ""https://pup-review-phinf.pstatic.net/MjAyNjA2MjFfMjg4/MDAxNzgyMDE1NjY3MTk1.vFCleai30fXPDvStY-ZHJLn7b9AgiX0cRCw-gRY8qI8g.j1ZJOQgV_AOZI0xMvoHhE_MHkeygQVG7SI3pAqkuV30g.JPEG/IMG_0458.jpeg?type=w1500_60_sharpen"", ""https://pup-review-phinf.pstatic.net/MjAyNjA2MjFfMTE4/MDAxNzgyMDE1NjY4MzIy.DjI2PUBdjcVTQ7hY5LmFqw7gEu3luTLj0cEyllrkZsYg.0oBruMh5WqduM0N_wg0tOaUb3rrXlX3kkXegW0UZOfQg.JPEG/IMG_0459.jpeg?type=w1500_60_sharpen""]",0,"[""음식이 맛있어요"", ""양이 많아요"", ""메뉴 구성이 알차요"", ""인테리어가 멋져요""]",,true,2026-09-01T05:14:34+00:00,naver_스노우피크-카페앤다이닝_20260901T045939Z#3
naver,스노우피크 카페앤다이닝,1451740778,https://pcmap.place.naver.com/restaurant/1451740778/review/visitor,6a813a8a490a193dcda5347a,앙버터맘,2R0J6,https://m.place.naver.com/my/5dc4a0be8f87a842bcef01dc/review?v=2,5.0,"연휴 맞이 점심 먹으러 왔어요.
즐거웠어요!",2026-08-16,2026-08-16,3,7,"[""https://pup-review-phinf.pstatic.net/MjAyNjA4MTZfNzQg/MDAxNzg2ODU0MDE3MDk0.gRI7X7S5yU-wraAQW9L2xqvBvgmPK95IcFipI-kRqC4g.B0q8LDgH1Rwzpruhde-1uh1d7Ax8vuvcd4-TopAwlHUg.JPEG/C0A47C18-946B-4A34-ABFA-4E8E568AA0A5.jpeg?type=w1500_60_sharpen"", ""https://pup-review-phinf.pstatic.net/MjAyNjA4MTZfMjM2/MDAxNzg2ODU0MDIwMzk1.XvNBpdKNSKdatAPmFObw7od8w-bhM4N2yhamKwkV1bcg.kSUHEvS9BQT7RJ6kJnZmkiy_7dno3yTDGFQUZRRraTIg.JPEG/3BE35B4A-412D-44C0-A4C5-8911E491FC49.jpeg?type=w1500_60_sharpen"", ""https://pup-review-phinf.pstatic.net/MjAyNjA4MTZfMTYy/MDAxNzg2ODU0MDE5MzQz.sLcRIiw4Ur01T09Geeo4Qsgw85y2dGIcXwPgyB42G-cg.ma691ZQccZEFppavAUNQHLE7C97utJby36tpEY-CziEg.JPEG/600F8FEC-D7CC-4635-A910-344ECC55966D.jpeg?type=w1500_60_sharpen"", ""https://pup-review-phinf.pstatic.net/MjAyNjA4MTZfMTUg/MDAxNzg2ODU0MDE3OTAw.DFHv8jlwQoxsLzL0C6xb-0rUeNm4hG6W3HvFjKaZESkg.TDiYKr0-sc5BXd4lm1FHpto683uCQ9gNYyrO-dXzFusg.JPEG/7012565C-866A-461A-9F4F-589E587164A8.jpeg?type=w1500_60_sharpen"", ""https://pup-review-phinf.pstatic.net/MjAyNjA4MTZfODEg/MDAxNzg2ODU0MDIxNzcw.KZaOAb9SRisirw_MIqKcjb1jbRWTj8J5Pr98g2uaEwQg.q7HzyiFxFR7C83tgihlCtuq-s8ruOM917gPxO0BtarQg.JPEG/AFE4336F-A3BB-4D49-AA7E-6490D9146A15.jpeg?type=w1500_60_sharpen"", ""https://pup-review-phinf.pstatic.net/MjAyNjA4MTZfMjgz/MDAxNzg2ODU0MDIzMzYz.q7fODHUDa9wQeSnkRBeHrZq5_oo5IlNCHRbCmlhOYjQg.CAs0VpdDQ_K94nGLcIXexLKuuRVjhFEFiz4Oo_g49kAg.JPEG/0E76C3CD-9859-4CC2-AD4A-ABD90134C861.jpeg?type=w1500_60_sharpen"", ""https://pup-review-phinf.pstatic.net/MjAyNjA4MTZfMjA4/MDAxNzg2ODU0MDI0Njk4.ACscFswFMIkpFnSNd0cRrcfiPNjxDNY44KHWgX5zvL8g.t7GiL4SkIlYfS04krvokbcmqL_d88DE6YMKyza1TQ28g.JPEG/9A2439F6-532E-44EE-9882-92D905848502.jpeg?type=w1500_60_sharpen""]",0,"[""음식이 맛있어요"", ""메뉴 구성이 알차요"", ""뷰가 좋아요"", ""반려동물과 가기 좋아요"", ""친절해요""]",,true,2026-09-01T05:14:34+00:00,naver_스노우피크-카페앤다이닝_20260901T045939Z#4
naver,스노우피크 카페앤다이닝,1451740778,https://pcmap.place.naver.com/restaurant/1451740778/review/visitor,6a8d18a6b01210a4db612028,저낫,cHpE8,https://m.place.naver.com/my/5f1135329ec8258e4a3d4ee3/review?v=2,5.0,"캠핑 후 퇴실하면서 먹었는데
너무너무 맛있어요 ! !
강아지랑 동반도 되서 너무 편하고 좋았습니다",2026-08-25,2026-08-25,1,2,"[""https://pup-review-phinf.pstatic.net/MjAyNjA4MjVfMTEy/MDAxNzg3NjMxNzgwODU4.N5N0gFZajXDCEzPCzoc5gYeLD0H-gm3aqTDbaIa-ar8g.3CjfKbfiaFaA1bgl9u5IcHrMa0aIKmvmD7Vo3441ZDkg.JPEG/E2267FC6-6932-4E09-97B4-6366394C0CB7.jpeg?type=w1500_60_sharpen"", ""https://pup-review-phinf.pstatic.net/MjAyNjA4MjVfMTkw/MDAxNzg3NjMxNzc4NDg1.IEHcAlrlQlrE4WnRg1YOXyDAz2ATxxX_eGuO8OEr-FAg.PDg7NtliyqO55gA4FrSkK8395yYrjNC3-rZw-zvYXh0g.JPEG/688B0717-E102-4F03-95F5-93D3BF104D14.jpeg?type=w1500_60_sharpen""]",0,"[""음식이 맛있어요"", ""매장이 넓어요"", ""친절해요"", ""매장이 청결해요""]",,true,2026-09-01T05:14:34+00:00,naver_스노우피크-카페앤다이닝_20260901T045939Z#5
naver,스노우피크 카페앤다이닝,1451740778,https://pcmap.place.naver.com/restaurant/1451740778/review/visitor,6a8a713452b837d7be3d44ac,LTTSY,rQNI,https://m.place.naver.com/my/5fe13a0aa5f6806b5a8da8fa/review?v=2,5.0,음식이 맛있었고 아이와 함께 오기 좋은 곳입니다🥰 뷰도 좋고 에버랜드 오면서 같이 방문하면 좋을 것 같아요 추천드립니다🫶,2026-08-23,2026-08-23,1,4,"[""https://pup-review-phinf.pstatic.net/MjAyNjA4MjNfMjY2/MDAxNzg3NDU4MjQ5MjIx.SIuwDc9Cdu5Z5sl9D-dyPzSK9oi9QzmZzq6NeYUT5L0g.2OvRD0Mx4Yqp_AzvXAPVLqTWjBFLTlMr_PeAquuIwKEg.JPEG/A91F34A2-3945-4E93-ADAA-E4C061361CAF.jpeg?type=w1500_60_sharpen"", ""https://pup-review-phinf.pstatic.net/MjAyNjA4MjNfMjkx/MDAxNzg3NDU4MjQ4NzUx.K0xboHfbAU7_iyg2elyEEMshRmkoJrMPcrb-mg4-h3og.zrlJ2Od3NRFl8lisN8Ujsxv_2tHxW_AJWT6Qwo0ZzIYg.JPEG/6A5DB86B-D60C-442E-A6B9-4085177C003E.jpeg?type=w1500_60_sharpen"", ""https://pup-review-phinf.pstatic.net/MjAyNjA4MjNfMTEw/MDAxNzg3NDU4MjUwMTU4.S24dxP_wXHKfXHHp2Xx8rvGlPk5wcLD-C5tC0CP1Q4Eg.YxcaTgVQfFe9fLBMO3qIHvp6eX22XAdOmrH_z0oJxqIg.JPEG/CE79FA36-DDF5-4361-BA97-CFE46213C71E.jpeg?type=w1500_60_sharpen"", ""https://pup-review-phinf.pstatic.net/MjAyNjA4MjNfMjg3/MDAxNzg3NDU4MjUwNjI3.bRTODFjCgIwsFbjUwoY9JGWfgzaO3Z6q-Ufd5ebUM78g.DNAEj-TGv4RlSs8IK7E8iMuMmezeIPhwLlXYhEIywH0g.JPEG/26677261-7F9C-4C26-9FFD-8D0468C3EE8D.jpeg?type=w1500_60_sharpen""]",0,"[""음식이 맛있어요"", ""인테리어가 멋져요"", ""뷰가 좋아요"", ""특별한 날 가기 좋아요""]",,true,2026-09-01T05:14:34+00:00,naver_스노우피크-카페앤다이닝_20260901T045939Z#6
naver,스노우피크 카페앤다이닝,1451740778,https://pcmap.place.naver.com/restaurant/1451740778/review/visitor,6a6d7cfaefc9379b24526cdc,ejs****,etQ8X,https://m.place.naver.com/my/61fbd4767bac1928ea61f08f/review?v=2,5.0,"스노우피크 카페만 와보다가 식당 이용은 처음 해봤는데
음식 양도 많고 맛있네요👍🏻
밥먹고 바로 옆 카페에서 커피마시기 좋아요",2026-08-01,2026-08-01,1,2,"[""https://pup-review-phinf.pstatic.net/MjAyNjA4MDFfMTEg/MDAxNzg1NTYwMzA2MjE0.TjEv5BrTWdoJ2fBY6dnGTCoYfFo5fuxZJz-hgnS7sGUg.iU5Ip8d-Rd90pEJEcjGddZaK0yINuFmRwCkh_0jZQlog.JPEG/0F34702F-7755-4581-A21E-A331A5DAE619.jpeg?type=w1500_60_sharpen"", ""https://pup-review-phinf.pstatic.net/MjAyNjA4MDFfMTQw/MDAxNzg1NTYwMzExOTUx.iyq9lWI_deq__CYXKctpSq7l2_uIsI5WC6mQYCGitOEg.qVLAG0XJhNExhNaD0hItfEJ86WoZ0QfTddznrG-MCycg.JPEG/213F6650-6B78-4534-B5D2-AC74121BF621.jpeg?type=w1500_60_sharpen""]",0,"[""음식이 맛있어요"", ""양이 많아요"", ""인테리어가 멋져요"", ""매장이 넓어요"", ""뷰가 좋아요""]",,true,2026-09-01T05:14:34+00:00,naver_스노우피크-카페앤다이닝_20260901T045939Z#7
naver,스노우피크 카페앤다이닝,1451740778,https://pcmap.place.naver.com/restaurant/1451740778/review/visitor,6a78037504ad2aefe127009f,wng****,Mb35,https://m.place.naver.com/my/5d200fb012f326ed3f8d1350/review?v=2,5.0,"음료도 디저트도 맛있어요! 
스노우피크 제품들을 직접 보고 체험해볼수있어서 좋습니다!",2026-08-09,2026-08-09,1,3,"[""https://pup-review-phinf.pstatic.net/MjAyNjA4MDlfNjEg/MDAxNzg2MjUwMTAwMDMw.Wl_p9L0UA2SUV8SeRfD3K1Fs65g0VPoyOJTE87v-lxsg.lMqWM7eAWmGCRpBETU1SkRGv1ACq1iFugh3-LSMnHTIg.JPEG/40EB116D-7BE3-4973-A823-B9F96AAF6185.jpeg?type=w1500_60_sharpen"", ""https://pup-review-phinf.pstatic.net/MjAyNjA4MDlfNjIg/MDAxNzg2MjUwMDk5OTA0.QyaSjTaEGmFWbMFToO5sVwyyiUfOBSjvdLLx_4xkLJsg.ojKts0wWhyVgrHypEnpJnpe_ZKhr6BF5CoaOfJbNphog.JPEG/C62DA754-D684-4A32-83BE-9A6C7C5C9CC3.jpeg?type=w1500_60_sharpen"", ""https://pup-review-phinf.pstatic.net/MjAyNjA4MDlfMjQ2/MDAxNzg2MjUwMDk5OTkx.Nl7EaV3UV0JuKPHMOmTSlCrCLqHTEphuPmhhPanMI_wg.WcW0956bhPO1Ps5F4jEL8cjMRIXuBOxdP4wt3GBmAHwg.JPEG/B4BD6DE2-D506-4B65-AF5D-391F9FDA716C.jpeg?type=w1500_60_sharpen""]",0,"[""음식이 맛있어요"", ""인테리어가 멋져요"", ""매장이 넓어요"", ""매장이 청결해요"", ""화장실이 깨끗해요""]",,true,2026-09-01T05:14:34+00:00,naver_스노우피크-카페앤다이닝_20260901T045939Z#8
naver,스노우피크 카페앤다이닝,1451740778,https://pcmap.place.naver.com/restaurant/1451740778/review/visitor,6a92596d39fd11e80ecfcd04,JIHEE10,4NTy9,https://m.place.naver.com/my/5c547dcc33839b651759517b/review?v=2,5.0,"아이들과 함께가기 좋고 음식도 맛있네요!
일상에도 오면 좋을거같고 특별한 날 와도 너무 좋을거같아요~
아이들과 놀기도 좋아요^^",2026-08-29,2026-08-29,1,1,"[""https://pup-review-phinf.pstatic.net/MjAyNjA4MjlfMjQ1/MDAxNzg3OTc2MDQ0Mjg4.KpUGhwMWBTWdWRj0G45awaLP_Zp0pg-XXi6BiHvhQLIg.62c-LuAXq_OHTKcddAyLkC87KdhnSGXyG0Lfu_gLMY0g.JPEG/CFEE3BF3-2870-4525-8728-7F9E024517C9.jpeg?type=w1500_60_sharpen""]",0,"[""음식이 맛있어요"", ""특별한 메뉴가 있어요"", ""야외공간이 멋져요"", ""뷰가 좋아요"", ""특별한 날 가기 좋아요""]",,true,2026-09-01T05:14:34+00:00,naver_스노우피크-카페앤다이닝_20260901T045939Z#9
naver,스노우피크 카페앤다이닝,1451740778,https://pcmap.place.naver.com/restaurant/1451740778/review/visitor,6a813f04f1da9a6b5762c425,도우너1880,1XlSS,https://m.place.naver.com/my/5e117b0f8f87a842bcb9593f/review?v=2,4.5,,,2026-08-16,2,,,0,"[""음식이 맛있어요"", ""인테리어가 멋져요""]",,true,2026-09-01T05:14:34+00:00,naver_스노우피크-카페앤다이닝_20260901T045939Z#10
naver,스노우피크 카페앤다이닝,1451740778,https://pcmap.place.naver.com/restaurant/1451740778/review/visitor,6a6d876386b40f29cc7b98e6,jms****,6A26K,https://m.place.naver.com/my/5df34cef8f87a842bc1893b3/review?v=2,5.0,,,2026-08-01,1,,,0,"[""음식이 맛있어요"", ""재료가 신선해요"", ""매장이 넓어요"", ""인테리어가 멋져요""]",,true,2026-09-01T05:14:34+00:00,naver_스노우피크-카페앤다이닝_20260901T045939Z#11
naver,스노우피크 카페앤다이닝,1451740778,https://pcmap.place.naver.com/restaurant/1451740778/review/visitor,6a5dd1bd41295310f29dfb92,goyjchoi41,2jAhA,https://m.place.naver.com/my/5ba222751b8eac4defe8bf6c/review?v=2,5.0,,,2026-07-19,2,,,0,"[""음식이 맛있어요"", ""인테리어가 멋져요"", ""뷰가 좋아요"", ""친절해요"", ""주차하기 편해요""]",,true,2026-09-01T05:14:34+00:00,naver_스노우피크-카페앤다이닝_20260901T045939Z#12
naver,스노우피크 카페앤다이닝,1451740778,https://pcmap.place.naver.com/restaurant/1451740778/review/visitor,6a288709d7ba6e8bdf63231b,guseotkd,RAPq,https://m.place.naver.com/my/5c0dfe49b4c65df1bb06178c/review?v=2,5.0,,,2026-05-30,2,,,0,"[""음식이 맛있어요"", ""인테리어가 멋져요"", ""매장이 넓어요"", ""단체모임 하기 좋아요""]",,true,2026-09-01T05:14:34+00:00,naver_스노우피크-카페앤다이닝_20260901T045939Z#13
naver,스노우피크 카페앤다이닝,1451740778,https://pcmap.place.naver.com/restaurant/1451740778/review/visitor,69dee8ad6f7e56a0badc32cf,kim****,3eSZj,https://m.place.naver.com/my/5d8de9358f87a842bce257a6/review?v=2,3.5,,,2026-04-14,1,,,0,"[""음식이 맛있어요"", ""매장이 넓어요"", ""매장이 청결해요""]",,true,2026-09-01T05:14:34+00:00,naver_스노우피크-카페앤다이닝_20260901T045939Z#14
naver,스노우피크 카페앤다이닝,1451740778,https://pcmap.place.naver.com/restaurant/1451740778/review/visitor,69db16d80f8d8b4af983aa55,체지인,3OS72,https://m.place.naver.com/my/634cb5349ae68c000616383c/review?v=2,5.0,,,2026-04-12,1,,,0,"[""양이 많아요"", ""가성비가 좋아요"", ""뷰가 좋아요""]",,true,2026-09-01T05:14:34+00:00,naver_스노우피크-카페앤다이닝_20260901T045939Z#15
naver,스노우피크 카페앤다이닝,1451740778,https://pcmap.place.naver.com/restaurant/1451740778/review/visitor,69c7aadaaed905dd4fcf0372,rio****,Pfns,https://m.place.naver.com/my/5be154dbec2b777a97263853/review?v=2,,,,2026-03-28,1,,,0,"[""단체모임 하기 좋아요"", ""인테리어가 멋져요"", ""화장실이 깨끗해요"", ""음식이 맛있어요"", ""양이 많아요""]",,true,2026-09-01T05:14:34+00:00,naver_스노우피크-카페앤다이닝_20260901T045939Z#16
naver,스노우피크 카페앤다이닝,1451740778,https://pcmap.place.naver.com/restaurant/1451740778/review/visitor,69993a5bf02c2d4715b32f04,ssin789,1qXj7,https://m.place.naver.com/my/5cdc41e341c2866b20c6d70e/review?v=2,,,,2026-02-21,1,,,0,"[""음식이 맛있어요"", ""매장이 넓어요"", ""인테리어가 멋져요"", ""친절해요"", ""매장이 청결해요""]",,true,2026-09-01T05:14:34+00:00,naver_스노우피크-카페앤다이닝_20260901T045939Z#17
naver,스노우피크 카페앤다이닝,1451740778,https://pcmap.place.naver.com/restaurant/1451740778/review/visitor,697eceace8b50b3f3611dcb6,sevenjsh,3kduw,https://m.place.naver.com/my/5efdd83e854ca9293112adc2/review?v=2,,,,2026-01-31,10,,,0,"[""음식이 맛있어요"", ""재료가 신선해요"", ""인테리어가 멋져요""]",,true,2026-09-01T05:14:34+00:00,naver_스노우피크-카페앤다이닝_20260901T045939Z#18
naver,스노우피크 카페앤다이닝,1451740778,https://pcmap.place.naver.com/restaurant/1451740778/review/visitor,696af09230c4fcdc731eb771,drslump0831,6OsxK,https://m.place.naver.com/my/5caeefadcade1842f57b8329/review?v=2,,,,2026-01-16,2,,,0,"[""음식이 맛있어요"", ""인테리어가 멋져요"", ""친절해요""]",,true,2026-09-01T05:14:34+00:00,naver_스노우피크-카페앤다이닝_20260901T045939Z#19
naver,스노우피크 카페앤다이닝,1451740778,https://pcmap.place.naver.com/restaurant/1451740778/review/visitor,6a93b7c5dedf5e9d34360a67,dgu****,3aV34,https://m.place.naver.com/my/5f0415b607df30f9d675dab1/review?v=2,5.0,아이가 놀기 좋고 직원분들이 친절해요,2026-08-30,2026-08-30,1,1,"[""https://pup-review-phinf.pstatic.net/MjAyNjA4MzBfMiAg/MDAxNzg4MDY1NzE1ODIw.goOJnnNYnL96XMM-VLnoBBScmmjnjqcykYeaPwi0mOwg.t9UvG2r9GiXNFn9sloteqADoANMssr9V2NY3FfGSEcEg.JPEG/20260830_135302.jpg?type=w1500_60_sharpen""]",0,"[""음식이 맛있어요"", ""인테리어가 멋져요"", ""친절해요""]",,true,2026-09-01T05:14:34+00:00,naver_스노우피크-카페앤다이닝_20260901T045939Z#20
naver,스노우피크 카페앤다이닝,1451740778,https://pcmap.place.naver.com/restaurant/1451740778/review/visitor,6a93b6f0afc25355ee3b7aa1,김진리,20BDF,https://m.place.naver.com/my/5b9de80a2e94ee029c938c90/review?v=2,5.0,야외에서 분위기좋게 아이들과 잘놀았습니다!,2026-08-30,2026-08-30,1,,,0,"[""음식이 맛있어요"", ""친절해요""]",,true,2026-09-01T05:14:34+00:00,naver_스노우피크-카페앤다이닝_20260901T045939Z#21
naver,스노우피크 카페앤다이닝,1451740778,https://pcmap.place.naver.com/restaurant/1451740778/review/visitor,6a939ff8b3b5de038bee4c03,HYKo,21cjk,https://m.place.naver.com/my/5ba09ed4070a394df0cc8640/review?v=2,5.0,맛있게 먹고갑니당,2026-08-30,2026-08-30,2,,,0,"[""음식이 맛있어요""]",,true,2026-09-01T05:14:34+00:00,naver_스노우피크-카페앤다이닝_20260901T045939Z#22
naver,스노우피크 카페앤다이닝,1451740778,https://pcmap.place.naver.com/restaurant/1451740778/review/visitor,6a9273324f557a9173fa91df,gud****,3HzgB,https://m.place.naver.com/my/5dc536a58f87a842bccb25aa/review?v=2,5.0,분위기 맛 모두 좋아요~!!!!!,2026-08-29,2026-08-29,1,1,"[""https://pup-review-phinf.pstatic.net/MjAyNjA4MjlfMTE5/MDAxNzg3OTgyNjQwNjcx.63XwQzPj4jzX03_sd_yPs3ON_Xm3u85W8YbdJX6wP28g.tthixA7cDr41QNeHi8STl6Cm_4a1dgf2hjIzM7rPV-og.JPEG/99CAA4E3-29E8-44AD-899C-2464F7369D49.jpeg?type=w1500_60_sharpen""]",0,"[""음식이 맛있어요"", ""재료가 신선해요"", ""매장이 넓어요"", ""단체모임 하기 좋아요""]",,true,2026-09-01T05:14:34+00:00,naver_스노우피크-카페앤다이닝_20260901T045939Z#23
naver,스노우피크 카페앤다이닝,1451740778,https://pcmap.place.naver.com/restaurant/1451740778/review/visitor,6a926ffd658196a5cd11cc07,12342499,B2wr,https://m.place.naver.com/my/5c6e559b9b90dc048b3c0634/review?v=2,5.0,캠핑 용품 사러 왔다가 먹었는데 맛도 좋고 쾌적했어요 에이드가 너무 귀여웠어요,2026-08-29,2026-08-29,1,1,"[""https://pup-review-phinf.pstatic.net/MjAyNjA4MjlfNjEg/MDAxNzg3OTgxNzg0MzY3.7HgZC24q-qnKAmQE9zM4vFP3Dc4IbuJGGwzou3aeC_kg.9JMFDiJ1SmnRhdnZqHOiXP3iIa_v2Jc4btn8qmZrYiQg.JPEG/IMG_1541.jpeg?type=w1500_60_sharpen""]",0,"[""음식이 맛있어요"", ""인테리어가 멋져요"", ""뷰가 좋아요"", ""친절해요"", ""주차하기 편해요""]",,true,2026-09-01T05:14:34+00:00,naver_스노우피크-카페앤다이닝_20260901T045939Z#24
naver,스노우피크 카페앤다이닝,1451740778,https://pcmap.place.naver.com/restaurant/1451740778/review/visitor,6a924fcc82b3645117d44c7e,한양인63,2Uqif,https://m.place.naver.com/my/5efdc9b4c8819e06c65f18b6/review?v=2,5.0,"애버랜드 가는길에 있는데 쾌적하고 인테리어도잘돼있어요
캠핑장 분위기에 애들데리고 오기 좋네요",2026-08-29,2026-08-29,1,,,0,"[""음식이 맛있어요"", ""단체모임 하기 좋아요"", ""인테리어가 멋져요""]",,true,2026-09-01T05:14:34+00:00,naver_스노우피크-카페앤다이닝_20260901T045939Z#25
naver,스노우피크 카페앤다이닝,1451740778,https://pcmap.place.naver.com/restaurant/1451740778/review/visitor,6a924fc819f8e974805ff2b7,mph****,6CGoB,https://m.place.naver.com/my/5ed1f4db8f87a842bcf618d6/review?v=2,5.0,"자연 풍경이 넘 멋진 곳 입니다
힐링 맘껏 하고 좋아요~^^^",2026-08-29,2026-08-29,1,,,0,"[""음식이 맛있어요"", ""특별한 메뉴가 있어요"", ""단체모임 하기 좋아요"", ""매장이 넓어요"", ""친절해요""]",,true,2026-09-01T05:14:34+00:00,naver_스노우피크-카페앤다이닝_20260901T045939Z#26
naver,스노우피크 카페앤다이닝,1451740778,https://pcmap.place.naver.com/restaurant/1451740778/review/visitor,6a924d5798abbfbc825f48f7,Thinkcommuate,4WycV,https://m.place.naver.com/my/5e76e4708f87a842bc2d471a/review?v=2,5.0,$,2026-08-29,2026-08-29,1,,,0,"[""인테리어가 멋져요"", ""뷰가 좋아요"", ""야외공간이 멋져요"", ""아늑해요"", ""특별한 메뉴가 있어요""]",,true,2026-09-01T05:14:34+00:00,naver_스노우피크-카페앤다이닝_20260901T045939Z#27
naver,스노우피크 카페앤다이닝,1451740778,https://pcmap.place.naver.com/restaurant/1451740778/review/visitor,697dc719c94b874a3851e356,cho****,agsaW,https://m.place.naver.com/my/5d78d9718f87a842bcec89a6/review?v=2,,,,2026-01-31,1,,,0,"[""음식이 맛있어요"", ""반려동물과 가기 좋아요"", ""차분한 분위기예요""]",,true,2026-09-01T05:14:34+00:00,naver_스노우피크-카페앤다이닝_20260901T045939Z#28
naver,마드리드,1188708686,https://pcmap.place.naver.com/restaurant/1188708686/review/visitor,6a421060f5721f82d7bd9c11,ESSENTIAL,31Aun,https://m.place.naver.com/my/5dc2db3d8f87a842bc20fe26/review?v=2,5.0,"캐리비안베이에서 놀다가 배고파서 마드리드식당 들러 바비큐치킨&돈가스 콤보에 탄산까지 같이 주문했습니다.
물놀이하고 먹어서 그런지 평소보다 훨씬 맛있게 느껴지더라고요.
바비큐치킨은 달달한 소스가 잘 어울렸고, 돈가스는 바삭해서 아이랑 같이 먹기에도 괜찮았습니다.
양도 생각보다 든든한 편이라 둘이 나눠 먹기 좋았고, 탄산까지 같이 마시니까 제대로 쉬는 느낌이 들었어요. 
물놀이 중간에 체력 충전하기 괜찮은 한 끼였습니다.",2026-06-29,2026-06-29,1,7,"[""https://pup-review-phinf.pstatic.net/MjAyNjA2MjlfMjM2/MDAxNzgyNzE0NDYxMDYy.UiPFWQyOIF_YkVcb_GM3ik3Ah1XW_3q6gmhE8NROKNog.jFuotNCsx5KhZCBb_GR8TSFgD_MeYVbxL4imdpQJ2RUg.JPEG/BD1A2C76-BFE9-4E0B-A2E7-10ABC9CBE9FF.jpeg?type=w1500_60_sharpen"", ""https://pup-review-phinf.pstatic.net/MjAyNjA2MjlfMjIy/MDAxNzgyNzE0NDYxMjQz.QBUD1yBrnIcAsdVd_I4G33upNrhRsuUe8YJtl9b6MoQg.rc65kiJbaI_6ajW9-EpRr8M5z-Ky56i2MCTPeZZtR7gg.JPEG/CA221F02-C634-429F-913C-8C1FD2AB9616.jpeg?type=w1500_60_sharpen"", ""https://pup-review-phinf.pstatic.net/MjAyNjA2MjlfMTg3/MDAxNzgyNzE0NDYwODky.pf0Z7FjLzMQNUhJn8uQFfON79Org_-TY_fTcEwwtyocg.vA-LtxRrQ25e9N9VvGM4kRtCwhQcvzmeA-IKGHYtCIAg.JPEG/63E17825-8890-4DA5-9789-E63B407BC2D3.jpeg?type=w1500_60_sharpen"", ""https://pup-review-phinf.pstatic.net/MjAyNjA2MjlfNTAg/MDAxNzgyNzE0NDYxMjIy.ggOHmhZERxzW3DeUOB-XlN6k9cirojZk6mG2yhG5Jlwg.ROBQhaZ02KiVKIsAiPgma-B9PM3_HPqvQ6piRw4Huvgg.JPEG/9710B3D4-B8FA-44B9-A28F-45CDD39912DD.jpeg?type=w1500_60_sharpen"", ""https://pup-review-phinf.pstatic.net/MjAyNjA2MjlfNzEg/MDAxNzgyNzE0NDYxMzU0.lquURFvQwRvmR_5TpiHOUupoHxHu0lqUq6uBFpRnvHMg.gFguv6P_Pm7ASHGrnfjuV5DWQpSM-WR6bw8Zw_gTWUsg.JPEG/6D4568D5-56B5-4781-AEA8-6F52B9ABE2DC.jpeg?type=w1500_60_sharpen"", ""https://pup-review-phinf.pstatic.net/MjAyNjA2MjlfMSAg/MDAxNzgyNzE0NDYyNDI2.NZQ5OluMk9BS13cN-qruv06DiHd3dSiZZlrnfRJ1P64g.qIw61JPr1G2tUSo2sgRuIwsN2rxajndER57q__pRQ9Yg.JPEG/41A6684F-BB50-4772-88F3-5D9200F485A3.jpeg?type=w1500_60_sharpen"", ""https://pup-review-phinf.pstatic.net/MjAyNjA2MjlfNDAg/MDAxNzgyNzE0NDYyNTQx.V6lwp7059fTaS82r_o5QSfwohTGa-vXUFfnTwdso2KYg.EPTd1CDWlY4ZEnAGE39wzOQWcVJV2fBODdy_rfqTh48g.JPEG/170F93A7-156C-427F-9AC9-25E0B4D0B3E9.jpeg?type=w1500_60_sharpen""]",0,"[""음식이 맛있어요"", ""양이 많아요"", ""뷰가 좋아요"", ""매장이 넓어요"", ""매장이 청결해요""]",,true,2026-09-01T05:16:20+00:00,naver_마드리드_20260901T045939Z#0
naver,마드리드,1188708686,https://pcmap.place.naver.com/restaurant/1188708686/review/visitor,6a7af5bdb1c5f8870cc0ce22,밍구의일기장,2duKE9,https://m.place.naver.com/my/68c20ca173736e3dcfdcf4ea/review?v=2,4.0,가격이 좀 비싸긴 하지만 비싼만큼 국밥에 건더기도 많고 물놀이에 지쳤을 때 좋은 고열량 및 단백질 식단이라 마음에 들었어요,2026-08-11,2026-08-11,1,3,"[""https://pup-review-phinf.pstatic.net/MjAyNjA4MTFfMjgg/MDAxNzg2NDQzMTk1OTkx.aDWw65tF6eT-e_LgeLOyJoDHzT-H948eTj31n1DbfNgg.LM7hDPtF_vnnm9vUmPf5Y-XZQat2DUkxGI772xtFy3Ug.JPEG/C060973B-12EC-4407-9536-F35B456E5291.jpeg?type=w1500_60_sharpen"", ""https://pup-review-phinf.pstatic.net/MjAyNjA4MTFfNDEg/MDAxNzg2NDQzMTk2MTgy.XUU4sSc17bFFGWmELAoyw523yNKZ3YsZRrDomF_F6lYg.Ta8XL1iU9yClrjU1x79xaobmAWh22k2U-Sdxh4wVAGUg.JPEG/A33D67AF-F78D-40B0-9DC9-F8208811D99F.jpeg?type=w1500_60_sharpen"", ""https://pup-review-phinf.pstatic.net/MjAyNjA4MTFfNjgg/MDAxNzg2NDQzMTk2MzA3.htqssHPSxglk2rvudcfoJxYWLuUTAUP4nAZEe5z222og.TVOhWBRdg4aEYx5DzWv2QVOP-TOdGOWcyUGhKFMN-R4g.JPEG/D4B963DA-5439-4040-AE22-A7CAA4BD9186.jpeg?type=w1500_60_sharpen""]",0,"[""음식이 맛있어요"", ""재료가 신선해요"", ""양이 많아요"", ""특별한 메뉴가 있어요""]",,true,2026-09-01T05:16:20+00:00,naver_마드리드_20260901T045939Z#1
naver,마드리드,1188708686,https://pcmap.place.naver.com/restaurant/1188708686/review/visitor,6a6d7e293f650ee62e87d6eb,bam****,2cXuB2,https://m.place.naver.com/my/674757ab73736e3dcfbec0ed/review?v=2,5.0,캐리비안베이에서 든든히 먹었어요. 돈까스 맛나네요. 3번메뉴 추천!,2026-08-01,2026-08-01,1,3,"[""https://pup-review-phinf.pstatic.net/MjAyNjA4MDFfMjA1/MDAxNzg1NTYwNjE0MjE3.ILNzupe5ZzsmrU1lZQgKxmp0eXy0MAerQbv2G6rzgoEg.Hde-zXEX7j0-4KP8gQYxITlqNzDQQf23HaNYM-6tbL4g.JPEG/20260801_134019.jpg.jpg?type=w1500_60_sharpen"", ""https://pup-review-phinf.pstatic.net/MjAyNjA4MDFfMTI4/MDAxNzg1NTYwNjE2Mjg0.wCc44sIV1myabWty6Yfba_yxwoRtdX75lNKGb1dBv4Qg.PQUnpp2U8yH2U8gQUlQzIpSEyB1Ca9Lb0ydqShUWE1Eg.JPEG/20260801_134016.jpg.jpg?type=w1500_60_sharpen"", ""https://pup-review-phinf.pstatic.net/MjAyNjA4MDFfMzcg/MDAxNzg1NTYwNjE1OTIz.CeKlXnTVFATeKvb1S-gXIY4B5_hctkl3Nt166jZkTQ8g.C6Ke7qVuC-S-9ZQzZ_tJIGqifi6Jj2Pd8eM_NbeHX5Ig.JPEG/20260801_134010.jpg.jpg?type=w1500_60_sharpen""]",0,"[""음식이 맛있어요"", ""양이 많아요"", ""친절해요""]",,true,2026-09-01T05:16:20+00:00,naver_마드리드_20260901T045939Z#2
naver,마드리드,1188708686,https://pcmap.place.naver.com/restaurant/1188708686/review/visitor,6a79a2cd9200c0a6c0f2fdb9,별빵맘,7aUsW,https://m.place.naver.com/my/5b937f2b3e7cf5c40a0c8e8b/review?v=2,4.5,❤️🧡,2026-08-10,2026-08-10,1,2,"[""https://pup-review-phinf.pstatic.net/MjAyNjA4MTBfODUg/MDAxNzg2MzU2NDI4Mzc0.tKWsF5wQaVcxoKWW0RSl4PI4T775w5Zdf6OskExQMA8g.7uSAnnqL9cKbu6IXhoNgVL5m2rOx-kKi20_0GWei8Twg.JPEG/20260810_160648.jpg.jpg?type=w1500_60_sharpen"", ""https://pup-review-phinf.pstatic.net/MjAyNjA4MTBfMjA1/MDAxNzg2MzU2NDI4NDEz.wjiXP8wiHxokV4zEcJIkw3G2o5hAZYnkdigyfPLK96Eg.VBDZzIklXJY1LXpnEMsW0UB8yZf99h4DHp241y-RXa8g.JPEG/Screenshot_20260810_190133_NAVER.jpg.jpg?type=w1500_60_sharpen""]",0,"[""음식이 맛있어요""]",,true,2026-09-01T05:16:20+00:00,naver_마드리드_20260901T045939Z#3
naver,마드리드,1188708686,https://pcmap.place.naver.com/restaurant/1188708686/review/visitor,6a34fc734cf916bfa039f348,아카디아Hey,elka,https://m.place.naver.com/my/5cc8872bc49d6d5799d122e3/review?v=2,4.0,조금 가격대가 있긴하지만. 워터파크 가갹대비 음식도 맛나고 치킨과 어포 튀김은 맥주안주로 딱이네요,2026-06-19,2026-06-13,1,3,"[""https://pup-review-phinf.pstatic.net/MjAyNjA2MTlfMTUz/MDAxNzgxODU3Mzk0MTYx.3VKLie8uHA0ykksc0JE2wERXfZ3sxu4tVBeNevmnGzYg.OA-Rj4VOthCcrAYz7R8Lf3oU9mb0sXZ51gM5DwGajDIg.JPEG/223590FF-5FA8-456A-B8C1-E2102479E38E.jpeg?type=w1500_60_sharpen"", ""https://pup-review-phinf.pstatic.net/MjAyNjA2MTlfMjUy/MDAxNzgxODU3Mzk0MTQ2.6V1hxUO7uSnAkDYTSyxR2DRuvnddLBLAC-WmUIOZYikg.0DSi5YVUAnt4dctDwstLetpWFo8dAH2RocX4Kher9r8g.JPEG/0D09F7D0-6E3E-4D67-B644-0CBB08B3BF48.jpeg?type=w1500_60_sharpen"", ""https://pup-review-phinf.pstatic.net/MjAyNjA2MTlfMjgz/MDAxNzgxODU3Mzk0MTgy.PPLvFY9cS0npcTJtsq8_yu5xNFQzw8ejoRvXIS0fQQIg.cBYBtFf5ZSvf_vX047ZuMKysx8IzDdkBk5WZEeqiJtQg.JPEG/DA03FF0E-E00D-4DD9-8A29-8672433107C4.jpeg?type=w1500_60_sharpen""]",0,"[""음식이 맛있어요"", ""단체모임 하기 좋아요"", ""매장이 청결해요""]",,true,2026-09-01T05:16:20+00:00,naver_마드리드_20260901T045939Z#4
naver,마드리드,1188708686,https://pcmap.place.naver.com/restaurant/1188708686/review/visitor,6a095d46a40db9eabfd21f5b,Steadfast3,5pYge,https://m.place.naver.com/my/5ca8b17d742f218124a1f249/review?v=2,5.0,로시즌엔 메뉴가 한정적😩 그래도 일단 먹어 배 채워,2026-05-17,2026-05-17,1,1,"[""https://pup-review-phinf.pstatic.net/MjAyNjA1MTdfMTM4/MDAxNzc4OTk4NTk2NDY5.l_boik72q2yGMmO-YxtfetwgpNBZ7JHKuJtDNsXfg1og.y7VLvnLnMXcG2U_VVQJ5f1AIp4qGbANASKBVBPFiUpgg.JPEG/C51C849E-44AC-4EC5-B257-DF111A4F8177.jpeg?type=w1500_60_sharpen""]",0,"[""음식이 맛있어요""]",,true,2026-09-01T05:16:20+00:00,naver_마드리드_20260901T045939Z#5
naver,마드리드,1188708686,https://pcmap.place.naver.com/restaurant/1188708686/review/visitor,6a7db39077ceafa870ebad09,온푸냥,3oMOv,https://m.place.naver.com/my/5effae6680dd0fa8cd66d471/review?v=2,4.0,,2026-08-13,2026-08-01,2,1,"[""https://pup-review-phinf.pstatic.net/MjAyNjA4MTNfMTY2/MDAxNzg2NjIyODYzNjQ3.pTNHWwp11X2WW_jvH1b9rt0-a20qNlsYJ62BY64Qqr8g.4QP9XVt8XzjHggLvYpOPoCxJV0IejjPQtbpzd0Ruo0Yg.JPEG/85A93B46-8C86-46C0-AFDD-F412F6060EB2.jpeg?type=w1500_60_sharpen""]",0,,,true,2026-09-01T05:16:20+00:00,naver_마드리드_20260901T045939Z#6
naver,마드리드,1188708686,https://pcmap.place.naver.com/restaurant/1188708686/review/visitor,69a1ac13130da8dd14c1bb5a,ns****,4uTCV,https://m.place.naver.com/my/5effe81d05187f79123b2472/review?v=2,,캐리비안베이 두번 갔는데 다 여기서만 먹었어요. 맛있고 다양해서 좋아요. 어차피 다 비싼 곳이니 여기가 제일 나은 것 같습니다.,2026-02-27,2026-02-27,1,1,"[""https://pup-review-phinf.pstatic.net/MjAyNjAyMjdfMTU3/MDAxNzcyMjAzMDI1MDA3.484-g2UkKOtsOi16u8i-Gidt_iBt4XnopYOJK9TPdq4g.JLAFhNMqciQhK3OUd1VVLsdiad-a9fri2Bprre61hKYg.JPEG/025CD37D-7075-408F-A8A2-B0ECDF4A9A13.jpeg?type=w1500_60_sharpen""]",0,"[""음식이 맛있어요""]",,true,2026-09-01T05:16:20+00:00,naver_마드리드_20260901T045939Z#7
naver,마드리드,1188708686,https://pcmap.place.naver.com/restaurant/1188708686/review/visitor,69a54f4c4f4593a295b0d10a,꽃신꽃신,2DVSk,https://m.place.naver.com/my/60d1a431a866f79d44ee507b/review?v=2,,자장면도 짬뽕도 군만두도 맛있었어요^^,2026-03-02,2026-03-01,1,1,"[""https://pup-review-phinf.pstatic.net/MjAyNjAzMDJfMTYz/MDAxNzcyNDQxNDE4ODYw.og9jagtSMZeOi3nX-4_VAfIVQpzFbNxVof2PyBWE_Fkg.onkczwbYmQL3ZQdUoUKq-3gH7QF5uW2Whvx4sIPszQcg.JPEG/20260301_190157.jpg.jpg?type=w1500_60_sharpen""]",0,"[""음식이 맛있어요"", ""재료가 신선해요"", ""양이 많아요"", ""매장이 넓어요"", ""친절해요""]",,true,2026-09-01T05:16:20+00:00,naver_마드리드_20260901T045939Z#8
naver,마드리드,1188708686,https://pcmap.place.naver.com/restaurant/1188708686/review/visitor,69477045425836c248c835d3,gol****,2cM2FB,https://m.place.naver.com/my/6707203c73736e3dcf86ae9f/review?v=2,,캐리비안베이 마드리드 식당,2025-12-21,2025-12-19,1,2,"[""https://pup-review-phinf.pstatic.net/MjAyNTEyMjFfMTEz/MDAxNzY2Mjg5NDczNTA5.GD2bbiJYiuM3B8Dm1aC1LZoE0ZaEDVcc2D8FU93w0Jwg.UHmelc1joqqYeuwKA2KCVv0X8_XMhuccQFXYcJZISg0g.JPEG/20251219_115356.jpg.jpg?type=w1500_60_sharpen"", ""https://pup-review-phinf.pstatic.net/MjAyNTEyMjFfMTcg/MDAxNzY2Mjg5NDc1MDQ0.hv80R7Z1pVpRMat_f6t2aZJn6C3KDyweavD2FnFmjYMg.dPCYjRpNzfIf2Nzry1pL6lkMSwCVBaKXzjVCK_jIfeEg.JPEG/20251219_115358.jpg.jpg?type=w1500_60_sharpen""]",0,"[""음식이 맛있어요""]",,true,2026-09-01T05:16:20+00:00,naver_마드리드_20260901T045939Z#9
naver,마드리드,1188708686,https://pcmap.place.naver.com/restaurant/1188708686/review/visitor,69a67faeec598d7c272deb6b,해피냥8,2yQKk,https://m.place.naver.com/my/5e10065e8f87a842bc28f52d/review?v=2,,,,2026-03-01,2,,,0,"[""음식이 빨리 나와요""]",,true,2026-09-01T05:16:20+00:00,naver_마드리드_20260901T045939Z#10
naver,마드리드,1188708686,https://pcmap.place.naver.com/restaurant/1188708686/review/visitor,6991c8854b7dbcc705a38e1f,동동이D,bXsyO,https://m.place.naver.com/my/61ec9da7b22a0f949d6581a3/review?v=2,,,,2026-02-08,1,,,0,"[""가성비가 좋아요"", ""특별한 메뉴가 있어요"", ""양이 많아요""]",,true,2026-09-01T05:16:20+00:00,naver_마드리드_20260901T045939Z#11
naver,마드리드,1188708686,https://pcmap.place.naver.com/restaurant/1188708686/review/visitor,68c3b3234bc00128a070605d,loveis076476,1sl7W,https://m.place.naver.com/my/5f0596c482d9f26c95eeeafa/review?v=2,,,,2025-09-09,1,,,0,"[""특별한 날 가기 좋아요""]",,true,2026-09-01T05:16:20+00:00,naver_마드리드_20260901T045939Z#12
naver,마드리드,1188708686,https://pcmap.place.naver.com/restaurant/1188708686/review/visitor,687452294351249b0c090258,양지68,15HGk,https://m.place.naver.com/my/5c6e6ad24bb61f68d9a4d144/review?v=2,,,,2025-07-12,1,,,0,"[""친절해요"", ""음식이 맛있어요""]",,true,2026-09-01T05:16:20+00:00,naver_마드리드_20260901T045939Z#13
naver,마드리드,1188708686,https://pcmap.place.naver.com/restaurant/1188708686/review/visitor,68622de43619828275c57c04,조선간장56,9jinJ,https://m.place.naver.com/my/5dc7b1728f87a842bc65db35/review?v=2,,,,2025-06-30,1,,,0,"[""음식이 맛있어요"", ""인테리어가 멋져요""]",,true,2026-09-01T05:16:20+00:00,naver_마드리드_20260901T045939Z#14
naver,마드리드,1188708686,https://pcmap.place.naver.com/restaurant/1188708686/review/visitor,6819896a07349038a3c1a89e,hyungmi89,1lf0m,https://m.place.naver.com/my/5e2bc4448f87a842bcf94790/review?v=2,,,,2025-05-03,1,,,0,"[""음식이 맛있어요"", ""재료가 신선해요""]",,true,2026-09-01T05:16:20+00:00,naver_마드리드_20260901T045939Z#15
naver,마드리드,1188708686,https://pcmap.place.naver.com/restaurant/1188708686/review/visitor,67b808caf80510fdcd918599,해피냥8,2yQKk,https://m.place.naver.com/my/5e10065e8f87a842bc28f52d/review?v=2,,,,2025-02-15,1,,,0,"[""음식이 맛있어요"", ""양이 많아요""]",,true,2026-09-01T05:16:20+00:00,naver_마드리드_20260901T045939Z#16
naver,마드리드,1188708686,https://pcmap.place.naver.com/restaurant/1188708686/review/visitor,67a63a8640e82e69665c89b7,라미0221,2qADE,https://m.place.naver.com/my/5da8f6f68f87a842bc25a5de/review?v=2,,,,2025-02-06,2,,,0,"[""음식이 맛있어요""]",,true,2026-09-01T05:16:20+00:00,naver_마드리드_20260901T045939Z#17
naver,마드리드,1188708686,https://pcmap.place.naver.com/restaurant/1188708686/review/visitor,67bd66fb4145fb0aabd89f49,미밍8322,199bt,https://m.place.naver.com/my/5d9edd2a8f87a842bcbe9a91/review?v=2,,,,2025-02-09,1,,,0,"[""음식이 맛있어요""]",,true,2026-09-01T05:16:20+00:00,naver_마드리드_20260901T045939Z#18
naver,마드리드,1188708686,https://pcmap.place.naver.com/restaurant/1188708686/review/visitor,677beb5834fd008459ea3c45,내가짱이다70,2SlU3,https://m.place.naver.com/my/5d00b1ad935997c1012e707f/review?v=2,,,,2024-12-06,1,,,0,"[""음식이 맛있어요""]",,true,2026-09-01T05:16:20+00:00,naver_마드리드_20260901T045939Z#19
naver,마드리드,1188708686,https://pcmap.place.naver.com/restaurant/1188708686/review/visitor,69f93e1b585354bdd9ff3eac,마가렛79,36sSu,https://m.place.naver.com/my/5c62ce733381c66400dc51f3/review?v=2,5.0,맛있게 먹었어요,2026-05-05,2026-05-03,2,,,0,"[""음식이 맛있어요""]",,true,2026-09-01T05:16:20+00:00,naver_마드리드_20260901T045939Z#20
naver,마드리드,1188708686,https://pcmap.place.naver.com/restaurant/1188708686/review/visitor,69f83cfd74573395947b53e5,오륙도다,1vrbr,https://m.place.naver.com/my/5f06e3b8d6ec8fd5cc9c9ee4/review?v=2,5.0,사람이 많이 몰릴때는 어쩔수없이 많이 기다림,2026-05-04,2026-05-03,1,,,0,"[""단체모임 하기 좋아요"", ""화장실이 깨끗해요"", ""매장이 청결해요""]",,true,2026-09-01T05:16:20+00:00,naver_마드리드_20260901T045939Z#21
naver,마드리드,1188708686,https://pcmap.place.naver.com/restaurant/1188708686/review/visitor,6871c26a0774ec0fe20305c8,hugosun,1bFEK,https://m.place.naver.com/my/5d9073228f87a842bc1815e4/review?v=2,,,,2025-07-12,1,,,0,"[""특별한 메뉴가 있어요""]",,true,2026-09-01T05:16:20+00:00,naver_마드리드_20260901T045939Z#22
naver,마드리드,1188708686,https://pcmap.place.naver.com/restaurant/1188708686/review/visitor,683c7eda32ccacb49a869bc6,gadria83,2LtBf,https://m.place.naver.com/my/5d036635f2b140e17c54d778/review?v=2,,,,2025-05-24,1,,,0,"[""음식이 맛있어요""]",,true,2026-09-01T05:16:20+00:00,naver_마드리드_20260901T045939Z#23
naver,가든테라스,1839013733,https://pcmap.place.naver.com/restaurant/1839013733/review/visitor,6a142392e8b36df11a5e8ba0,JayorJY,2MeZK,https://m.place.naver.com/my/5d647f128f87a842bc3482b0/review?v=2,5.0,소시지 & 카레라이스,2026-05-25,2026-05-22,1,1,"[""https://pup-review-phinf.pstatic.net/MjAyNjA1MjVfNCAg/MDAxNzc5NzA0NzIwNTg5.tT5MQT4urjf1Aok9KWeAOZSUGM_oJKi523M42DV9z4cg.h9bfqqw8weagjL7Va0oenvAFD_4ziwJal9fByCJ7oRkg.JPEG/D36A3413-A2CC-4DCE-911D-5C655757ECC9.jpeg?type=w1500_60_sharpen""]",0,"[""음식이 맛있어요""]",,true,2026-09-01T05:18:27+00:00,naver_가든테라스_20260901T045939Z#0
naver,가든테라스,1839013733,https://pcmap.place.naver.com/restaurant/1839013733/review/visitor,6a1ea81e49f2e2f8feaa87c4,boa7272,lnU2,https://m.place.naver.com/my/5db5b2348f87a842bc8c5e33/review?v=2,5.0,굿,2026-06-02,2026-05-31,1,1,"[""https://pup-review-phinf.pstatic.net/MjAyNjA2MDJfMzQg/MDAxNzgwMzk0MDEyMDM1.gt0g3E1IGBMmsrXx_jC_YTdymqjL56N7qzEdio6xGYcg.OhFHfYjeNf3BLOTG47K4omDmKSDA3gGbhu2LXU8qdRsg.JPEG/20260531_161501.jpg.jpg?type=w1500_60_sharpen""]",0,"[""뷰가 좋아요"", ""인테리어가 멋져요""]",,true,2026-09-01T05:18:27+00:00,naver_가든테라스_20260901T045939Z#1
naver,가든테라스,1839013733,https://pcmap.place.naver.com/restaurant/1839013733/review/visitor,69e30621b4bc7d2223f5dd59,dydgus0691,uRMG,https://m.place.naver.com/my/5dae57248f87a842bc2553a7/review?v=2,3.0,,2026-04-18,2026-04-13,1,1,"[""https://pup-review-phinf.pstatic.net/MjAyNjA0MThfMjE3/MDAxNzc2NDg1OTIwNzEy.vrJWkyT7Z3S7g9G5v8VNZbztS_RaR59_rJnfR8PslN4g.6NFV_C8Wq2IrbWQyAUUZHAHp_Iwiy_ip7ek1Z6VrAFgg.JPEG/0B310688-931E-43CC-95B3-AF0460A608F1.jpeg?type=w1500_60_sharpen""]",0,"[""친절해요"", ""좌석이 편해요"", ""매장이 청결해요"", ""매장이 넓어요"", ""대화하기 좋아요""]",,true,2026-09-01T05:18:27+00:00,naver_가든테라스_20260901T045939Z#2
naver,가든테라스,1839013733,https://pcmap.place.naver.com/restaurant/1839013733/review/visitor,68eb509ebaf4d5cd5cce8341,백팩커 재구언,4a15F,https://m.place.naver.com/my/5d7bbda88f87a842bc23dd8e/review?v=2,,"11월 15일에 레니와친구들 생일카페다시 열어주세요!!!! 달려올게요!!!

에버랜드에서 가장 다양한 음식들을 먹을수있는 카페겸 레스토랑
여기 자주 오는 것 같아요. 놀이기구 기다리다가 지쳤을 때 쉬기에 제격이거든요!",2025-10-12,2025-10-12,4,3,"[""https://pup-review-phinf.pstatic.net/MjAyNTEwMTJfMiAg/MDAxNzYwMjUyMDU2NTY3.crFCKHmg9UkEnLkbWMAHlzTnSmJEsqsKtl5tBLpW6K4g.IHQAO376lA7b4vn5XT5hWwECuuSVJ5alBHTGf_eiGZ8g.JPEG/3355B85F-9309-4294-8DD2-AD65DCB9D738.jpeg"", ""https://pup-review-phinf.pstatic.net/MjAyNTEwMTJfMTIz/MDAxNzYwMjUyMDYwMDMy.VxGn5v8FW6JkzY94l_KkH1RcDqLPbVFnk0ISIjy4Nn8g.i1oykO2SKIktsIqByghbIyPVVUQOAByS3Qg3lSpDYZMg.JPEG/8ED55516-327D-419B-9201-B239D69E0156.jpeg?type=w1500_60_sharpen"", ""https://pup-review-phinf.pstatic.net/MjAyNTEwMTJfNTMg/MDAxNzYwMjUyMDU5NTQ2.pLJ_kq8DmbNTg7HswaNKN4f3iDqwlKgC_aRTw5Y8H-8g.fkHYkqjrx0G43TzjxwTsg9VVrZCs94P17biX6ZTbcPcg.JPEG/D73B0897-B60E-4872-B176-A5A54FE051E2.jpeg?type=w1500_60_sharpen""]",0,"[""재료가 신선해요"", ""음식이 맛있어요"", ""양이 많아요"", ""특별한 메뉴가 있어요"", ""인테리어가 멋져요""]",,true,2026-09-01T05:18:27+00:00,naver_가든테라스_20260901T045939Z#3
naver,가든테라스,1839013733,https://pcmap.place.naver.com/restaurant/1839013733/review/visitor,68da0382ba379c58b85251d8,상위 1프로83,x1v8,https://m.place.naver.com/my/6248fc94e319421df33c7529/review?v=2,,에버랜드내에 있는 가든카페는 최고의 뷰를 자랑합니다~ 내부에게 간단한 커피와 베이커리를 먹고 메인광장 경치를 보는 묘미가 있어요~ 야외 최고 뷰 맛집으로 자신합니다^^,2025-09-29,2025-09-21,1,9,"[""https://pup-review-phinf.pstatic.net/MjAyNTA5MjlfMjI5/MDAxNzU5MTE4MTczOTQ1.VLUiSe6DgFxKUqhwLeCejDC1UoiF_78idV4I_pc0vWkg.PMxLUd5SAoZmLOt4pqD7FYBvXtQR6VI5gV0VlInwkrEg.JPEG/20250921_162638.jpg.jpg?type=w1500_60_sharpen"", ""https://pup-review-phinf.pstatic.net/MjAyNTA5MjlfNjgg/MDAxNzU5MTE4MTczODUz.T7EszEVAz9-EocKrP4ciDefL_x9SwBytXnGA4daTfv8g.PT_0fRlK9matFu9nWzbwCOdFzDRTkU1r0pUC7dhme0kg.JPEG/20250921_162629.jpg.jpg?type=w1500_60_sharpen"", ""https://pup-review-phinf.pstatic.net/MjAyNTA5MjlfMjQw/MDAxNzU5MTE4MTc1MTgx.tA-C6hrMKpxrwgI6bVreAngkCyeJjk3LV1adKMTScwog.xaxBNRav7-SbJlO3GjAG5Qvq1CSCT18_ABw0FowSUwwg.JPEG/20250921_162619.jpg.jpg?type=w1500_60_sharpen"", ""https://pup-review-phinf.pstatic.net/MjAyNTA5MjlfNjUg/MDAxNzU5MTE4MjA2ODY5.a9nLKqz9H9Xap7rUyfrST3xkD69YRI7j_bF9h3ODGZ4g.kMrSJhYsZjjDF_s1hfYWdP3-kNDFrNE1Ows4zNlcWG4g.JPEG/20250921_162612.jpg.jpg?type=w1500_60_sharpen"", ""https://pup-review-phinf.pstatic.net/MjAyNTA5MjlfMjQg/MDAxNzU5MTE4MjAyMzk1.d2K3fEefuD-tflnITMCnvuuT4WyETAxBY8_qCvfE_kog._eWrUHJGLytHaaX3PeX2Q7HjX73NW1gBk7X1L5PRNXQg.JPEG/20250921_162609.jpg.jpg?type=w1500_60_sharpen"", ""https://pup-review-phinf.pstatic.net/MjAyNTA5MjlfMzAw/MDAxNzU5MTE4MjAxNTIw.F06Li_LiFAhfO0w_TEYXdWooMwMeYr0rw9ffmCw7hkQg.UV84g4cJrqeNnbkvWdb4Ubpxo6KQPHwzHyYnKXt-ao8g.JPEG/20250921_162603.jpg.jpg?type=w1500_60_sharpen"", ""https://pup-review-phinf.pstatic.net/MjAyNTA5MjlfMTEz/MDAxNzU5MTE4MTk3Mzc4.y5DChyv-crTRO_qpKACTn2QDdj6VcrgJtljuuqbreS4g.nSWF5eTk1cyiUX5L0EyqPmYhvaLNV4q1iQj7enG4brQg.JPEG/20250921_163021.jpg.jpg?type=w1500_60_sharpen"", ""https://pup-review-phinf.pstatic.net/MjAyNTA5MjlfMzkg/MDAxNzU5MTE4MTg2MDgy.rsgMq4GDHUic2_t9FOTeNGgZB4sAp04ruo-FXA1SKB4g.flxxf8TRkgqCXCJ7kVBKvCivXE27VPsxD87yeP-n-GYg.JPEG/20250921_163015.jpg.jpg?type=w1500_60_sharpen"", ""https://pup-review-phinf.pstatic.net/MjAyNTA5MjlfMjQ3/MDAxNzU5MTE4MjA2NjMx.zceZ9tO-F3PwBQGL_LMRanCFo_IDbQltmDIJuNXKoTIg.mHVnOOQfdYAsfr5Pa9paNh3W8KdK7apbVtiEhWcBnKsg.JPEG/20250921_163012.jpg.jpg?type=w1500_60_sharpen""]",0,"[""뷰가 좋아요"", ""사진이 잘 나와요"", ""야외공간이 멋져요"", ""특별한 날 가기 좋아요"", ""매장이 청결해요""]",,true,2026-09-01T05:18:27+00:00,naver_가든테라스_20260901T045939Z#4
naver,가든테라스,1839013733,https://pcmap.place.naver.com/restaurant/1839013733/review/visitor,6903679ccda4de838d243d83,해피윰8,NCGV,https://m.place.naver.com/my/5f063637de46936b673ab171/review?v=2,,"선택할 밥종류가 없긴해서 있는거 시켜봤는데...가격대비 너무 양이 터무니없네요ㅠㅠ
비프스튜는 고기가 거의 없고 실망임. 카레라이스는 그럭저럭이네요...",2025-10-30,2025-10-23,1,1,"[""https://pup-review-phinf.pstatic.net/MjAyNTEwMzBfMjg4/MDAxNzYxODMwODEwNTM3.Bya01kPR1EMgq6J0If0WJwYXnfB1hc6p6mCP_AC08awg.JOTptnU-R0ebwV3dhqbwGyUv8xkUBsHaftrnhMIpKa0g.JPEG/1000023985.jpg.jpg?type=w1500_60_sharpen""]",0,"[""매장이 넓어요"", ""친절해요""]",,true,2026-09-01T05:18:27+00:00,naver_가든테라스_20260901T045939Z#5
naver,가든테라스,1839013733,https://pcmap.place.naver.com/restaurant/1839013733/review/visitor,68dea8f25d8f6a8870ed9923,빛나는 별 s,1c6Ga,https://m.place.naver.com/my/5d61ccd68f87a842bcdb7b97/review?v=2,,소세지 카레라이스도 맛있었고 순살치킨 짜거나 맵지않아 아이도 잘 먹었어요,2025-10-03,2025-10-02,1,1,"[""https://pup-review-phinf.pstatic.net/MjAyNTEwMDNfMjE4/MDAxNzU5NDIyNzA0OTMz.7dY2UOFiJdCEjn57VSj9s-QoDtC2tig2t4NJG_rLPi4g.dLDVsgJbJoB17d0ItZUbtIKRMBU3OMHKBCMtTSU6RPog.JPEG/20251002_190132.jpg.jpg?type=w1500_60_sharpen""]",0,"[""음식이 맛있어요""]",,true,2026-09-01T05:18:27+00:00,naver_가든테라스_20260901T045939Z#6
naver,가든테라스,1839013733,https://pcmap.place.naver.com/restaurant/1839013733/review/visitor,68b933b2abc1332167a1b1ca,k i m m i,3QV9R,https://m.place.naver.com/my/5e1d361b8f87a842bceb910b/review?v=2,,"점심시간 전에 미리 아점시간때 가서 대기없이 자리 잡을 수 있었습니다.ㅎ 
그럼에도 사람이 바글바글해서 시끄럽고 정신없긴 해요.ㅎ
와중에 테이블 간격이 너무 좁아서 통행이 불편하더라구요.ㅜ 
근데 다 맛있었어요~ㅎㅎ 
아이는 카레라이스가 제일 맛있다네요~",2025-09-04,2025-06-06,1,2,"[""https://video-phinf.pstatic.net/20250904_260/1756967845379lcuMB_JPEG/xBUAYs6Q35_03.jpg"", ""https://pup-review-phinf.pstatic.net/MjAyNTA5MDRfMjQ0/MDAxNzU2OTY3ODQzNjYw.zhfz7DLr9EbQkkWNOruV8J_yyiIFJXmm6mwSQDgzQVcg.B2FRdGeP0hpedkTNFBsRt-PryXzeIuu8i6N2tfsD0Iwg.JPEG/20250606_123119.jpg.jpg?type=w1500_60_sharpen""]",1,"[""음식이 맛있어요""]",,true,2026-09-01T05:18:27+00:00,naver_가든테라스_20260901T045939Z#7
naver,가든테라스,1839013733,https://pcmap.place.naver.com/restaurant/1839013733/review/visitor,68d7807d4a7d0a2eab7bc5de,백팩커 재구언,4a15F,https://m.place.naver.com/my/5d7bbda88f87a842bc23dd8e/review?v=2,,가든테라스 신상 빵 나왔네요  ~ 맛있었습니다 ㅎ,2025-09-27,2025-09-27,3,4,"[""https://pup-review-phinf.pstatic.net/MjAyNTA5MjdfNjUg/MDAxNzU4OTUzNTkxNjM1.vZH1LUo6i0YDkfu5hHxPIvwC1iqiHZNwr3hGAJmeFD8g.C98K6lDfxTs7lg_ORcFkBpxZr8efaE7mg3d7zck8HGYg.JPEG/FE198281-CFC6-49C9-9659-A0CC441578BC.jpeg"", ""https://pup-review-phinf.pstatic.net/MjAyNTA5MjdfOSAg/MDAxNzU4OTUzNTk0ODk0.zB-yQmZFrF7uQEsVib5E-rXxWku_uBnCAhaWH9JWLaMg.V5BHJvhvO-91rtSrKiNXzoIXZ3igFBfYF2LF30M2ah4g.JPEG/77AAE631-2CA2-44FA-9103-D6FB1EFF3513.jpeg?type=w1500_60_sharpen"", ""https://pup-review-phinf.pstatic.net/MjAyNTA5MjdfMjAz/MDAxNzU4OTUzNTk0NzQ5.0lHPs4SbtEkOFahv5yXBXo4jRAqykypywolaEzaKav0g.RR5_vc4z3GWFInP9wgsSL7rqVfEKt6FK0FsgVqo14oAg.JPEG/CD10EDD0-064C-45BE-88A6-2EEDC956665E.jpeg?type=w1500_60_sharpen"", ""https://pup-review-phinf.pstatic.net/MjAyNTA5MjdfMjYg/MDAxNzU4OTUzNTk0OTQy.M6JV7vGvAeiE-1ysOY0KGhhHEp9xxHkv7i-kde1T_CQg.XAxhPqUQjRzu63y1iylUdIROQUG_3ymF4zfKEzVW5o0g.JPEG/B1B378AD-2F8A-45AD-8828-BA11ED4050CF.jpeg?type=w1500_60_sharpen""]",0,"[""음식이 맛있어요"", ""재료가 신선해요"", ""양이 많아요"", ""매장이 넓어요""]",,true,2026-09-01T05:18:27+00:00,naver_가든테라스_20260901T045939Z#8
naver,가든테라스,1839013733,https://pcmap.place.naver.com/restaurant/1839013733/review/visitor,68da0d0fbbb8861eb12f9c78,신나게6053,6DL6H,https://m.place.naver.com/my/6190a34782fc7500070cba9e/review?v=2,,카레라이스야미~,2025-09-29,2025-09-26,1,,,0,"[""음식이 맛있어요"", ""재료가 신선해요""]",,true,2026-09-01T05:18:27+00:00,naver_가든테라스_20260901T045939Z#9
naver,가든테라스,1839013733,https://pcmap.place.naver.com/restaurant/1839013733/review/visitor,6853f145ea39d63995cd930f,shd****,AbDF,https://m.place.naver.com/my/61b730e0aaa6d3f1f07ffd74/review?v=2,,,,2025-06-19,1,,,0,"[""매장이 넓어요"", ""음식이 맛있어요"", ""친절해요"", ""매장이 청결해요"", ""주차하기 편해요""]",,true,2026-09-01T05:18:27+00:00,naver_가든테라스_20260901T045939Z#10
naver,가든테라스,1839013733,https://pcmap.place.naver.com/restaurant/1839013733/review/visitor,682bdc27fffeb8bfa29073d2,jmi****,5Ra9O,https://m.place.naver.com/my/5f06be0b2485c5130cf35a27/review?v=2,,,,2025-05-15,1,,,0,"[""매장이 청결해요"", ""특별한 날 가기 좋아요"", ""특별한 메뉴가 있어요""]",,true,2026-09-01T05:18:27+00:00,naver_가든테라스_20260901T045939Z#11
naver,가든테라스,1839013733,https://pcmap.place.naver.com/restaurant/1839013733/review/visitor,67e149e4fc496916b2442bab,skkk,SY0M,https://m.place.naver.com/my/5bf7c146c1c93a098385ce39/review?v=2,,,,2025-03-12,1,,,0,"[""음식이 맛있어요""]",,true,2026-09-01T05:18:27+00:00,naver_가든테라스_20260901T045939Z#12
naver,가든테라스,1839013733,https://pcmap.place.naver.com/restaurant/1839013733/review/visitor,67159f574a46daf6bf111376,사랑가득한스푼,17nbM,https://m.place.naver.com/my/5c0a20a85de105a6889868d3/review?v=2,,,,2024-10-20,1,,,0,"[""음식이 맛있어요""]",,true,2026-09-01T05:18:27+00:00,naver_가든테라스_20260901T045939Z#13
naver,가든테라스,1839013733,https://pcmap.place.naver.com/restaurant/1839013733/review/visitor,6711139fc145e0c877f9f3d9,ksyrsw,1MCXd,https://m.place.naver.com/my/5c75f8c7764733e3723fd702/review?v=2,,,,2024-10-17,1,,,0,"[""음식이 맛있어요"", ""특별한 메뉴가 있어요"", ""매장이 넓어요""]",,true,2026-09-01T05:18:27+00:00,naver_가든테라스_20260901T045939Z#14
naver,가든테라스,1839013733,https://pcmap.place.naver.com/restaurant/1839013733/review/visitor,67206a6bf0ba3db0f0344282,햄무햄무,3LnMN,https://m.place.naver.com/my/5ddf483e9ec8258e4a5396d6/review?v=2,,,,2024-10-29,1,,,0,"[""음식이 맛있어요""]",,true,2026-09-01T05:18:27+00:00,naver_가든테라스_20260901T045939Z#15
naver,가든테라스,1839013733,https://pcmap.place.naver.com/restaurant/1839013733/review/visitor,679ff8fcc2be6b18adeee1ff,67****,66IfL,https://m.place.naver.com/my/5db540558f87a842bcd3d241/review?v=2,,,,2025-01-27,1,,,0,"[""음식이 맛있어요"", ""매장이 넓어요"", ""매장이 청결해요""]",,true,2026-09-01T05:18:27+00:00,naver_가든테라스_20260901T045939Z#16
naver,가든테라스,1839013733,https://pcmap.place.naver.com/restaurant/1839013733/review/visitor,6780ad2393a25f7e74689c14,킹큥,cBXJt,https://m.place.naver.com/my/60e1069239b21d1203c25a3e/review?v=2,,,,2024-10-31,1,,,0,"[""음식이 맛있어요""]",,true,2026-09-01T05:18:27+00:00,naver_가든테라스_20260901T045939Z#17
naver,가든테라스,1839013733,https://pcmap.place.naver.com/restaurant/1839013733/review/visitor,672229dfa3cfe35bbc583030,Choi65,3PjEt,https://m.place.naver.com/my/5f06cc00848333b0d5bfb158/review?v=2,,,,2024-10-30,1,,,0,"[""음식이 맛있어요"", ""재료가 신선해요""]",,true,2026-09-01T05:18:27+00:00,naver_가든테라스_20260901T045939Z#18
naver,가든테라스,1839013733,https://pcmap.place.naver.com/restaurant/1839013733/review/visitor,6739b484d9f7a3487529f82f,픽디,mZnL,https://m.place.naver.com/my/5d89a9958f87a842bc9df8da/review?v=2,,,,2024-11-15,1,,,0,"[""음식이 맛있어요""]",,true,2026-09-01T05:18:27+00:00,naver_가든테라스_20260901T045939Z#19
naver,가든테라스,1839013733,https://pcmap.place.naver.com/restaurant/1839013733/review/visitor,68707ecec7391a5383400a7d,alf****,1fzma,https://m.place.naver.com/my/5bf502499834cbd872d34c5e/review?v=2,,,2025-07-11,2025-07-10,1,1,"[""https://pup-review-phinf.pstatic.net/MjAyNTA3MTFfMjM4/MDAxNzUyMjAyOTU3MjI3.B8Eill1ZUPOBvyqLVkT2X57MJTJ2CFPG6C1Ltvp82Vog.JOXXdslkuJWjRJG37Ut0TyhVX0KQA2H2Eh6Yq00xgfUg.JPEG/20250710_162858.jpg.jpg?type=w1500_60_sharpen""]",0,"[""음식이 맛있어요""]",,true,2026-09-01T05:18:27+00:00,naver_가든테라스_20260901T045939Z#20
naver,가든테라스,1839013733,https://pcmap.place.naver.com/restaurant/1839013733/review/visitor,68492359dd04f1b8ef04489a,흰둥흰둥흰둥,2MLKH,https://m.place.naver.com/my/5e40972f8f87a842bcca0685/review?v=2,,시원한 맥주에 바삭한치킨 좋아용💛,2025-06-11,2025-06-11,1,1,"[""https://pup-review-phinf.pstatic.net/MjAyNTA2MTFfNDkg/MDAxNzQ5NjIzNjM5NDA1.rJePm7JBuNwzPQQKhUrCPgrQe2OpnaIZfuf0udl5-Mog.oFX8nXm7-urBFCbY8O8wse3R2G7axd_q1h-9O-FfEoAg.JPEG/20250611_145519.jpg.jpg?type=w1500_60_sharpen""]",0,"[""음식이 맛있어요"", ""양이 많아요""]",,true,2026-09-01T05:18:27+00:00,naver_가든테라스_20260901T045939Z#21
naver,가든테라스,1839013733,https://pcmap.place.naver.com/restaurant/1839013733/review/visitor,6842a8b3cab3829ec486ee78,yellow5280,1HfMj,https://m.place.naver.com/my/5ec79f398f87a842bcfa8d01/review?v=2,,맛있어요,2025-06-06,2025-06-06,1,1,"[""https://pup-review-phinf.pstatic.net/MjAyNTA2MDZfMTI0/MDAxNzQ5MTk5MDI0OTIy.hqXyWK8WQ1IHq_7_DRkmT_ypTCC1bphIlx51Mao5owIg.8FsJpP0HLcGN6r_oSNGDYdccxhsjNF5pz8YRQ1dzYvcg.JPEG/20250606_173504.jpg.jpg?type=w1500_60_sharpen""]",0,"[""음식이 맛있어요""]",,true,2026-09-01T05:18:27+00:00,naver_가든테라스_20260901T045939Z#22
naver,가든테라스,1839013733,https://pcmap.place.naver.com/restaurant/1839013733/review/visitor,68440fb97a1ae88ebc28c182,술린이90,5jMBf,https://m.place.naver.com/my/5ea3e7808f87a842bca81078/review?v=2,,ɢᴏᴏᴅ ᴊᴏʙ 'o' bɢᴏᴏᴅ ᴊᴏʙ 'o' bɢᴏᴏᴅ ᴊᴏʙ 'o' b,2025-06-07,2025-06-05,1,,,0,"[""음식이 맛있어요""]",,true,2026-09-01T05:18:27+00:00,naver_가든테라스_20260901T045939Z#23
naver,가든테라스,1839013733,https://pcmap.place.naver.com/restaurant/1839013733/review/visitor,684e4b00320b054dc0bd4469,이쁜여우Vm,bC7v,https://m.place.naver.com/my/5d21a8cf1fee3df36c39585a/review?v=2,,좋아요,2025-06-15,2025-05-16,1,,,0,"[""음식이 맛있어요"", ""양이 많아요"", ""뷰가 좋아요""]",,true,2026-09-01T05:18:27+00:00,naver_가든테라스_20260901T045939Z#24
naver,가든테라스,1839013733,https://pcmap.place.naver.com/restaurant/1839013733/review/visitor,6826d435e7c54cfb5bac94f3,안두루,2FR01,https://m.place.naver.com/my/5c60e8ddd62797c92e5b08e6/review?v=2,,와우...,2025-05-16,2025-05-15,1,1,"[""https://pup-review-phinf.pstatic.net/MjAyNTA1MTZfMjc2/MDAxNzQ3Mzc1MTU2MTEx.J2_XNGKYk6aGfBiCYlxon2Mn67WPSUhOczY0wEeGbdMg.QU4zWaKeDo76WzUM9A1K69mRveqcpjAWIQX_pNvYv9Ig.JPEG/20250515_163921.jpg.jpg?type=w1500_60_sharpen""]",0,"[""음식이 맛있어요"", ""재료가 신선해요"", ""양이 많아요"", ""특별한 메뉴가 있어요"", ""가성비가 좋아요""]",,true,2026-09-01T05:18:27+00:00,naver_가든테라스_20260901T045939Z#25
naver,가든테라스,1839013733,https://pcmap.place.naver.com/restaurant/1839013733/review/visitor,68259a3a5267be42a1c7d4c3,빛찡,9IHsR,https://m.place.naver.com/my/5dcbf7b08f87a842bc0e62e3/review?v=2,,시나모롤ㅋㅋ,2025-05-15,2025-05-15,1,1,"[""https://pup-review-phinf.pstatic.net/MjAyNTA1MTVfMjk3/MDAxNzQ3Mjk0NzYyOTg1.HC7h8Vr9It56lagACt0jFN-kVGus5MdUrxOhP8lxMjwg.uAuOiTNbduawlCv68I107oMuooasFpzs8JRl7PGiEWgg.JPEG/20250515_163841.jpg?type=w1500_60_sharpen""]",0,"[""뷰가 좋아요"", ""인테리어가 멋져요""]",,true,2026-09-01T05:18:27+00:00,naver_가든테라스_20260901T045939Z#26
naver,가든테라스,1839013733,https://pcmap.place.naver.com/restaurant/1839013733/review/visitor,68259db722c796f54bee2a06,Daiquiri,2GrPq,https://m.place.naver.com/my/5bc5da1fda3f5754047e1c39/review?v=2,,감사합니다,2025-05-15,2025-05-11,2,1,"[""https://pup-review-phinf.pstatic.net/MjAyNTA1MTVfMjQw/MDAxNzQ3Mjk1NjY5MjQx.KJbTlqorqGhC9HyPPAKFFniq1RUmPr_FN5kMI-1payMg.31As9WZpalLDeeOS6EY_8jj2pCGkPxb3NJ270mHbClsg.JPEG/BD3A9D6B-31A7-4515-AF7E-C7220AEB49E6.jpeg?type=w1500_60_sharpen""]",0,,,true,2026-09-01T05:18:27+00:00,naver_가든테라스_20260901T045939Z#27
naver,가든테라스,1839013733,https://pcmap.place.naver.com/restaurant/1839013733/review/visitor,6819d2b2c58a5399a4dd8328,나혼자 살까,3csur,https://m.place.naver.com/my/607534e070213c1dd4160336/review?v=2,,😀😃😄😁,2025-05-06,2025-05-06,1,,,0,"[""음식이 맛있어요"", ""재료가 신선해요"", ""양이 많아요"", ""특별한 메뉴가 있어요"", ""가성비가 좋아요""]",,true,2026-09-01T05:18:27+00:00,naver_가든테라스_20260901T045939Z#28
naver,가든테라스,1839013733,https://pcmap.place.naver.com/restaurant/1839013733/review/visitor,68af12699d6c303feb3aa8b2,수맘83,466sL,https://m.place.naver.com/my/5f9b5a7c77e9f7ee5fd64b7c/review?v=2,,마르게리타 페스츄리 피자 맛있어요,2025-08-27,2025-08-23,1,,,0,"[""음식이 맛있어요"", ""가성비가 좋아요"", ""대화하기 좋아요"", ""뷰가 좋아요"", ""매장이 넓어요""]",,true,2026-09-01T05:18:27+00:00,naver_가든테라스_20260901T045939Z#29
naver,가든테라스,1839013733,https://pcmap.place.naver.com/restaurant/1839013733/review/visitor,672069b64a6d0aa6994867a2,seong116,2FCvA,https://m.place.naver.com/my/5eff93f7de5d1e6a342b4c8e/review?v=2,,,,2024-10-29,1,,,0,"[""인테리어가 멋져요"", ""뷰가 좋아요""]",,true,2026-09-01T05:18:27+00:00,naver_가든테라스_20260901T045939Z#30
naver,멜팅소울 캐리비안베이점,1679236775,https://pcmap.place.naver.com/restaurant/1679236775/review/visitor,69e301e05bbf07f8326036a6,Mmmmmme,a8rO,https://m.place.naver.com/my/5be264bf3a1748aaec033932/review?v=2,5.0,"7살 아이와 단둘이 와서 늘 먹는 메뉴에요🍔🍟🥤
놀이공원 물가대비 아주 괜찮은 메뉴랍니다!
갠적으로 쉑버거보다 더 맛있어용😁
물놀이 후 먹는 버거와 감튀는 증멜루 꿀맛이에요!
치즈볼은 처음 주문했는데 겉바 속쫀
무조건 시키세영💕 배 든든히 채우고 물놀이
슝 합니다🏊‍♂️🏊‍♀️🏊",2026-04-18,2026-04-18,1,1,"[""https://pup-review-phinf.pstatic.net/MjAyNjA0MThfNTIg/MDAxNzc2NDg0NjYzOTU5.ESDxA9EbDrqoF7vemiNdO3DNPMW24xMbZDlUCanRTYEg.B9ujxn7A0zpMNx5WyCMZYM7zYqxqj96Exax8jQdRypcg.JPEG/20260418_123831.jpg?type=w1500_60_sharpen""]",0,"[""음식이 맛있어요"", ""매장이 넓어요"", ""뷰가 좋아요"", ""매장이 청결해요"", ""포장이 깔끔해요""]",,true,2026-09-01T05:20:12+00:00,naver_멜팅소울-캐리비안베이점_20260901T045939Z#0
naver,멜팅소울 캐리비안베이점,1679236775,https://pcmap.place.naver.com/restaurant/1679236775/review/visitor,6a2d4c53c57123489d77a3ba,천공노을,2UBml,https://m.place.naver.com/my/5ca03ae6edb1e9a55dd45a93/review?v=2,3.5,"아이들과 함께 케리비안베이 물놀이 후 늦은 점심으로 먹었네요
햄버거 구성치고는 가격이 사악하지만 맛은 나쁘지 않네요",2026-06-13,2026-06-13,1,1,"[""https://pup-review-phinf.pstatic.net/MjAyNjA2MTNfMTEy/MDAxNzgxMzUzNDQ1MDk5.Ze5VnWBebx3KjbkCPKY10O9CznAo6GWzLfSQDXrRnBcg.S4FB6LQV_Qa18fxruplJhLQ2rfF1_rASX1wR2cD6CwEg.JPEG/IMG_3950.jpeg?type=w1500_60_sharpen""]",1,"[""음식이 맛있어요"", ""고기 질이 좋아요""]",,true,2026-09-01T05:20:12+00:00,naver_멜팅소울-캐리비안베이점_20260901T045939Z#1
naver,멜팅소울 캐리비안베이점,1679236775,https://pcmap.place.naver.com/restaurant/1679236775/review/visitor,6a129963c73b8911556f2a29,제니퍼69,JLYT,https://m.place.naver.com/my/5c1990c13604481771416d31/review?v=2,5.0,"어우...여기 감자튀김 아이가 너무 너무 좋아해요!
항상 물놀이오면 필수로 여기 감튀먹습니다~~!!
햄버거도 존맛! 인앤아웃만큼 맛있어요:)",2026-05-24,2026-05-24,1,1,"[""https://pup-review-phinf.pstatic.net/MjAyNjA1MjRfMjM1/MDAxNzc5NjAzNzYxMTA0.GlY9w70m8Bb6Sm2qNeTly84naNs9nHpB-ALk43PWtkIg.4wgZpvKxsRYI5_C-CeNHB2AC1UL-eGeNwjHS-1g_k3Mg.JPEG/17796037505858833220676512354571.jpg?type=w1500_60_sharpen""]",0,"[""음식이 맛있어요"", ""재료가 신선해요"", ""친절해요"", ""매장이 청결해요""]",,true,2026-09-01T05:20:12+00:00,naver_멜팅소울-캐리비안베이점_20260901T045939Z#2
naver,멜팅소울 캐리비안베이점,1679236775,https://pcmap.place.naver.com/restaurant/1679236775/review/visitor,699290bb601bc53b58b6b8e8,kkimkkj,2s3g7,https://m.place.naver.com/my/5da2ae708f87a842bc3e9c79/review?v=2,,"싱글버거 치즈밤버거 프렌치프라이드 콜라 물 주문했어요 설날 연휴에 왔는데 운이 좋게 주문 거의 바로 했지만 음식은 한20-30분 걸린듯해요
물놀이 하면 배가 고픈데 맛있게 잘 먹고 가요 다만 치즈밤 17900인가 버거하나 가격인데 가격대비 별로요.. 기본 싱글버거가 나은거 같아요 아이가 남은 치즈에 감튀 찍어먹는데 너무 너무 잘 먹어서 다행이네요
다만 직원분 힘든거 알지만 너무 안친절하고 손님이랑 눈도 안마주칠려고 해요;;;",2026-02-16,2026-02-16,1,3,"[""https://pup-review-phinf.pstatic.net/MjAyNjAyMTZfNzAg/MDAxNzcxMjEyOTg0NDQ5.oV0Ov2Tte77zwFNtow0X2HVv4tHDtfQs2spFN4Tdn-Ag.Q13cAt7L3dw768fHlEqNtEPN8uTl-1rIhcD5N9CJkMIg.JPEG/D83C0223-1448-4D59-8EDE-4703D533D25B.jpeg?type=w1500_60_sharpen"", ""https://pup-review-phinf.pstatic.net/MjAyNjAyMTZfNTUg/MDAxNzcxMjEyOTg0OTE2.3xqQLogIUFLwR1xnfYCuUw_XAcd0vsOliAjH27l2-fMg.Dx4jz_RWjWceHPxzJKvtjCTdBLWGGa1RPhcE7__sp-cg.JPEG/1AF50689-63DE-4FA2-BAF2-87A9BF292390.jpeg?type=w1500_60_sharpen"", ""https://pup-review-phinf.pstatic.net/MjAyNjAyMTZfODMg/MDAxNzcxMjEyOTg0MjMw.64ClKpBhEZVnJZUJJSm-WMSKSaPSW8c0dvHClNCYOFMg.akafUsIp7DwpIQ6YLKvvSpxCdiNd-H57IGqMWLMvmLYg.JPEG/E5D2F663-2FC6-4F75-9D2C-8F9A532407B4.jpeg?type=w1500_60_sharpen""]",0,"[""음식이 맛있어요"", ""특별한 메뉴가 있어요"", ""매장이 넓어요"", ""포장이 깔끔해요""]",,true,2026-09-01T05:20:12+00:00,naver_멜팅소울-캐리비안베이점_20260901T045939Z#3
naver,멜팅소울 캐리비안베이점,1679236775,https://pcmap.place.naver.com/restaurant/1679236775/review/visitor,68b529dc5fc7c71753a0bfba,꿈꾸는탐험가,21V4G,https://m.place.naver.com/my/5bf9fd06c5c7b1214cdae104/review?v=2,,"비치버거랑 고구마프라이즈 맛있어요! 기대안하고 먹은건데 그가격에 그맛 정도에요. 미리 만들어둔거 주는거지만 그래도 따뜻하고, 고구마 프라이즈 생각보다.. 많이 달아요~ 점포가서 다시 먹어봐야겠어요~",2025-09-01,2025-08-21,1,3,"[""https://pup-review-phinf.pstatic.net/MjAyNTA5MDFfMjMy/MDAxNzU2NzAzMTk1MDcz.MXOsCjoFPPn-KA6IFB5aUC8fU7NLsoCigxk1jxeipOEg.SR5XgOAem2KGbccgWeFtV_SejmjMZl1ilqyCm7qPQakg.JPEG/37EA6461-9FB7-40C3-BEA7-FA1CA4FCE1B3.jpeg?type=w1500_60_sharpen"", ""https://pup-review-phinf.pstatic.net/MjAyNTA5MDFfMTM0/MDAxNzU2NzAzMTk0ODI3.Xn1p1IRA8bjb2nzNNArawusK7dEViTLBVKA0WYcX8Fkg.YrMCGiRDlZxd2czjY1BYy9j21-FrFf-Qes4Y3crlNDwg.JPEG/D6B50B00-28D0-409F-8F74-95FCBE64D7AA.jpeg?type=w1500_60_sharpen"", ""https://pup-review-phinf.pstatic.net/MjAyNTA5MDFfMjk3/MDAxNzU2NzAzMTk1MTU2.VKnOlXBatphtMQ6d5qjs0rL0LRXeiqUd6kdbGv9wlREg.XyxlLS1OV7h1qwOXG9kuo0ZQqh2P465ghiX0J1JJYSUg.JPEG/B88B0951-414A-4C83-8C3C-7D735FE83C6D.jpeg?type=w1500_60_sharpen""]",0,"[""음식이 맛있어요"", ""음식이 빨리 나와요""]",,true,2026-09-01T05:20:12+00:00,naver_멜팅소울-캐리비안베이점_20260901T045939Z#4
naver,멜팅소울 캐리비안베이점,1679236775,https://pcmap.place.naver.com/restaurant/1679236775/review/visitor,68a08e450c169c4923e7a4fc,리리녕,M2Iq,https://m.place.naver.com/my/5bd69a12b8b0616061f9b9b1/review?v=2,,"꽤나 비싸지만 고기도 퍽퍽했지만.. 물놀이 하고 먹는 최고의 음식^^
양많고 뜨듯하니 맛있었습니다
공휴일 11시반쯤 30분정도 대기후에 주문했구 음식은 금방 나오는편
3~4시쯤은 사람 빠지는 타이밍이라 대기없었구용",2025-08-16,2025-08-15,1,1,"[""https://pup-review-phinf.pstatic.net/MjAyNTA4MTZfMjgg/MDAxNzU1MzUyNjQ0Mjcx.2t8nE2rhzUN1TfNNAsU5AJhtzK3hLiRpQwxPRxIQtL4g.x_Ewh33ICwHBeSdNTYl2rUoVP0baLgDobN7f3twGhTAg.JPEG/1000069360.jpg.jpg?type=w1500_60_sharpen""]",0,"[""음식이 맛있어요"", ""양이 많아요""]",,true,2026-09-01T05:20:12+00:00,naver_멜팅소울-캐리비안베이점_20260901T045939Z#5
naver,멜팅소울 캐리비안베이점,1679236775,https://pcmap.place.naver.com/restaurant/1679236775/review/visitor,68996ba2eb711f877b4b2d66,고독한돼식가,2bSn6,https://m.place.naver.com/my/5b83193a4472c4a5305f4a67/review?v=2,,"치킨과 비프. 패티가 2개인 비치버거 단품 15900원.
감자튀김 5400원.
물놀이후 먹는거라 맛은 괜찮게 느껴졌다..
하지만 재방문 의사 X",2025-08-11,2025-08-08,1,3,"[""https://pup-review-phinf.pstatic.net/MjAyNTA4MTJfMTU1/MDAxNzU0OTQzMDAwMjUx.CBJTRl7ysEIBEsqs6r5ASr6Gblp1OjC_T-lcT_b8F88g.-RGgLV5JHaFVGVX4rzo51C-LQ3KSIwUfgJRZCngQHZwg.JPEG/E395E852-7BB1-41D0-B483-0B1121805D4B.jpeg?type=w1500_60_sharpen"", ""https://pup-review-phinf.pstatic.net/MjAyNTA4MTJfMTgw/MDAxNzU0OTQzMDAwOTEy.YvpbwUa1eYQtOFs7dHFNm5xYdP59RM8tum8WODmdEwgg.eNNqGx5TqkDBlEVWyHqUJVTJ8rDtOJzNUJY0ivT2jCwg.JPEG/4ECF4E35-95D2-47D4-B313-C563E1DB7797.jpeg?type=w1500_60_sharpen"", ""https://pup-review-phinf.pstatic.net/MjAyNTA4MTJfMSAg/MDAxNzU0OTQzMDAxMjA1.vs9DpiYXulobl4Id_pia5-9Z9lfWvlnE3gSgnfNDmsgg.RKckKgLqsuDf6E7xKWJUn5FqfksZqjfnTDE4CNaHb4kg.JPEG/2962FF0D-51EC-47FD-941E-E884CACFCCD5.jpeg?type=w1500_60_sharpen""]",0,"[""혼밥하기 좋아요""]",,true,2026-09-01T05:20:12+00:00,naver_멜팅소울-캐리비안베이점_20260901T045939Z#6
naver,멜팅소울 캐리비안베이점,1679236775,https://pcmap.place.naver.com/restaurant/1679236775/review/visitor,68ae98e3da48ffe36ab6b91f,스마일퀸짱,rFUS,https://m.place.naver.com/my/5efe5939bf28894a928861f3/review?v=2,,"물놀이중 먹는 수제햄버거🍔 
말해 모해요~~~ ㅋㅋ
비싸지만 맛나요~~~ 👍",2025-08-27,2025-08-20,1,3,"[""https://pup-review-phinf.pstatic.net/MjAyNTA4MjdfNDUg/MDAxNzU2MjcyODY2MTY5.v8gIzX7jEfOEzsI5byfEJnYKUVqJ4Mf63HwNmjSn_DMg.S6kghr0zvwn9DlRBe3q4wq3jTSP4ejYIfFCWwDmS-_Qg.JPEG/1756260975735.jpg.jpg?type=w1500_60_sharpen"", ""https://pup-review-phinf.pstatic.net/MjAyNTA4MjdfMjgx/MDAxNzU2MjcyODY2MjQ3.yZRfDAKot2jmdeaXJXqXDCsLMzpsyt279OnxyCtCwAkg.uBemMQi6zXQPD6YAZZNM_RZvHtsYYcwJmaGk7ULTNQwg.JPEG/1756260975706.jpg.jpg?type=w1500_60_sharpen"", ""https://pup-review-phinf.pstatic.net/MjAyNTA4MjdfMTk4/MDAxNzU2MjcyODY2MzA1.x5IewABk0-N_k65dZXL3VTzs4USXH0ZGAMAbm8WjxYsg.TqNh6HkBssx07WluUb42wN8FIjR7s-u04iTa4_cC_i8g.JPEG/1756260975648.jpg.jpg?type=w1500_60_sharpen""]",0,"[""음식이 맛있어요""]",,true,2026-09-01T05:20:12+00:00,naver_멜팅소울-캐리비안베이점_20260901T045939Z#7
naver,멜팅소울 캐리비안베이점,1679236775,https://pcmap.place.naver.com/restaurant/1679236775/review/visitor,689eb3d90bbbed4f3de6e151,헌졍,4sbrR,https://m.place.naver.com/my/5c44135b265192ff5a089b4e/review?v=2,,맛있는데 양 대비 가격이 비싼 것 같아요😅 그래도 맛있습니다!,2025-08-15,2025-08-02,1,2,"[""https://pup-review-phinf.pstatic.net/MjAyNTA4MTVfMjI4/MDAxNzU1MjMxMTkxMzE3.lmJZOApCzhFEFcd7vRcA-OQJS62XwduCkifqs0szEFwg.T8QmyNIK3S1nmn54N9fIMPJsW3h3FU6FghiScOB2Oesg.JPEG/0759DCF9-FBB4-4F19-8AC7-E83B34A010E2.jpeg?type=w1500_60_sharpen"", ""https://pup-review-phinf.pstatic.net/MjAyNTA4MTVfMjEz/MDAxNzU1MjMxMTkxMzg0.U4AM9nGkTmcGF5Wbcjq_x7nahiIB_V9GhjD9zzM9d84g.iBESe5TlP0YVheEYhpssb6YhG61IOAsLqlJsefus2dYg.JPEG/FB487984-4B9E-4FD5-B6F4-2B82F85CCA1E.jpeg?type=w1500_60_sharpen""]",0,"[""음식이 맛있어요"", ""고기 질이 좋아요"", ""특별한 메뉴가 있어요"", ""건강한 맛이에요""]",,true,2026-09-01T05:20:12+00:00,naver_멜팅소울-캐리비안베이점_20260901T045939Z#8
naver,멜팅소울 캐리비안베이점,1679236775,https://pcmap.place.naver.com/restaurant/1679236775/review/visitor,68e34d8dbbcacdb50d24ca5f,zhkdz,D4Ya,https://m.place.naver.com/my/5db6b8ed8f87a842bccf4171/review?v=2,,맛있어요~~,2025-10-06,2025-10-06,1,2,"[""https://pup-review-phinf.pstatic.net/MjAyNTEwMDZfNTcg/MDAxNzU5NzI2OTg4MDYw.wqOT89QPNZgwim_QYcsbxOGaMWKvMUYnbtJLEfZJ98Ug.MRckQiQ_E-JwU6_j6pFLPfCWLQ18qQG204QAE_W8h9Ug.JPEG/49462.jpg.jpg?type=w1500_60_sharpen"", ""https://pup-review-phinf.pstatic.net/MjAyNTEwMDZfMTEz/MDAxNzU5NzI2OTg4MDUy.vBfF080Qm7qZ6SP0Q6aOoDnBjuO3XftkZIiiOXvuKrog._LUI1HCiN7aRPyJgsOVCosIwayIlyIMMhZJlRkqgRBIg.JPEG/49461.jpg.jpg?type=w1500_60_sharpen""]",0,"[""음식이 맛있어요"", ""특별한 메뉴가 있어요"", ""오래 머무르기 좋아요"", ""아이와 가기 좋아요""]",,true,2026-09-01T05:20:12+00:00,naver_멜팅소울-캐리비안베이점_20260901T045939Z#9
naver,멜팅소울 캐리비안베이점,1679236775,https://pcmap.place.naver.com/restaurant/1679236775/review/visitor,6a2eb5fcdd96e2b982e88909,pup****,c7Pd0,https://m.place.naver.com/my/5efc5dd58f87a842bc638a9e/review?v=2,4.0,,,2026-05-27,1,,,0,"[""음식이 맛있어요""]",,true,2026-09-01T05:20:12+00:00,naver_멜팅소울-캐리비안베이점_20260901T045939Z#10
naver,멜팅소울 캐리비안베이점,1679236775,https://pcmap.place.naver.com/restaurant/1679236775/review/visitor,648e8a5dd6c06b0d0cd91d87,Liz789,7Nbkv,https://m.place.naver.com/my/5de11a019ec8258e4a24f4eb/review?v=2,,,,2023-06-18,1,,,0,"[""음식이 맛있어요""]",,true,2026-09-01T05:20:12+00:00,naver_멜팅소울-캐리비안베이점_20260901T045939Z#11
naver,멜팅소울 캐리비안베이점,1679236775,https://pcmap.place.naver.com/restaurant/1679236775/review/visitor,64e609532159f4c2c83ab1cf,굳굳야61,14WV7,https://m.place.naver.com/my/5dfdbf108f87a842bc34eac5/review?v=2,,,,2023-08-15,1,,,0,"[""음식이 맛있어요""]",,true,2026-09-01T05:20:12+00:00,naver_멜팅소울-캐리비안베이점_20260901T045939Z#12
naver,멜팅소울 캐리비안베이점,1679236775,https://pcmap.place.naver.com/restaurant/1679236775/review/visitor,649407f44cb751ca22c62a18,bre****,eptaM,https://m.place.naver.com/my/61f15df1edc8260006423501/review?v=2,,,,2023-05-21,1,,,0,"[""음식이 맛있어요"", ""재료가 신선해요"", ""특별한 메뉴가 있어요"", ""혼밥하기 좋아요"", ""뷰가 좋아요""]",,true,2026-09-01T05:20:12+00:00,naver_멜팅소울-캐리비안베이점_20260901T045939Z#13
naver,멜팅소울 캐리비안베이점,1679236775,https://pcmap.place.naver.com/restaurant/1679236775/review/visitor,6461e876249235a5dfd7a3bd,jun3545,rAzT,https://m.place.naver.com/my/5c318549b32a99b456823e60/review?v=2,,,,2023-05-12,1,,,0,"[""음식이 맛있어요""]",,true,2026-09-01T05:20:12+00:00,naver_멜팅소울-캐리비안베이점_20260901T045939Z#14
naver,멜팅소울 캐리비안베이점,1679236775,https://pcmap.place.naver.com/restaurant/1679236775/review/visitor,68c14926eac0c123a08347da,woeirua,1uYKO,https://m.place.naver.com/my/5d442bb533837e0835e7362c/review?v=2,,맛있게 잘 먹었습니다.,2025-09-10,2025-09-09,1,,,0,"[""음식이 맛있어요"", ""특별한 메뉴가 있어요"", ""매장이 넓어요"", ""인테리어가 멋져요""]",,true,2026-09-01T05:20:12+00:00,naver_멜팅소울-캐리비안베이점_20260901T045939Z#15
naver,버거카페유럽,1681363676,https://pcmap.place.naver.com/restaurant/1681363676/review/visitor,6936df03c1c0d3ff6380c643,혜찐블라썸,3ll69,https://m.place.naver.com/my/5d94e2c68f87a842bc24782b/review?v=2,,🍔,2025-12-08,2025-12-07,1,1,"[""https://pup-review-phinf.pstatic.net/MjAyNTEyMDhfMjgx/MDAxNzY1MjAzNzEzNzc4.WQPjFyQpoi6aEg8-6OPkKUTgb4NrvoNLs5Hqgkw7zKEg.1US05cafVkaIldQ1uRM7XKHHQPXTmffdj7zuXGp4rnog.JPEG/1000009068.jpg.jpg?type=w1500_60_sharpen""]",0,"[""포장이 깔끔해요""]",,true,2026-09-01T05:22:10+00:00,naver_버거카페유럽_20260901T045939Z#0
naver,버거카페유럽,1681363676,https://pcmap.place.naver.com/restaurant/1681363676/review/visitor,68c639e7ea8dd630ed57332e,닥치고달려54,5tgty,https://m.place.naver.com/my/60cc672161a1453f0fe82e50/review?v=2,,버거맛없다.콜라도미지근.수박화채도 맛없다,2025-09-14,2025-09-12,1,1,"[""https://pup-review-phinf.pstatic.net/MjAyNTA5MTRfMjk2/MDAxNzU3ODIxOTU2ODM4.VjhrXTgt_yeGQ-_GQYmqBcnNf1na9eZ9PedDVbfEQ78g.-Lx5KAEb-0eI9uXeLYpCfoVpYf5rZ8r01srvaHwdNUQg.JPEG/20250914_125032.jpg.jpg?type=w1500_60_sharpen""]",0,"[""매장이 넓어요""]",,true,2026-09-01T05:22:10+00:00,naver_버거카페유럽_20260901T045939Z#1
naver,버거카페유럽,1681363676,https://pcmap.place.naver.com/restaurant/1681363676/review/visitor,690d5b43b54f6334fbd830b7,vir****,2gtQh,https://m.place.naver.com/my/5c6c0179a3e303129c20a91e/review?v=2,,굿,2025-11-07,2025-11-07,1,1,"[""https://pup-review-phinf.pstatic.net/MjAyNTExMDdfMTMw/MDAxNzYyNDgzMDA1NzQw.yP6h6pCPOLZ4VLVSYA4HvbexxQR--UB4gPzjkYYG9xQg.zwJa3wBK-AWQwpXr883LkKZAtRiCvzxzl59Avj6nXZwg.JPEG/1762482996656241851791134172278.jpg?type=w1500_60_sharpen""]",0,"[""매장이 넓어요""]",,true,2026-09-01T05:22:10+00:00,naver_버거카페유럽_20260901T045939Z#2
naver,버거카페유럽,1681363676,https://pcmap.place.naver.com/restaurant/1681363676/review/visitor,68c640ae263186455261e155,모모뮤,4CPDQ,https://m.place.naver.com/my/5f7fa9d6124482946fa21d6d/review?v=2,,강지튀김만 맛있다,2025-09-14,2025-09-12,1,1,"[""https://pup-review-phinf.pstatic.net/MjAyNTA5MTRfMTcg/MDAxNzU3ODIzMTQ5MDM5.PnvdkVftuGwWmM4pUwmcuN0NMzWy8GzXOysDPzHJmlwg.5N76EoJuxI2tn1dLj98YFMfiNz0Irry28bFRiBLjCaYg.JPEG/20250914_125032.jpg.jpg?type=w1500_60_sharpen""]",1,"[""매장이 넓어요""]",,true,2026-09-01T05:22:10+00:00,naver_버거카페유럽_20260901T045939Z#3
naver,버거카페유럽,1681363676,https://pcmap.place.naver.com/restaurant/1681363676/review/visitor,6847a744b1f82d00d2d676c4,two****,4VC6t,https://m.place.naver.com/my/5cc280bbbed631ac041d486a/review?v=2,,음식 맛있고 친절해요 교복 코스프레 하는 사람들에게 신분인증 스티커를~  재미있는 기억을 남겨주네요,2025-06-10,2025-06-10,1,2,"[""https://pup-review-phinf.pstatic.net/MjAyNTA2MjNfODQg/MDAxNzUwNjMyMTk0NzI3.MEgRu6Vi3SHj4zGpqzK7Czjbp7C96Uxt0Uka9di-ZNMg.OSCY3HHgUbKwf3vNlAk446oOmhtyFONK8ztKUd5jC2sg.JPEG/20250610_125152.jpg.jpg?type=w1500_60_sharpen"", ""https://pup-review-phinf.pstatic.net/MjAyNTA2MjNfMjkx/MDAxNzUwNjMyMTk0OTYy.hytFDPQWKPgvRD04mneXUhh_Pgy_ELUxVlAIHCh14b4g.lDLzJuASxd0St9m_jVUpWBsIBU9cI9H1qRKdjIj8nBkg.JPEG/20250610_123307.jpg.jpg?type=w1500_60_sharpen""]",0,"[""음식이 맛있어요"", ""재료가 신선해요"", ""매장이 넓어요"", ""매장이 청결해요"", ""화장실이 깨끗해요""]",,true,2026-09-01T05:22:10+00:00,naver_버거카페유럽_20260901T045939Z#4
naver,버거카페유럽,1681363676,https://pcmap.place.naver.com/restaurant/1681363676/review/visitor,68dfd576abec427c3905e71c,통통통통한날,yyEE,https://m.place.naver.com/my/5efeb16e35e32560edab39f3/review?v=2,,가격이 비싼 편이지만 메뉴가 빨리 제공됩니다.,2025-10-03,2025-10-03,1,1,"[""https://pup-review-phinf.pstatic.net/MjAyNTEwMDNfMjEz/MDAxNzU5NDk5NjM3OTAz.qzDBZOpFJ6bdk3qvlesJFPqUDtp1jmNIpHmBu-YMbxcg.iXg_niUF7zi8l7ydSc7yjGndhrCZ9JiV8SY9KktQo4og.JPEG/BBD26FF3-5937-4D27-9588-BC3785C3B678.jpeg?type=w1500_60_sharpen""]",0,"[""단체모임 하기 좋아요""]",,true,2026-09-01T05:22:10+00:00,naver_버거카페유럽_20260901T045939Z#5
naver,버거카페유럽,1681363676,https://pcmap.place.naver.com/restaurant/1681363676/review/visitor,67e8af39b0ddb1ca21b425c2,산골나비,3RY9s,https://m.place.naver.com/my/5bf50b872128c332438ffbeb/review?v=2,,"햄버거는 야채도 신선하고  소스도 맛있었어요!
감자튀김은 좀 바각하지는 않았어요!
과일화채는 맛있었고 꼬치에 꽂아 먹을수 있어 아이가 재미있어 했어요! 다만 양에 비해  가격이 좀 비싼것 같아요!",2025-03-30,2025-03-30,1,3,"[""https://pup-review-phinf.pstatic.net/MjAyNTAzMzBfMjc0/MDAxNzQzMzAyNDUzNzY0.dlLvbbH7V18OyUJqFXbA5AwrmamAzpX9ZJSf2r2Laaog.yUaJYmDx-UWGYgiRcY2iw6wAFU4Okevlt13mRbbpSxYg.JPEG/20250330_112750.jpg.jpg?type=w1500_60_sharpen"", ""https://pup-review-phinf.pstatic.net/MjAyNTAzMzBfNzIg/MDAxNzQzMzAyNDU0MzEz.u3bm1o0vIov2XKhE471WaNtTwBGBAMmD4IcRzpptsy8g.ov4AzwUcXPAlpD5xOdptncbCXJLG42ehKs2HD-Yw_MIg.JPEG/20250330_112723.jpg.jpg?type=w1500_60_sharpen"", ""https://pup-review-phinf.pstatic.net/MjAyNTAzMzBfNjMg/MDAxNzQzMzAyNDU0NTc3.r_asxOhgC47wAcP1wUmF9yQHDIjRw7FtmQsgbEm_so4g.Ja3vYK_a4BdSVDc5nfFpqAe30GXzvZ4JxpxyoNxw2Tog.JPEG/20250330_112833.jpg.jpg?type=w1500_60_sharpen""]",0,"[""음식이 맛있어요"", ""재료가 신선해요"", ""매장이 넓어요"", ""매장이 청결해요""]",,true,2026-09-01T05:22:10+00:00,naver_버거카페유럽_20260901T045939Z#6
naver,버거카페유럽,1681363676,https://pcmap.place.naver.com/restaurant/1681363676/review/visitor,685fb293664f214a15a45b8e,M340아이,ddHNZ,https://m.place.naver.com/my/5fb317c856d68ef93943b3aa/review?v=2,,순살치킨 맛있어졌네요,2025-06-28,2025-06-28,1,1,"[""https://pup-review-phinf.pstatic.net/MjAyNTA2MjhfMjE3/MDAxNzUxMTAyMDk4MTMy.hxgTXmEO0skgXOHFTRB7UdMSCEF7Q_BT3qh_C_hrkrMg.MuJUoMAJPxeHw6kCEtQExyTYymY-M2J49fPQ-NC0YA0g.JPEG/1A1833D5-170F-46E0-94A5-1CC5828E6ACA.jpeg?type=w1500_60_sharpen""]",0,"[""음식이 맛있어요"", ""재료가 신선해요""]",,true,2026-09-01T05:22:10+00:00,naver_버거카페유럽_20260901T045939Z#7
naver,버거카페유럽,1681363676,https://pcmap.place.naver.com/restaurant/1681363676/review/visitor,68e4c817bc997d6c66357de3,동네정복,1HWyX,https://m.place.naver.com/my/5db3ccbe8f87a842bc593f93/review?v=2,,"에버랜드 안에서 아아 파는 곳 찾기가 힘들어서 너무 소중했던 기억,,",2025-10-07,2025-06-26,1,,,0,"[""매장이 넓어요""]",,true,2026-09-01T05:22:10+00:00,naver_버거카페유럽_20260901T045939Z#8
naver,버거카페유럽,1681363676,https://pcmap.place.naver.com/restaurant/1681363676/review/visitor,6843b3110bb8dd274bbdbbdd,콩알이9373,5tcSI,https://m.place.naver.com/my/5be991c0b36b2e4d1757cba1/review?v=2,,가격은 사악하지만 맛있어요,2025-06-07,2025-06-07,1,,,0,"[""음식이 맛있어요"", ""재료가 신선해요"", ""인테리어가 멋져요"", ""친절해요""]",,true,2026-09-01T05:22:10+00:00,naver_버거카페유럽_20260901T045939Z#9
naver,버거카페유럽,1681363676,https://pcmap.place.naver.com/restaurant/1681363676/review/visitor,68a5898d1c4c1cbdea61e768,낌지46,ZjD2,https://m.place.naver.com/my/5b697e3755d1221a9a77203e/review?v=2,,,,2025-08-14,1,,,0,"[""음식이 맛있어요""]",,true,2026-09-01T05:22:10+00:00,naver_버거카페유럽_20260901T045939Z#10
naver,버거카페유럽,1681363676,https://pcmap.place.naver.com/restaurant/1681363676/review/visitor,688b11979e3993acd645626f,인이4738,4f9SX,https://m.place.naver.com/my/5dc8a1958f87a842bc6f673c/review?v=2,,,,2025-07-30,1,,,0,"[""음식이 맛있어요""]",,true,2026-09-01T05:22:10+00:00,naver_버거카페유럽_20260901T045939Z#11
naver,버거카페유럽,1681363676,https://pcmap.place.naver.com/restaurant/1681363676/review/visitor,683a6e9e56655235e50105bf,젬마777,1pvR5,https://m.place.naver.com/my/5dba20f58f87a842bcb47e17/review?v=2,,,,2025-05-31,1,,,0,"[""매장이 넓어요""]",,true,2026-09-01T05:22:10+00:00,naver_버거카페유럽_20260901T045939Z#12
naver,버거카페유럽,1681363676,https://pcmap.place.naver.com/restaurant/1681363676/review/visitor,67bbf7ac83c71f0b77b01c4f,예쁜 보리,1UEZW,https://m.place.naver.com/my/5e8e80588f87a842bc5972b6/review?v=2,,,,2025-02-24,1,,,0,"[""음식이 맛있어요"", ""가성비가 좋아요""]",,true,2026-09-01T05:22:10+00:00,naver_버거카페유럽_20260901T045939Z#13
naver,버거카페유럽,1681363676,https://pcmap.place.naver.com/restaurant/1681363676/review/visitor,67a888661a7fd2e25eb556f4,준준맘35,819R3,https://m.place.naver.com/my/5dd1fdd68f87a842bc3a8ce0/review?v=2,,,,2025-02-08,1,,,0,"[""특별한 메뉴가 있어요"", ""단체모임 하기 좋아요""]",,true,2026-09-01T05:22:10+00:00,naver_버거카페유럽_20260901T045939Z#14
naver,버거카페유럽,1681363676,https://pcmap.place.naver.com/restaurant/1681363676/review/visitor,67e4eca84d1cd795e66c7759,두더지91,2fFU4,https://m.place.naver.com/my/5b6d21a47bece3707a697848/review?v=2,,,,2025-03-20,1,,,0,"[""음식이 맛있어요""]",,true,2026-09-01T05:22:10+00:00,naver_버거카페유럽_20260901T045939Z#15
naver,버거카페유럽,1681363676,https://pcmap.place.naver.com/restaurant/1681363676/review/visitor,6736c2b3c5207c279c05ae14,wse****,12kr9,https://m.place.naver.com/my/5d7a57b88f87a842bc9ab872/review?v=2,,,,2024-11-15,1,,,0,"[""음식이 맛있어요""]",,true,2026-09-01T05:22:10+00:00,naver_버거카페유럽_20260901T045939Z#16
naver,버거카페유럽,1681363676,https://pcmap.place.naver.com/restaurant/1681363676/review/visitor,67458d62f644957db512f027,rnfnqltm0,3FZNQ,https://m.place.naver.com/my/5c03f1107a0fd87817f886b5/review?v=2,,,,2024-11-05,1,,,0,"[""가성비가 좋아요""]",,true,2026-09-01T05:22:10+00:00,naver_버거카페유럽_20260901T045939Z#17
naver,버거카페유럽,1681363676,https://pcmap.place.naver.com/restaurant/1681363676/review/visitor,66e3e0449ae75d7c4e23a76f,shlee59,1VMtT,https://m.place.naver.com/my/5b9f7ed3b570b42331368bef/review?v=2,,,,2024-09-13,1,,,0,"[""음식이 맛있어요""]",,true,2026-09-01T05:22:10+00:00,naver_버거카페유럽_20260901T045939Z#18
naver,버거카페유럽,1681363676,https://pcmap.place.naver.com/restaurant/1681363676/review/visitor,66db22a10799e7fbb3ea9577,JK 정경,1kVYT,https://m.place.naver.com/my/5bc6db040dfdc77ec1ade4ea/review?v=2,,,,2024-09-03,1,,,0,"[""양이 많아요"", ""친절해요"", ""특별한 날 가기 좋아요""]",,true,2026-09-01T05:22:10+00:00,naver_버거카페유럽_20260901T045939Z#19
naver,버거카페유럽,1681363676,https://pcmap.place.naver.com/restaurant/1681363676/review/visitor,68e782f14514edcf50c6ef55,doga0430,7PH9,https://m.place.naver.com/my/5c03e14c4c31b477c7e7e720/review?v=2,,굿,2025-10-09,2025-10-09,2,1,"[""https://pup-review-phinf.pstatic.net/MjAyNTEwMDlfMTE0/MDAxNzYwMDAyNzk5NzY5.sbwI4YsyExBtyVViOSm0EXw3EuQP5IsDl6-Z6M-p85sg.qbRbPqAI4yMF-bvXGUJOG3hAgv9nPIKNtdSO_MIqxKkg.JPEG/A943E1BF-199B-43FC-AC63-E25BFDA7E207.jpeg?type=w1500_60_sharpen""]",0,"[""음식이 맛있어요""]",,true,2026-09-01T05:22:10+00:00,naver_버거카페유럽_20260901T045939Z#20
naver,버거카페유럽,1681363676,https://pcmap.place.naver.com/restaurant/1681363676/review/visitor,68b7f5c05460cffc96f4c813,귀엽츄,4bz93,https://m.place.naver.com/my/5f1a8c329ec8258e4abdb407/review?v=2,,굿,2025-09-03,2025-09-03,1,,,0,"[""음식이 맛있어요"", ""재료가 신선해요""]",,true,2026-09-01T05:22:10+00:00,naver_버거카페유럽_20260901T045939Z#21
naver,버거카페유럽,1681363676,https://pcmap.place.naver.com/restaurant/1681363676/review/visitor,68c0028fbd595ebcae12eb27,햄스터85,DvMz,https://m.place.naver.com/my/5b7cc7ad5c6ef6022c1b8424/review?v=2,,맛있어요,2025-09-09,2025-08-12,1,1,"[""https://pup-review-phinf.pstatic.net/MjAyNTA5MDlfMTM0/MDAxNzU3NDE0MDI5Nzk0.88iqfQFIAbGj--Ktw2HjCJJGYOSg4_wg2Ij8Ty-lL9Yg.Rq7tczyThUUyrxm3XD8_f1hGeF2bGk8myt_BsyQgHBIg.JPEG/20250817_140103.jpg.jpg?type=w1500_60_sharpen""]",0,"[""가성비가 좋아요""]",,true,2026-09-01T05:22:10+00:00,naver_버거카페유럽_20260901T045939Z#22
naver,버거카페유럽,1681363676,https://pcmap.place.naver.com/restaurant/1681363676/review/visitor,672b81e06a02547a18ad9798,itsmecash,3MvwH,https://m.place.naver.com/my/5d8dc80e8f87a842bc4318fb/review?v=2,,,,2024-09-10,1,,,0,"[""음식이 맛있어요"", ""가성비가 좋아요""]",,true,2026-09-01T05:22:10+00:00,naver_버거카페유럽_20260901T045939Z#23
naver,버거카페 갤리언,1636531333,https://pcmap.place.naver.com/restaurant/1636531333/review/visitor,67c29228fcaa3b9d7d8e5108,HoneyBloom,6IcRs,https://m.place.naver.com/my/5ca9ded95403381ad4953a92/review?v=2,,"🍔

맛은 있는데, 단품으로 안 판다는점, 아이가 있음에도 탄산음료를 시켜야해서 아쉬웠어요.",2025-03-01,2025-03-01,1,,,0,,,true,2026-09-01T05:23:57+00:00,naver_버거카페-갤리언_20260901T045939Z#0
naver,버거카페 갤리언,1636531333,https://pcmap.place.naver.com/restaurant/1636531333/review/visitor,6767c6eafe42fdf53c52c72f,윤짜응,8wW2L,https://m.place.naver.com/my/5f06700e649bf9575931bd64/review?v=2,,좋아요,2024-12-22,2024-12-22,1,1,"[""https://pup-review-phinf.pstatic.net/MjAyNDEyMjJfMjU5/MDAxNzM0ODU0Mzc3ODM5.yToPY5op-Ue2DQ6xPRNWnf9GiWpfZA2u8kzelk5Jz4Mg.jki1ZJeFAqYx6pac49ebvCXL2_w-gpFeSmkLlj0KyVsg.JPEG/885942BA-4E6D-4578-ADC1-40B00F8CA691.jpeg?type=w1500_60_sharpen""]",0,"[""가성비가 좋아요"", ""메뉴 구성이 알차요"", ""특별한 날 가기 좋아요""]",,true,2026-09-01T05:23:57+00:00,naver_버거카페-갤리언_20260901T045939Z#1
naver,버거카페 갤리언,1636531333,https://pcmap.place.naver.com/restaurant/1636531333/review/visitor,6697bc52452a9916efb32488,huaai,btCsB,https://m.place.naver.com/my/616911a07df6200006905090/review?v=2,,치킨버거는 좀 짜요 하지만 갈릭비프버거는 정말 맛있어요 !!,2024-07-17,2024-07-13,1,1,"[""https://pup-review-phinf.pstatic.net/MjAyNDA3MTdfNSAg/MDAxNzIxMjIwMTc3Njkz.CoWKH3AN4w7iWaP0vfLtmO5p2dohafXwoDbBSdXQP9Ig.9ApOHCutxEOYida09bJTkmYaPAK7G4Q1Bq6ahkafBMcg.JPEG/F44BFD0D-7A35-4608-84D0-7E1535FDD735.jpeg?type=w1500_60_sharpen""]",0,"[""음식이 맛있어요"", ""매장이 넓어요""]",,true,2026-09-01T05:23:57+00:00,naver_버거카페-갤리언_20260901T045939Z#2
naver,버거카페 갤리언,1636531333,https://pcmap.place.naver.com/restaurant/1636531333/review/visitor,663ee4da08af5833ca3d7d3b,TWM2,67LIB,https://m.place.naver.com/my/5edf81058f87a842bc9b5970/review?v=2,,"세트메뉴에 감자튀김 🍟 생김
N년째 점심으로 먹는 갈릭비프세트
야외 파도풀은 아직 추움🥹
실내 버거 6층 밥도 먹고 온탕도 즐기기♨️
버거 바로 옆에 화장실도 있음",2024-05-11,2024-05-11,1,9,"[""https://video-phinf.pstatic.net/20240511_218/1715397839912BizWw_JPEG/MqXaMb6LoC_03.jpg"", ""https://video-phinf.pstatic.net/20240511_160/1715397842395INPDt_JPEG/lD9RloKbRb_03.jpg"", ""https://pup-review-phinf.pstatic.net/MjAyNDA1MTFfMjYz/MDAxNzE1Mzk3ODM5NjM4.ur9vbhqKx3p1ZkU_TKW1OxDDUxVOVcMdWnhgaVrP8dYg.qs7RL-0zAzc8u3QwC3Bh3Y9YFQ0y5o29Xbi5tnYEb38g.JPEG/20240511_122045.jpg.jpg?type=w1500_60_sharpen"", ""https://pup-review-phinf.pstatic.net/MjAyNDA1MTFfMTQx/MDAxNzE1Mzk3ODM5OTY0.UqXk6PdUuAQ0LbjH5sR_GzfYaD9C75Bjt7TVflKcMqAg.SAhJT1LcJPct8rRBHtA5JcMcYhI_8QEdIjJG5uzJgp4g.JPEG/20240511_122015.jpg.jpg?type=w1500_60_sharpen"", ""https://pup-review-phinf.pstatic.net/MjAyNDA1MTFfMTIx/MDAxNzE1Mzk3ODQwMTkw.AOB52R93iuqKJQ8S9kVz_1fFxc5pI9rtCNeHC8kq288g.iU1VG1Qwu-VSrRbW6ZmXEIraaxOadc4IsSUpfLy6r94g.JPEG/20240511_122014.jpg.jpg?type=w1500_60_sharpen"", ""https://pup-review-phinf.pstatic.net/MjAyNDA1MTFfMjUz/MDAxNzE1Mzk3ODQxMjU3._xwSOyJgwCGiKyDpUQy4I_KqBekJETDQjTF8XkzEhGUg.fo_cyB5NHLyvg2VW0Lmvr-e7ouNxrk381de5iQknO9Ag.JPEG/20240511_121319.jpg.jpg?type=w1500_60_sharpen"", ""https://pup-review-phinf.pstatic.net/MjAyNDA1MTFfMjY1/MDAxNzE1Mzk3ODQxMTY2.6oMcHQGMrvfRS95L45k5iPTunaILlrMLs2IFwChyIGUg.VlAY-kjpBUyXAbHQieG06Bz_L4cklX6KbRHnowBnM9Yg.JPEG/20240511_120819.jpg.jpg?type=w1500_60_sharpen"", ""https://pup-review-phinf.pstatic.net/MjAyNDA1MTFfNzMg/MDAxNzE1Mzk3ODQxOTA5.d69bIELYANAigXHlw6OLDFy3BzknkPt-CEji1SPyLQ4g.YSwHLsgxwRTc8iXx7BWMMNArsKVyy_HbFiiutWSajY8g.JPEG/20240511_120656.jpg.jpg?type=w1500_60_sharpen"", ""https://pup-review-phinf.pstatic.net/MjAyNDA1MTFfMjAz/MDAxNzE1Mzk3ODQyMjEy.Wv5UBeN47pvVAlTSn2JUT22fZr5TWkukDKjZ-2Kp3_sg.N03pqJl62KkrHH8MGd0b2cmE6Ah3jvxWxxRaaTOdNxUg.JPEG/20240511_121235.jpg.jpg?type=w1500_60_sharpen""]",1,"[""음식이 맛있어요"", ""가성비가 좋아요"", ""혼밥하기 좋아요"", ""아늑해요"", ""아이와 가기 좋아요""]",,true,2026-09-01T05:23:57+00:00,naver_버거카페-갤리언_20260901T045939Z#3
naver,버거카페 갤리언,1636531333,https://pcmap.place.naver.com/restaurant/1636531333/review/visitor,65d131403f8d8b8bdc51b660,ana****,3LAwj,https://m.place.naver.com/my/5e0970818f87a842bcb8e430/review?v=2,,"케리비안에서 먹은 버거. 울 남편이 진짜 맛나다고...빵이 일반 버거빵과 다르더라구요. 맛있었어요. 비싸긴 해요. ㅠ.ㅠ 그래도 맛났습니다.
이곳은 케리비안 베이 안에 5층 스파하는 것 옆에 있어요. 케리비안 베이 이용고객만 먹을 수 있답니다. ㅎㅎㅎ  시장이 반찬인지 물놀이가 반찬인지 아이들 겁나 맛나게 먹더라구요. ㅎㅎㅎ",2024-02-18,2024-02-17,1,3,"[""https://pup-review-phinf.pstatic.net/MjAyNDAyMThfMjE2/MDAxNzA4MjA4NDQ1NTE1.GOcelJHrtJZ_orilMF-iniwqLOTpTSS76Wx0ShFS8QQg.8upk19QB1ca7oppSGdntQTep6WZ4uAbojpy2uvCucAkg.JPEG/20240217_165928.heic.jpg?type=w1500_60_sharpen"", ""https://pup-review-phinf.pstatic.net/MjAyNDAyMThfNjAg/MDAxNzA4MjA4NDQ2MjIw.mVtZP1S4OX_UOkzr4JT9ufIT2W0mbcGXzeDZ1Uj4HkEg.7Ntl_hrdF20Nu2uZ_79RHwMvq5-H2LHEzwQV2b0g7M4g.JPEG/20240217_165914.heic.jpg?type=w1500_60_sharpen"", ""https://pup-review-phinf.pstatic.net/MjAyNDAyMThfMjg0/MDAxNzA4MjA4NDQ3MzM3.KCiQarzuH8lZwKe6Hhtysycfwhi9W3o0tBH8GcZmui4g.hkP70L1SDHYRWIx8fU_-QR6dhoZ85rsNQpSqO0a34gUg.JPEG/20240217_165359.heic.jpg?type=w1500_60_sharpen""]",0,"[""음식이 맛있어요"", ""재료가 신선해요"", ""매장이 넓어요""]",,true,2026-09-01T05:23:57+00:00,naver_버거카페-갤리언_20260901T045939Z#4
naver,버거카페 갤리언,1636531333,https://pcmap.place.naver.com/restaurant/1636531333/review/visitor,66c817d9ec7caa0893cdeb29,cool 하게,dQXr,https://m.place.naver.com/my/5f5b6b25f685b3771a50d7c5/review?v=2,,애가 좋아해요,2024-08-23,2024-08-23,1,,,0,,,true,2026-09-01T05:23:57+00:00,naver_버거카페-갤리언_20260901T045939Z#5
naver,버거카페 갤리언,1636531333,https://pcmap.place.naver.com/restaurant/1636531333/review/visitor,66a87f8910733169f59e66b6,승승파워,3GdnN,https://m.place.naver.com/my/5f05e09267168be02276cd71/review?v=2,,좋아요,2024-07-30,2024-07-30,1,,,0,"[""음식이 맛있어요""]",,true,2026-09-01T05:23:57+00:00,naver_버거카페-갤리언_20260901T045939Z#6
naver,버거카페 갤리언,1636531333,https://pcmap.place.naver.com/restaurant/1636531333/review/visitor,65b887616db7bb99019f9538,bkl****,3K1sb,https://m.place.naver.com/my/5dd6b60a9ec8258e4a123c53/review?v=2,,"캐리비안베이에서 커피 마시고 싶어 버거카페 찾았어요~
커피는 시원하고 좋아요~",2024-01-30,2024-01-30,1,1,"[""https://pup-review-phinf.pstatic.net/MjAyNDAxMzBfMTk4/MDAxNzA2NTkyMDk1NTgx.cDFdafeBc9zZiZ_U0_dwiMQfMWk_hQkiYniUEzPzeEsg.4Yn_xjsNi2g8kZNHq4T3SO4NlFbvOdXoHdKclTkAuccg.JPEG/20240130_141742.jpg.jpg?type=w1500_60_sharpen""]",0,"[""친절해요"", ""음식이 빨리 나와요""]",,true,2026-09-01T05:23:57+00:00,naver_버거카페-갤리언_20260901T045939Z#7
naver,버거카페 갤리언,1636531333,https://pcmap.place.naver.com/restaurant/1636531333/review/visitor,6688da26f9b5c16456462b97,bas****,G5qA,https://m.place.naver.com/my/5c216d8c3cfb0f33cf61384e/review?v=2,,,2024-07-06,2024-07-06,1,1,"[""https://pup-review-phinf.pstatic.net/MjAyNDA3MDZfMjEw/MDAxNzIwMjQ0NzY2OTA4.Jxa1bY2KKPeQEFC-IyeZi28wFt2o7sD_zx2cyAtgh7wg.48r_uIoPugblItgRIe3Pz8iq76mldXX-tcbHhbTtuOYg.JPEG/17202447605883612910327674331535.jpg?type=w1500_60_sharpen""]",0,"[""음식이 맛있어요""]",,true,2026-09-01T05:23:57+00:00,naver_버거카페-갤리언_20260901T045939Z#8
naver,버거카페 갤리언,1636531333,https://pcmap.place.naver.com/restaurant/1636531333/review/visitor,65e3ea16a2fac48f15932866,평범한남편,dxCKr,https://m.place.naver.com/my/608cfd41f36da869f165e20e/review?v=2,,비싸요 …. 케리비안베이 안이라서,2024-03-03,2024-01-22,1,1,"[""https://pup-review-phinf.pstatic.net/MjAyNDAzMDNfMTU0/MDAxNzA5NDM1NDEyMzgw.uBENig_i0g4jMmF16mE-V5UA9o2pnaj_rCD0r2ERKBog.Yr2uVurm6Tbl3VrF9AcM2UaVpVG8uRhXQnH0LuX0SS0g.JPEG/59EE3C14-99EE-4512-88A7-1345F3B388B7.jpeg?type=w1500_60_sharpen""]",0,"[""주차하기 편해요""]",,true,2026-09-01T05:23:57+00:00,naver_버거카페-갤리언_20260901T045939Z#9
naver,버거카페 갤리언,1636531333,https://pcmap.place.naver.com/restaurant/1636531333/review/visitor,66647e4ae139e6713eb21fce,주목해주세요,5wabr,https://m.place.naver.com/my/5c433e2bdbc65ae35cdd7d49/review?v=2,,,,2024-06-08,1,,,0,"[""음식이 맛있어요""]",,true,2026-09-01T05:23:57+00:00,naver_버거카페-갤리언_20260901T045939Z#10
naver,버거카페 갤리언,1636531333,https://pcmap.place.naver.com/restaurant/1636531333/review/visitor,66c3f5117d9acc2ec0bd5992,kkk****,Xu46,https://m.place.naver.com/my/5caaa259fd0359a45e950fc3/review?v=2,,,,2024-08-13,1,,,0,"[""단체모임 하기 좋아요""]",,true,2026-09-01T05:23:57+00:00,naver_버거카페-갤리언_20260901T045939Z#11
naver,버거카페 갤리언,1636531333,https://pcmap.place.naver.com/restaurant/1636531333/review/visitor,65c59f9f7dff1457b53fb81e,yellow10,3euO4,https://m.place.naver.com/my/5f058e9c82d9f26c95eecba0/review?v=2,,,,2024-02-09,1,,,0,"[""음식이 맛있어요"", ""재료가 신선해요"", ""양이 많아요""]",,true,2026-09-01T05:23:57+00:00,naver_버거카페-갤리언_20260901T045939Z#12
naver,버거카페 갤리언,1636531333,https://pcmap.place.naver.com/restaurant/1636531333/review/visitor,65b5d32bbd6703186bd8745c,하랑맘28,WEkC,https://m.place.naver.com/my/5efe1f9567c6d4320f5733d0/review?v=2,,,,2024-01-28,1,,,0,"[""재료가 신선해요"", ""혼밥하기 좋아요"", ""친절해요""]",,true,2026-09-01T05:23:57+00:00,naver_버거카페-갤리언_20260901T045939Z#13
naver,버거카페 갤리언,1636531333,https://pcmap.place.naver.com/restaurant/1636531333/review/visitor,65a3bf00ccb37de93fcd2ed8,익스펙토페투로눔,3zPTh,https://m.place.naver.com/my/5e574bc98f87a842bcfd90fd/review?v=2,,,,2024-01-14,1,,,0,"[""매장이 청결해요"", ""특별한 날 가기 좋아요""]",,true,2026-09-01T05:23:57+00:00,naver_버거카페-갤리언_20260901T045939Z#14
naver,버거카페 갤리언,1636531333,https://pcmap.place.naver.com/restaurant/1636531333/review/visitor,65924433026783e88e2d7148,정샨,UxAV,https://m.place.naver.com/my/5dc8059a8f87a842bc660d5b/review?v=2,,,,2024-01-01,1,,,0,"[""음식이 맛있어요""]",,true,2026-09-01T05:23:57+00:00,naver_버거카페-갤리언_20260901T045939Z#15
naver,버거카페 갤리언,1636531333,https://pcmap.place.naver.com/restaurant/1636531333/review/visitor,66d2948fa542e6afefadb5ca,도깨비 방망이35,2sMw1,https://m.place.naver.com/my/5efe2ee7b4dd01caff0a1fae/review?v=2,,,,2024-01-28,1,,,0,"[""뷰가 좋아요""]",,true,2026-09-01T05:23:57+00:00,naver_버거카페-갤리언_20260901T045939Z#16
naver,버거카페 갤리언,1636531333,https://pcmap.place.naver.com/restaurant/1636531333/review/visitor,65fda26cf4986979da6860a3,syn****,37CDT,https://m.place.naver.com/my/63b00d79270d031cc104e028/review?v=2,,,,2024-01-28,1,,,0,"[""특별한 메뉴가 있어요""]",,true,2026-09-01T05:23:57+00:00,naver_버거카페-갤리언_20260901T045939Z#17
naver,버거카페 갤리언,1636531333,https://pcmap.place.naver.com/restaurant/1636531333/review/visitor,65aa0207e601063d9c0e798d,dyd****,A0Ys,https://m.place.naver.com/my/5f12683f9ec8258e4a164aab/review?v=2,,,,2024-01-19,1,,,0,"[""음식이 맛있어요"", ""재료가 신선해요"", ""양이 많아요"", ""특별한 메뉴가 있어요"", ""가성비가 좋아요""]",,true,2026-09-01T05:23:57+00:00,naver_버거카페-갤리언_20260901T045939Z#18
naver,버거카페 갤리언,1636531333,https://pcmap.place.naver.com/restaurant/1636531333/review/visitor,6598de738ee9012cb1847d55,a1t****,aaAAC,https://m.place.naver.com/my/5fc337cb76099b9e74bc0c11/review?v=2,,,,2024-01-06,1,,,0,"[""재료가 신선해요"", ""양이 많아요"", ""특별한 메뉴가 있어요""]",,true,2026-09-01T05:23:57+00:00,naver_버거카페-갤리언_20260901T045939Z#19
naver,버거카페 갤리언,1636531333,https://pcmap.place.naver.com/restaurant/1636531333/review/visitor,67228b4a14e1543eea023b57,SSEOO,5wRIP,https://m.place.naver.com/my/5e8dcddc8f87a842bc8766c6/review?v=2,,ㅎㅎㅎ 최고,2024-10-31,2024-07-31,1,1,"[""https://pup-review-phinf.pstatic.net/MjAyNDEwMzFfNiAg/MDAxNzMwMzE3MTI5ODYz.0hBgOBpSOaeWQlGDbyBw_YN5jq0qZZFcXJ2Ei0uktm4g.asVbqLPSO74tUWwubPDi1kNIzPdlW37Yrdk7n7ID9gwg.JPEG/954B3C05-C39D-4BBD-BEE8-17D8EC34B230.jpeg?type=w1500_60_sharpen""]",0,"[""음식이 맛있어요""]",,true,2026-09-01T05:23:57+00:00,naver_버거카페-갤리언_20260901T045939Z#20
naver,버거카페 갤리언,1636531333,https://pcmap.place.naver.com/restaurant/1636531333/review/visitor,65e142702fcba176ae446df1,우우우우19,2fWAC,https://m.place.naver.com/my/5c5633673850b84ab3b0b177/review?v=2,,너무 비싸요,2024-03-01,2024-02-29,1,,,0,,,true,2026-09-01T05:23:57+00:00,naver_버거카페-갤리언_20260901T045939Z#21
naver,버거카페 갤리언,1636531333,https://pcmap.place.naver.com/restaurant/1636531333/review/visitor,65e2a15eb07021906be8dcd8,다람쥐2332,3L0q4,https://m.place.naver.com/my/5d68f7928f87a842bcae1161/review?v=2,,맛나요,2024-03-02,2024-02-28,1,,,0,"[""음식이 맛있어요""]",,true,2026-09-01T05:23:57+00:00,naver_버거카페-갤리언_20260901T045939Z#22
naver,버거카페 갤리언,1636531333,https://pcmap.place.naver.com/restaurant/1636531333/review/visitor,65dfabd8d3fde3fe839a5585,도토리8934,4EwI5,https://m.place.naver.com/my/5bf50a7947b51c329038b431/review?v=2,,,,2024-02-28,1,,,0,"[""친절해요""]",,true,2026-09-01T05:23:57+00:00,naver_버거카페-갤리언_20260901T045939Z#23
naver,라코스타,19286170,https://pcmap.place.naver.com/restaurant/19286170/review/visitor,64a5587de987da56ce12f620,파파카80,6x3Bs,https://m.place.naver.com/my/5f055c8f425190b39b959477/review?v=2,,맛있게 잘 먹었어요 !,2023-07-05,2023-07-04,1,1,"[""https://pup-review-phinf.pstatic.net/MjAyMzA3MDVfODQg/MDAxNjg4NTU3NjkyNzQz.VWqLPfpxAt46ZKsm5APJoJxyJ7zHWqPDPC-cO-OUumog.K1BPVE9-iY3uQ9CS6rN2OLHe99WpgFYdJ93cUNROQ1Mg.JPEG/1688479394885.jpg?type=w1500_60_sharpen""]",0,"[""음식이 맛있어요""]",,true,2026-09-01T05:25:41+00:00,naver_라코스타_20260901T045939Z#0
naver,라코스타,19286170,https://pcmap.place.naver.com/restaurant/19286170/review/visitor,646b25523130dc4a66b31fde,플루토153,2SQPT,https://m.place.naver.com/my/5c916a936084cbfa0ac4942a/review?v=2,,"비싸지만, 맛은 괜찮았어요~",2023-05-22,2023-05-20,1,1,"[""https://pup-review-phinf.pstatic.net/MjAyMzA1MjJfMjI4/MDAxNjg0NzQzNDc5Mjc2.nj80ruq9wHLhYZ6TlDLumb5tY-ukYFhKjcFJv9lV6gEg.9FswlXA7-WPkw8Kw2MeLWtGRZKfZdMpQj1XUO8d2aVog.JPEG/20230520_131329.jpg?type=w1500_60_sharpen""]",0,"[""친절해요""]",,true,2026-09-01T05:25:41+00:00,naver_라코스타_20260901T045939Z#1
naver,라코스타,19286170,https://pcmap.place.naver.com/restaurant/19286170/review/visitor,647c123c6e52d3a638691397,Tc79,2yDCq,https://m.place.naver.com/my/5ee59f0c8f87a842bc28e4bb/review?v=2,,굿,2023-06-04,2023-06-04,1,1,"[""https://pup-review-phinf.pstatic.net/MjAyMzA2MDRfMjMx/MDAxNjg1ODUyNzI4NzMy.HHuLXSGkrd_uqVT4LbhyboXp5w_ZUyoTFVLaVNTM1ywg.xdRtw_8IHlABi1Zmmm8domNXg59blHBqYiw3PTS1VrMg.JPEG/20230604_130427.jpg?type=w1500_60_sharpen""]",0,"[""특별한 메뉴가 있어요""]",,true,2026-09-01T05:25:41+00:00,naver_라코스타_20260901T045939Z#2
naver,라코스타,19286170,https://pcmap.place.naver.com/restaurant/19286170/review/visitor,62b6abff810279cd9dcf4417,루비75,ParU,https://m.place.naver.com/my/5c065bc0928b48c1ce947c23/review?v=2,,여기가 줄이 젤짧고  미리주문해놓고.. 나중에 받아가도됩미다..카바나빌리지까지들고가는게 너무무거웠지만... 너무 갠찮네요!! 떡볶이는 좀매운편이구요.. 고로케..밥이네요 저거너무맛나요 ㅋㅋㅋㅋㅋ  훈제닭다리는 훈제임... ㅋㅋ 새우칩은 시간지나면 눅눅해져요..빨랑먹어야되요... 바베큐폭립은 양이작지만... 애들먹기에는 괜찮네요.. 깨끗하게비웠습니다!!!! 다른곳은 줄서서... 아침일찍오시면 위생팩 좀챙겨서 가서 미리 줄안설때 음식을 사놓는게 편할꺼같아요!!!!!!,2022-06-25,2022-06-25,1,3,"[""https://pup-review-phinf.pstatic.net/MjAyMjA2MjVfMTk4/MDAxNjU2MTM4NTQxMzkz.bfkq_3xUp_NWMa7Ch4GJmU16LhDa10Mz99VXw2ycxjkg.ji_SmqlCFmRn3ixbg3Wofe5RJz4UBNV7mJLGxIC0C1Qg.JPEG/upload_63cd86c4d932c4f92fdcef5fe2b90bd7.jpg?type=w1500_60_sharpen"", ""https://pup-review-phinf.pstatic.net/MjAyMjA2MjVfMTE0/MDAxNjU2MTM4NTc5MjYx.zYj0Nj0PvOM9EqZVRvqLcRnFuTeQ9uhv25tfakhbUkAg.iHrC6r8WwY2imPSsH-HWCLMVTs2wKpebn2pO27LuTo4g.JPEG/upload_58d10c9c1232881b6353b5e7fea845b3.jpg?type=w1500_60_sharpen"", ""https://pup-review-phinf.pstatic.net/MjAyMjA2MjVfMTMy/MDAxNjU2MTM4NTc2MDc5.Ojud6PQ9wQH8YuDnCXJJgQO8zwSa4dF08JMxgSC5p-cg.Bm-5Js-8ofxS9zFn2nQFqqz72ddNi93KuKlVZ6ts_Jwg.JPEG/upload_6d28db96e2735baf3bc593111ebd01fe.jpg?type=w1500_60_sharpen""]",0,,,true,2026-09-01T05:25:41+00:00,naver_라코스타_20260901T045939Z#3
naver,라코스타,19286170,https://pcmap.place.naver.com/restaurant/19286170/review/visitor,62905f67230dca217f53ba7e,젤루조아자몽,4k26M,https://m.place.naver.com/my/5efe65abbf28894a92887380/review?v=2,,"6월 1일까지 캐리비안베이 가오픈 기간이라 다녀왔어요 !! 자리 맡기가 하늘에 별따기라 식당에서 음식주문하고, 바로 앞 파도풀장에 다녀오기 좋아요 아이있으신분들은 자리 맡아서 바로 보이는 풀장에서 아이들 노는거 지켜보시더라고요!! 
23,900원이었는데 가격대비 함박스테이크, 쉬림프, 빠에야라이스, 과일까지 구성도 괜찮았고(새우는 진짜 JMT)  음식이 주문하자마자 엄청 빨리 나와요 🙌",2022-05-27,2022-05-26,1,2,"[""https://pup-review-phinf.pstatic.net/MjAyMjA1MjdfMTIz/MDAxNjUzNjI4NDIwNjg4.PY3-U4TX2aqo05OW9DbQ49sttFrvAGW393cZUdwws7Eg.ryzbCcGFRPOE6kH9sbNFAFFoHAFvpl1pGYE18zq4gVAg.JPEG/upload_c1358e42ba9ef57c1e746e03078c0748.jpeg?type=w1500_60_sharpen"", ""https://pup-review-phinf.pstatic.net/MjAyMjA1MjdfMTIz/MDAxNjUzNjI4NDIwNTMz.5yQCTKop-jtu_r6JUala11WqaDSmU77UBZd5FfaBPusg.w1eYpXAON2BICSPGMuod43iSUSbMUDeBT9zSbYEqaUUg.JPEG/upload_4d8b0aea3792f820011996bb11d3cf1b.jpeg?type=w1500_60_sharpen""]",0,,,true,2026-09-01T05:25:41+00:00,naver_라코스타_20260901T045939Z#4
naver,라코스타,19286170,https://pcmap.place.naver.com/restaurant/19286170/review/visitor,62cab4f0c5ce4e66f4c05c63,누가내닉넴사용중이냐,16L46,https://m.place.naver.com/my/5eff9518a1b6a107c6e32d94/review?v=2,,캐리비안베이에서 바베큐맛 나는 맛있는 음식 !! 🥹 드셔보세요 ㅎㅎ,2022-07-10,2022-07-09,1,3,"[""https://pup-review-phinf.pstatic.net/MjAyMjA3MTBfMiAg/MDAxNjU3NDUxNjc0OTk4.c_9JgiQ3hlY8CwJc1l0zBf8EdAlbePPdcD9oWMRjKgQg.tiCpstjH1uhJi87RQTMm_4gpK88ud9U9PqnH3RQPeMgg.JPEG/upload_37d7e0181ed0898e4030e8b66d5e5370.jpeg?type=w1500_60_sharpen"", ""https://pup-review-phinf.pstatic.net/MjAyMjA3MTBfMjkw/MDAxNjU3NDUxNjc1MDEw._bu5KD7hXY460pQ2RZ5-CycoZ7r3EOfmUf_r2eiEI84g.2fhvveMCYcaFh45WE6LYwe2fqWdd7BgNOs_PndTZ-twg.JPEG/upload_4d3311da9be714be2fde2e9dc9c2f1c1.jpeg?type=w1500_60_sharpen"", ""https://pup-review-phinf.pstatic.net/MjAyMjA3MTBfMTk4/MDAxNjU3NDUxNjc1NDE3.3gROOTGNE7qsC_2WQP8figHCO-p50bh-6v60B0k43nkg.-NirQOrVLbzv6_raeiOmISuff3T5d5j1T4ZyN218J0Ug.JPEG/upload_d00273e4bdc24515af3fc3d4e2566471.jpeg?type=w1500_60_sharpen""]",0,,,true,2026-09-01T05:25:41+00:00,naver_라코스타_20260901T045939Z#5
naver,라코스타,19286170,https://pcmap.place.naver.com/restaurant/19286170/review/visitor,62f9ea3ce349b7501bee15cf,achamtae,702gE,https://m.place.naver.com/my/60875b7eada842155b1bd993/review?v=2,,물놀이하고 맥주에 떡볶이는 못참죠~!,2022-08-15,2022-08-13,1,1,"[""https://pup-review-phinf.pstatic.net/MjAyMjA4MTVfNzQg/MDAxNjYwNTQ1NTA4NTY4.Wj4TDGOPno7v8nZRX1kIQtWdbRv34yRbRB7SA27vIr8g.45qe4I3VSL127olwpPGE3-H26GVMQmwMvcntX9QVsxQg.JPEG/upload_ac2a401b1443f4d8ae4d289422fa1e08.jpeg?type=w1500_60_sharpen""]",0,,,true,2026-09-01T05:25:41+00:00,naver_라코스타_20260901T045939Z#6
naver,라코스타,19286170,https://pcmap.place.naver.com/restaurant/19286170/review/visitor,633b78a59d2e4b06d939b925,후율맘65,eOoY,https://m.place.naver.com/my/5e90470f8f87a842bc450627/review?v=2,,맛있게 잘 먹었어요!,2022-10-04,2022-10-02,1,2,"[""https://pup-review-phinf.pstatic.net/MjAyMjEwMDRfMzgg/MDAxNjY0ODQxODY4NDI3.17TT-sKmYCUYucM0vipO8V-5vrwNUFisEPhzGhJICzkg.0KriMw628sj_Odykruda_xxoUyKIlCe2CUKxbLoOpkEg.JPEG/20221002_143203.jpg?type=w1500_60_sharpen"", ""https://pup-review-phinf.pstatic.net/MjAyMjEwMDRfMTk4/MDAxNjY0ODQxODgxODE0.be_P7kr1KImYuFT2lwFhtAG8ML2OFIvi4em58ff3dqIg.7IMcbNf3B5rIamG0PzgiWil8S7kDDlptWNgd-kOuX0gg.JPEG/20221002_143207.jpg?type=w1500_60_sharpen""]",0,"[""특별한 날 가기 좋아요"", ""음식이 맛있어요"", ""특별한 메뉴가 있어요""]",,true,2026-09-01T05:25:41+00:00,naver_라코스타_20260901T045939Z#7
naver,라코스타,19286170,https://pcmap.place.naver.com/restaurant/19286170/review/visitor,648d1756bf458abcb8cdcbf5,TWM2,67LIB,https://m.place.naver.com/my/5edf81058f87a842bc9b5970/review?v=2,,"매번 튀김우동 맛있게먹었어요
신메뉴통닭은 뻑뻑하고  구성이 별로예요ㅠ",2023-06-17,2022-06-17,1,1,"[""https://pup-review-phinf.pstatic.net/MjAyMzA2MTdfNjYg/MDAxNjg2OTY4MTA4NDg3.ucCcaBqVjynQ9BlK7ZUpQcEtW4B1WwgoQjsrpTZ-9XAg.LkHuCah3hbQRDTFbczI54BEYLppc8SFFHjhc2YKu23Ag.JPEG/20230617_110809.jpg?type=w1500_60_sharpen""]",0,"[""매장이 넓어요"", ""뷰가 좋아요"", ""특별한 메뉴가 있어요""]",,true,2026-09-01T05:25:41+00:00,naver_라코스타_20260901T045939Z#8
naver,라코스타,19286170,https://pcmap.place.naver.com/restaurant/19286170/review/visitor,631152bd72add85cc64284d6,해바라기6358,1txUm,https://m.place.naver.com/my/5e3b9bb98f87a842bca9126c/review?v=2,,저렴하지 않아요.,2022-09-02,2022-09-01,1,,,0,"[""혼밥하기 좋아요""]",,true,2026-09-01T05:25:41+00:00,naver_라코스타_20260901T045939Z#9
naver,라코스타,19286170,https://pcmap.place.naver.com/restaurant/19286170/review/visitor,6a33ab313de4dec164d8e4d6,장군7093,2cnaA,https://m.place.naver.com/my/5e4bb3ab8f87a842bcfd5587/review?v=2,5.0,맛있어요 2만원에ㅎㅎ,2026-06-18,2026-06-18,1,10,"[""https://pup-review-phinf.pstatic.net/MjAyNjA2MThfMTA2/MDAxNzgxNzcxMDUyNDk3.-DSJP-9E-9aT4VZRrlFZO9Nu6iINR4R4_UwgG2iviQgg.Y9MIaorfm3I6BM6Yl5l6ODaF4CB3fqs_gbv0GmAbfQQg.JPEG/20260618_141850.jpg.jpg?type=w1500_60_sharpen"", ""https://pup-review-phinf.pstatic.net/MjAyNjA2MThfMjAw/MDAxNzgxNzcxMDUyNDk3.ErN0iy72oabjrJh4X0csK_ST7GgBl6oYylTz9Q3fAkkg.8Ni6nbeeu8gnE5KhrwjII-VzEl-jQRv6kfKtWdWPyvwg.JPEG/20260618_141845.jpg.jpg?type=w1500_60_sharpen"", ""https://pup-review-phinf.pstatic.net/MjAyNjA2MThfMTAz/MDAxNzgxNzcxMDUyNTg0.Gk2CLQz-IsRCzVeWNcne-rvMo7zaSdml4TBtaIVjpd4g.B7RDE7F7960AWjuOBWWaS4oiVVLYJsj1CDmMxIamBPkg.JPEG/20260618_141844.jpg.jpg?type=w1500_60_sharpen"", ""https://pup-review-phinf.pstatic.net/MjAyNjA2MThfNzUg/MDAxNzgxNzcxMDUyNTYw.mVeSiQD4hkJxqRxRMJYGab9BAqVk_qwUwt6Fnr6SHrQg.q4iqklgPWJ28ty-bAGGFElJjLwP0nk2V43SM6XfArBgg.JPEG/20260618_141540.jpg.jpg?type=w1500_60_sharpen"", ""https://pup-review-phinf.pstatic.net/MjAyNjA2MThfMjcy/MDAxNzgxNzcxMDUzOTE0.j54ip9ZqNWgHqBXV-4LNg3ZaA_ccaFsiWh0sLTUiO5sg.3RGI6p2PuTeeMpcCmpAQG5_FsNn_Gqy9fcsjMuAqBcgg.JPEG/20260618_145637.jpg.jpg?type=w1500_60_sharpen"", ""https://pup-review-phinf.pstatic.net/MjAyNjA2MThfMjgg/MDAxNzgxNzcxMDUzOTY3.tR0lCtt4MNBWdcVyMCM5PfoXJEu1eDiPfCSeTZjLjVkg.iWtaLvG3ZLrVRrT3MtL4b6YnCrMlseijxdXtVVNmtzYg.JPEG/20260618_145631.jpg.jpg?type=w1500_60_sharpen"", ""https://pup-review-phinf.pstatic.net/MjAyNjA2MThfMTQ1/MDAxNzgxNzcxMDUzOTUy._tilxNCcECC7nyhVBV5rUftDYnaTOyQbX-DikKOVx44g.HX9121L5sw3spUu352pG5N0vcqhyw6H-xiWT5_tzYycg.JPEG/20260618_150011.jpg.jpg?type=w1500_60_sharpen"", ""https://pup-review-phinf.pstatic.net/MjAyNjA2MThfMjQw/MDAxNzgxNzcxMDU0MTkz.ooeBc1A4kL_JtYkbfqif3GdFaplOZ5-UMftwGeHfIqkg.t2lXxKKGBp-tSA8nLDVLswkKSevRHfU4SWWEQwtfoFog.JPEG/20260618_150016.jpg.jpg?type=w1500_60_sharpen"", ""https://pup-review-phinf.pstatic.net/MjAyNjA2MThfMTA4/MDAxNzgxNzcxMDU0MzQ1.YiMJIS1tlY22sbKzMprZ0k2NOE4rv64xUUkBIa6Bieog.Gv3TG4zFryFIIVrNOv5o9W7mHRMfXD2FMercb8UihVUg.JPEG/20260618_150838.jpg.jpg?type=w1500_60_sharpen"", ""https://pup-review-phinf.pstatic.net/MjAyNjA2MThfMjc0/MDAxNzgxNzcxMDU1NDQ3.4-FVa8yrni_-Dw7tS5uRNjV6k3uTEddy6ioh76WTEC4g.zxcP4ksLAkd41dLN8TssLjaAHJmursFAlqhcrvFkp10g.JPEG/20260618_150843.jpg.jpg?type=w1500_60_sharpen""]",0,"[""음식이 맛있어요"", ""재료가 신선해요""]",,true,2026-09-01T05:25:41+00:00,naver_라코스타_20260901T045939Z#10
naver,라코스타,19286170,https://pcmap.place.naver.com/restaurant/19286170/review/visitor,68caa0992448482ce907a74f,얍얍얍28,TXfl,https://m.place.naver.com/my/5efe7ca68f87a842bc99af0b/review?v=2,,"물놀이 중간 간단히 식사하기 좋아요
음식도 맛있었어요~!",2025-09-17,2025-09-06,1,,,0,"[""음식이 맛있어요""]",,true,2026-09-01T05:25:41+00:00,naver_라코스타_20260901T045939Z#11
naver,라코스타,19286170,https://pcmap.place.naver.com/restaurant/19286170/review/visitor,68a47aeadca794f8324b8940,wanderingmiya,eH7pv,https://m.place.naver.com/my/627fee41f1f76302bf027912/review?v=2,,맛은 무난. 가격은...ㅜㅜ,2025-08-19,2025-08-16,1,1,"[""https://pup-review-phinf.pstatic.net/MjAyNTA4MTlfNCAg/MDAxNzU1NjA5ODMyMjE4.9QUJgJ733HWWgPdp3dAV1Euy3o_IgT3GlRhfEH4Wy1Yg.v94olJwfmVhcC5fz2HxyDDZRkR_kP_IJWaeREe5pUnIg.JPEG/20250816_095838.jpg.jpg?type=w1500_60_sharpen""]",0,"[""음식이 맛있어요""]",,true,2026-09-01T05:25:41+00:00,naver_라코스타_20260901T045939Z#12
naver,라코스타,19286170,https://pcmap.place.naver.com/restaurant/19286170/review/visitor,66a7b890d2372f1ad11d5894,juvzsdfhdfh,We5t,https://m.place.naver.com/my/5c1e5704d184efb5285eb3f8/review?v=2,,"물놀이 후 점심!!
야채가 있어서 좋아요",2024-07-30,2024-07-06,1,1,"[""https://pup-review-phinf.pstatic.net/MjAyNDA3MzBfMTU4/MDAxNzIyMjY3NzkwOTI0.Auxa1oHD_CRavsTnxM-ppXZqlEAPQDFGyUPCQFLXjzog.5QnNr0219l3Ak12ZO10S4MKaC0NJct_1z6IsVs2lULUg.JPEG/85804925-6577-4413-9CEA-66ED42622244.jpeg?type=w1500_60_sharpen""]",0,"[""매장이 넓어요"", ""뷰가 좋아요"", ""특별한 메뉴가 있어요""]",,true,2026-09-01T05:25:41+00:00,naver_라코스타_20260901T045939Z#13
naver,라코스타,19286170,https://pcmap.place.naver.com/restaurant/19286170/review/visitor,668e986cdb0175a2882b2f69,Brachioo,8NSfF,https://m.place.naver.com/my/5f3bd234a602e98f56dfeb85/review?v=2,,"바베큐콤보(17300원) 먹었어요.
소시지랑 닭다리를 눈 앞에서 구워주셨고 너무 맛있었어요!!
가성비는 별로지만 물놀이하고 먹으니까 대존맛이어서 흡입했어요 암냠냠암냠냠",2024-07-10,2024-07-09,1,1,"[""https://pup-review-phinf.pstatic.net/MjAyNDA3MTBfMTg0/MDAxNzIwNjIxMTAwODE4.fA9ITabGXWwaS6ZjvFcxl_pyMM1vnSAEaHWsNqr8_Q8g.MV-pe60xG0wflWCLQInYFnD6uuGVo34h-4Ji53FERBgg.JPEG/IMG_7351.jpeg?type=w1500_60_sharpen""]",0,"[""비싼 만큼 가치있어요"", ""특별한 메뉴가 있어요"", ""재료가 신선해요""]",,true,2026-09-01T05:25:41+00:00,naver_라코스타_20260901T045939Z#14
naver,라코스타,19286170,https://pcmap.place.naver.com/restaurant/19286170/review/visitor,67228d90b15d479ecb02066d,egm****,6wS7p,https://m.place.naver.com/my/5de0a9249ec8258e4a71bcd1/review?v=2,,맛나요,2024-10-31,2024-08-13,1,1,"[""https://pup-review-phinf.pstatic.net/MjAyNDEwMzFfMTc3/MDAxNzMwMzE3NzExMDAy._WGJoXpXRW1sewV6os1P3HQyVLAv9AJAlbGrxMmzXoIg.fU1pnmrOVrUpi2UgSgMUAzjbugBh4MgYdMaPXABKxG4g.JPEG/F7A20C62-A918-4AAA-80F0-EFB4809FBA2F.jpeg?type=w1500_60_sharpen""]",0,"[""음식이 맛있어요""]",,true,2026-09-01T05:25:41+00:00,naver_라코스타_20260901T045939Z#15
naver,라코스타,19286170,https://pcmap.place.naver.com/restaurant/19286170/review/visitor,66a73121b518fa42bdfae568,오드리2833,a41GL,https://m.place.naver.com/my/603334d166e99fb552887331/review?v=2,,쉼,2024-07-29,2024-07-28,1,,,0,"[""재료가 신선해요"", ""특별한 메뉴가 있어요"", ""인테리어가 멋져요"", ""매장이 넓어요""]",,true,2026-09-01T05:25:41+00:00,naver_라코스타_20260901T045939Z#16
naver,라코스타,19286170,https://pcmap.place.naver.com/restaurant/19286170/review/visitor,66eac5c78b479dfd3ef781f0,천년묵은거북이,3ess4,https://m.place.naver.com/my/6067facbf958bc5313dcee50/review?v=2,,"역시 비쌉니다..
떡볶이 한접시에 순살치킨 몇개 언져주고 만오천원이에요..
비싸지만 휴일임에도 몇군데 안열었더라구요..
맛은 뭐 쏘쏘 이구요..",2024-09-18,2024-09-18,1,,,0,"[""음식이 빨리 나와요""]",,true,2026-09-01T05:25:41+00:00,naver_라코스타_20260901T045939Z#17
naver,라코스타,19286170,https://pcmap.place.naver.com/restaurant/19286170/review/visitor,64bdf65176d4141e1dbbd500,마루안녕,1ScNF,https://m.place.naver.com/my/610935bceace2c7a83869253/review?v=2,,"평소보다 우동이 더 맛있게 느껴지는 건 
비오는 날의 기분탓일까요? 
좋은사람과 함께 즐겨서일까요? ㅎㅎㅎ
야채튀김이 있어서 맥주 안주로도 좋아요~^^",2023-07-24,2023-07-23,2,1,"[""https://pup-review-phinf.pstatic.net/MjAyMzA3MjRfMzIg/MDAxNjkwMTcwOTYwMjIy.m1Lm-y530WdcNMoZaBXKzI_FIWMQ_dZFJOxa5rzurhIg.iuNR7nW_mF7uDhdi5qPeMBRzluAt8XT5zJvSFZ3mXqog.JPEG/20230723_133531.jpg.jpg?type=w1500_60_sharpen""]",0,"[""음식이 맛있어요""]",,true,2026-09-01T05:25:41+00:00,naver_라코스타_20260901T045939Z#18
naver,라코스타,19286170,https://pcmap.place.naver.com/restaurant/19286170/review/visitor,64b64b30aae2d9b69ea86657,마루안녕,1ScNF,https://m.place.naver.com/my/610935bceace2c7a83869253/review?v=2,,물놀이에는 역시 따뜻한 국물~^^ 안에 들어있는 유부는 단맛이 너무 강했어요.,2023-07-18,2023-07-16,1,1,"[""https://pup-review-phinf.pstatic.net/MjAyMzA3MThfNjEg/MDAxNjg5NjY4Mzk4MjU2.l8TMu6zcDnuvTx_Ym8u6dlcLPd-mKvdVl3QW1fZx11Ag.DRPhWdDR4jidtbNuh9p42VQIv8Swq-_Za923oX0kv6cg.JPEG/20230716_135128.jpg.jpg?type=w1500_60_sharpen""]",0,"[""음식이 맛있어요""]",,true,2026-09-01T05:25:41+00:00,naver_라코스타_20260901T045939Z#19
naver,라코스타,19286170,https://pcmap.place.naver.com/restaurant/19286170/review/visitor,66e17ce4e9508f9fccfeb4a3,moom1124,pczI,https://m.place.naver.com/my/60a098105f0330a2ea5f0f7e/review?v=2,,,,2024-09-09,1,,,0,"[""뷰가 좋아요""]",,true,2026-09-01T05:25:41+00:00,naver_라코스타_20260901T045939Z#20
naver,라코스타,19286170,https://pcmap.place.naver.com/restaurant/19286170/review/visitor,6684d73d9ed5c390d553ac06,zpc****,2zPmF,https://m.place.naver.com/my/5f851f826c3d7f7334397345/review?v=2,,,,2024-06-30,1,,,0,"[""음식이 맛있어요""]",,true,2026-09-01T05:25:41+00:00,naver_라코스타_20260901T045939Z#21
naver,라코스타,19286170,https://pcmap.place.naver.com/restaurant/19286170/review/visitor,6590e580f6f6c0329a4ac96b,귀연할망,2gwLs,https://m.place.naver.com/my/5d78811e8f87a842bc6eeb73/review?v=2,,,,2023-06-09,1,,,0,"[""음식이 맛있어요""]",,true,2026-09-01T05:25:41+00:00,naver_라코스타_20260901T045939Z#22
naver,라코스타,19286170,https://pcmap.place.naver.com/restaurant/19286170/review/visitor,6524afb2e3a9a8487f8599f8,yir****,cKSPL,https://m.place.naver.com/my/5f365e609ec8258e4af9d5c9/review?v=2,,,,2023-08-28,1,,,0,"[""매장이 넓어요""]",,true,2026-09-01T05:25:41+00:00,naver_라코스타_20260901T045939Z#23
naver,라코스타,19286170,https://pcmap.place.naver.com/restaurant/19286170/review/visitor,64ddfe40517f22c95afc5258,꼬맹이6743,6TIiT,https://m.place.naver.com/my/5f1957479ec8258e4a7f0f87/review?v=2,,,,2023-08-14,1,,,0,"[""특별한 날 가기 좋아요""]",,true,2026-09-01T05:25:41+00:00,naver_라코스타_20260901T045939Z#24
naver,라코스타,19286170,https://pcmap.place.naver.com/restaurant/19286170/review/visitor,65e1ade37810fa4120b687a1,정선정40,30KaN,https://m.place.naver.com/my/5c5449ea7e303e0c6f809c99/review?v=2,,,,2023-06-08,1,,,0,"[""음식이 맛있어요""]",,true,2026-09-01T05:25:41+00:00,naver_라코스타_20260901T045939Z#25
naver,라코스타,19286170,https://pcmap.place.naver.com/restaurant/19286170/review/visitor,63118a45140d56cd7def5f04,남콤,4ZzdF,https://m.place.naver.com/my/5ce8f3f60d0c1e8326ff077d/review?v=2,,,,2022-09-02,1,,,0,"[""특별한 메뉴가 있어요""]",,true,2026-09-01T05:25:41+00:00,naver_라코스타_20260901T045939Z#26
naver,라코스타,19286170,https://pcmap.place.naver.com/restaurant/19286170/review/visitor,6461e6775072f9a18aef0e47,jun3545,rAzT,https://m.place.naver.com/my/5c318549b32a99b456823e60/review?v=2,,,,2023-05-12,1,,,0,"[""양이 많아요""]",,true,2026-09-01T05:25:41+00:00,naver_라코스타_20260901T045939Z#27
naver,타운즈마켓레스토랑,36940409,https://pcmap.place.naver.com/restaurant/36940409/review/visitor,69e4b61b93e92f7f8011a602,whatsthedate,31XZQ,https://m.place.naver.com/my/5c6fb7e31acad6b34648e0eb/review?v=2,5.0,맛있어요~,2026-04-19,2026-04-19,1,1,"[""https://pup-review-phinf.pstatic.net/MjAyNjA0MTlfMjU2/MDAxNzc2NTk2NTA2MTA1.ssSunSKUwk3h4KXMWYoKR0zvUtyC98UUKZGYxHeuKdMg.GaeqtHJ9DPB9b0I8RvRTwBbQCPEDg_e_GnoL_bNyaFcg.JPEG/9572B8CD-9B22-46EA-B069-131A85C44DCD.jpeg?type=w1500_60_sharpen""]",0,"[""음식이 맛있어요"", ""가성비가 좋아요"", ""매장이 넓어요"", ""친절해요"", ""매장이 청결해요""]",,true,2026-09-01T05:27:37+00:00,naver_타운즈마켓레스토랑_20260901T045939Z#0
naver,타운즈마켓레스토랑,36940409,https://pcmap.place.naver.com/restaurant/36940409/review/visitor,67ed3324d48b6a650324c4b1,han****,sS0k,https://m.place.naver.com/my/5c67801f98b44e73ee2f06ea/review?v=2,,우동은 맛있었어요ㅠㅠㅠㅜ초밥은 회는 두꺼웠지만 별로였어요🥲,2025-04-02,2025-03-23,1,2,"[""https://pup-review-phinf.pstatic.net/MjAyNTA0MDJfNDcg/MDAxNzQzNTk4MzcxMjQ4.DNIvyDqj-YOZD6zFgZ37UL5G6xOG5cfiFVVTGX_IjiIg.5aUDPmq4XN28dmH71I9szkm0XwUrDeQ5-DY3Qj0f3ogg.JPEG/EBE2B4A7-6428-4BD8-8AA0-575E436BAE8E.jpeg?type=w1500_60_sharpen"", ""https://pup-review-phinf.pstatic.net/MjAyNTA0MDJfMTE0/MDAxNzQzNTk4MzcxMzUy.4q8lK6rQjLT9y0APMZzZFdgibGMOZAn9iMlvwQCSaecg.1_-oKmSIW3vs1F5eet_Nb2CP0w0X4Dt-Y12yfj_RmEkg.JPEG/85C158CB-7BFE-4DA6-9A54-75C4BD6D8246.jpeg?type=w1500_60_sharpen""]",0,,,true,2026-09-01T05:27:37+00:00,naver_타운즈마켓레스토랑_20260901T045939Z#1
naver,타운즈마켓레스토랑,36940409,https://pcmap.place.naver.com/restaurant/36940409/review/visitor,6710fee5ec5052ae3af4efa3,gktjsl9903,MQZj,https://m.place.naver.com/my/5e79436b8f87a842bc7a0614/review?v=2,,에버랜드에서 초밥을팔다니 너무좋네요:)  햄버거나 피자보다 건강식을먹을수있으니 만족합니다. 신선하고 맛있어요. 욕심부리자면 가격만좀더 합리적이면 좋겠어요^^,2024-10-17,2024-10-04,1,2,"[""https://pup-review-phinf.pstatic.net/MjAyNDEwMTdfMjY1/MDAxNzI5MTY3MDc1MzI4.DIrpPMGi0Lfy-0PEnVsV8Ansl115FGfK1ieZDgF15nQg.L1U4Xz83XCfTfmCE2go9ViQOsJEkt8M2J7XVzqtl9Xog.JPEG/1000067503.jpg.jpg?type=w1500_60_sharpen"", ""https://pup-review-phinf.pstatic.net/MjAyNDEwMTdfMTU0/MDAxNzI5MTY3MDc1ODQw.GyozvaPcHtNWOVCg8VJQq9i6Ad_dfUj0pEr-dowHljcg.ncvEaIV-y9T5zyqZoK0O5BaRt2_Vh7IZwzNE3AFVg_Ug.JPEG/1000067497.jpg.jpg?type=w1500_60_sharpen""]",0,"[""음식이 맛있어요"", ""재료가 신선해요"", ""매장이 넓어요"", ""매장이 청결해요""]",,true,2026-09-01T05:27:37+00:00,naver_타운즈마켓레스토랑_20260901T045939Z#2
naver,타운즈마켓레스토랑,36940409,https://pcmap.place.naver.com/restaurant/36940409/review/visitor,68282a6893be24ea22ff876a,구공63,2xmZ5,https://m.place.naver.com/my/5c13713ac5afad8d375f17ce/review?v=2,,굿,2025-05-17,2025-03-21,1,,,0,"[""음식이 맛있어요""]",,true,2026-09-01T05:27:37+00:00,naver_타운즈마켓레스토랑_20260901T045939Z#3
naver,타운즈마켓레스토랑,36940409,https://pcmap.place.naver.com/restaurant/36940409/review/visitor,6725d23485eb487ca516cda3,어반베뉴,4FktK,https://m.place.naver.com/my/613c1a36924329015484ac90/review?v=2,,소스가짜요 많이넣으믄안대안대,2024-11-02,2024-11-02,1,1,"[""https://pup-review-phinf.pstatic.net/MjAyNDExMDJfOTkg/MDAxNzMwNTMxODkxNzE2.kktHe9h6xuDfhe2fD0JmLmlyEN-kCbWdmeZS3LUzusEg.vFl0QwEEBFi15t3ux9eKhLqIQMPNoT_jJyWYCUphaR4g.JPEG/1000011361.jpg.jpg?type=w1500_60_sharpen""]",0,"[""음식이 맛있어요""]",,true,2026-09-01T05:27:37+00:00,naver_타운즈마켓레스토랑_20260901T045939Z#4
naver,타운즈마켓레스토랑,36940409,https://pcmap.place.naver.com/restaurant/36940409/review/visitor,671463af89208bdb99f2fad9,올리브유 핫태,3dHHW,https://m.place.naver.com/my/5e0b5f468f87a842bc808463/review?v=2,,맛잏는데 가격이 좀 비싼 것 같아요ㅠ,2024-10-20,2024-10-13,1,,,0,"[""음식이 맛있어요"", ""특별한 메뉴가 있어요""]",,true,2026-09-01T05:27:37+00:00,naver_타운즈마켓레스토랑_20260901T045939Z#5
naver,타운즈마켓레스토랑,36940409,https://pcmap.place.naver.com/restaurant/36940409/review/visitor,673e90fe662e74090c4d3901,yoon8657,2b1Ws,https://m.place.naver.com/my/5c43221d9b8b9326a55b6345/review?v=2,,떡복이,2024-11-21,2024-11-21,1,1,"[""https://pup-review-phinf.pstatic.net/MjAyNDExMjFfOTIg/MDAxNzMyMTUzNTk2MzIy.ogdXVEZnb_9DQl6Z84Zef8G5Cz-XHNvZ09qJgxJqOdUg._tDJtcP6f6S_1KbFy676DfkfKJZ_lTn6rEKMmha98SAg.JPEG/1000012860.jpg.jpg?type=w1500_60_sharpen""]",0,"[""음식이 맛있어요""]",,true,2026-09-01T05:27:37+00:00,naver_타운즈마켓레스토랑_20260901T045939Z#6
naver,타운즈마켓레스토랑,36940409,https://pcmap.place.naver.com/restaurant/36940409/review/visitor,67147a75bab4191ff424542b,HYUN369,30p5J,https://m.place.naver.com/my/5e92b76c8f87a842bc4f74d7/review?v=2,,가격이 좀 비싸요,2024-10-20,2024-10-13,1,,,0,"[""음식이 맛있어요""]",,true,2026-09-01T05:27:37+00:00,naver_타운즈마켓레스토랑_20260901T045939Z#7
naver,타운즈마켓레스토랑,36940409,https://pcmap.place.naver.com/restaurant/36940409/review/visitor,6767ca06e7a6e04b1ff97321,리온진,2nyDg,https://m.place.naver.com/my/607a22e6bde0bd296b6966b6/review?v=2,,김치말곤 ....,2024-12-22,2024-12-19,1,,,0,,,true,2026-09-01T05:27:37+00:00,naver_타운즈마켓레스토랑_20260901T045939Z#8
naver,타운즈마켓레스토랑,36940409,https://pcmap.place.naver.com/restaurant/36940409/review/visitor,66f3e6de2281d8156af05ee4,makssub,wCPz,https://m.place.naver.com/my/5c50bda767f4991d1a9d03e1/review?v=2,,비싸긴햇지만 맛은괜찮앗어요.날씨가무척더웠는데 실내가시원하지않아서 불편했어요,2024-09-25,2024-09-17,1,4,"[""https://pup-review-phinf.pstatic.net/MjAyNDA5MjVfMTQ1/MDAxNzI3MjYwMzgwOTkx.Mb7eNV_qoRxTo8AdqG3dIdrTkcbOnaQ2DUEDid8rA5og.i2MMMaXJe6BvwPXv7A-mrnx3aTw1mm3EX4hwImtgTvQg.JPEG/1000012096.jpg.jpg?type=w1500_60_sharpen"", ""https://pup-review-phinf.pstatic.net/MjAyNDA5MjVfMTI1/MDAxNzI3MjYwMzgxMDUw.qpAFk9D991kkf2wvL92rMJtSxlg2U1kz1-qCYbX2R_Ug.RDZ3EzW3lPfVAPiCMJXkpU-SG80SQZlXke_f-HpWdEgg.JPEG/1000012095.jpg.jpg?type=w1500_60_sharpen"", ""https://pup-review-phinf.pstatic.net/MjAyNDA5MjVfNTQg/MDAxNzI3MjYwMzgxMTky.UYBJLMFJxN_keEW_QPuJ8oZlGLHU9iB0CI7-C0zKWP8g.fIRcRAYMMzS-TIWOPaIReTB5h5jjSD6U4ArRHVQXFn0g.JPEG/1000012094.jpg.jpg?type=w1500_60_sharpen"", ""https://pup-review-phinf.pstatic.net/MjAyNDA5MjVfMTUx/MDAxNzI3MjYwMzgxMjY5.TlTvxkB_kQfNWVsGdS3ifLjtiH9IbGhsms2LzyY8v9cg.6N5x2YyASFqNjC7KZ5vNpU8Mn2xrDMM6Sv5AxKvqwfwg.JPEG/1000012093.jpg.jpg?type=w1500_60_sharpen""]",0,"[""음식이 맛있어요""]",,true,2026-09-01T05:27:37+00:00,naver_타운즈마켓레스토랑_20260901T045939Z#9
naver,타운즈마켓레스토랑,36940409,https://pcmap.place.naver.com/restaurant/36940409/review/visitor,671cd9e94948b5f32e65b34e,bam****,e7Kvb,https://m.place.naver.com/my/61961d86a35fcd61c424ccaa/review?v=2,,,,2024-10-26,1,,,0,"[""음식이 맛있어요""]",,true,2026-09-01T05:27:37+00:00,naver_타운즈마켓레스토랑_20260901T045939Z#10
naver,타운즈마켓레스토랑,36940409,https://pcmap.place.naver.com/restaurant/36940409/review/visitor,670a71f811ed2810806b0a58,고영아범,CYkg,https://m.place.naver.com/my/5b9b5ad5ba71d707970c7010/review?v=2,,,,2024-10-12,1,,,0,"[""음식이 맛있어요""]",,true,2026-09-01T05:27:37+00:00,naver_타운즈마켓레스토랑_20260901T045939Z#11
naver,타운즈마켓레스토랑,36940409,https://pcmap.place.naver.com/restaurant/36940409/review/visitor,66fe584177d4027393009d7d,aaa93,4Dl4C,https://m.place.naver.com/my/5f06d40a200ffc9fb6654bac/review?v=2,,,,2024-09-30,1,,,0,"[""매장이 넓어요""]",,true,2026-09-01T05:27:37+00:00,naver_타운즈마켓레스토랑_20260901T045939Z#12
naver,타운즈마켓레스토랑,36940409,https://pcmap.place.naver.com/restaurant/36940409/review/visitor,67441bbb31046ffca0a5ec04,nan****,6ETmm,https://m.place.naver.com/my/5e339c4e8f87a842bc03d8fc/review?v=2,,,,2024-11-16,1,,,0,"[""음식이 맛있어요"", ""재료가 신선해요"", ""양이 많아요"", ""특별한 메뉴가 있어요""]",,true,2026-09-01T05:27:37+00:00,naver_타운즈마켓레스토랑_20260901T045939Z#13
naver,타운즈마켓레스토랑,36940409,https://pcmap.place.naver.com/restaurant/36940409/review/visitor,66eadfdbd68fd11351e24687,ky****,1zbAZ,https://m.place.naver.com/my/5c465166bed99c35b1e2662b/review?v=2,,,,2024-09-18,1,,,0,"[""음식이 맛있어요"", ""재료가 신선해요""]",,true,2026-09-01T05:27:37+00:00,naver_타운즈마켓레스토랑_20260901T045939Z#14
naver,타운즈마켓레스토랑,36940409,https://pcmap.place.naver.com/restaurant/36940409/review/visitor,671c909a65bcaf7def1cea6c,uplcd,3x8Wb,https://m.place.naver.com/my/5d1f3bb98191e9a892005a94/review?v=2,,,,2024-09-27,1,,,0,"[""음식이 맛있어요"", ""가성비가 좋아요"", ""매장이 넓어요"", ""친절해요"", ""매장이 청결해요""]",,true,2026-09-01T05:27:37+00:00,naver_타운즈마켓레스토랑_20260901T045939Z#15
naver,타운즈마켓레스토랑,36940409,https://pcmap.place.naver.com/restaurant/36940409/review/visitor,66936c260bf345eb483a390b,ㅅㄹㅎㅂㄱㅅㄷ,3Fg4J,https://m.place.naver.com/my/5eb5ae428f87a842bce02115/review?v=2,,,,2024-06-01,1,,,0,"[""음식이 맛있어요"", ""매장이 넓어요"", ""단체모임 하기 좋아요"", ""매장이 청결해요""]",,true,2026-09-01T05:27:37+00:00,naver_타운즈마켓레스토랑_20260901T045939Z#16
naver,타운즈마켓레스토랑,36940409,https://pcmap.place.naver.com/restaurant/36940409/review/visitor,665ed6ff9e545287c336c58e,sui****,cnt2G,https://m.place.naver.com/my/5f043a2fee4be03dee264619/review?v=2,,,,2024-05-31,1,,,0,"[""음식이 맛있어요"", ""재료가 신선해요"", ""매장이 넓어요""]",,true,2026-09-01T05:27:37+00:00,naver_타운즈마켓레스토랑_20260901T045939Z#17
naver,타운즈마켓레스토랑,36940409,https://pcmap.place.naver.com/restaurant/36940409/review/visitor,66a9f2bdb5749e657c382970,kjo****,2I7AB,https://m.place.naver.com/my/5e64b8d68f87a842bce7ee4a/review?v=2,,,,2024-05-09,1,,,0,"[""음식이 맛있어요""]",,true,2026-09-01T05:27:37+00:00,naver_타운즈마켓레스토랑_20260901T045939Z#18
naver,타운즈마켓레스토랑,36940409,https://pcmap.place.naver.com/restaurant/36940409/review/visitor,66501ad39791f89de0b9d162,날아라5548,1R90S,https://m.place.naver.com/my/5c6fdb337c873744295d11a1/review?v=2,,,,2024-05-08,1,,,0,"[""음식이 맛있어요""]",,true,2026-09-01T05:27:37+00:00,naver_타운즈마켓레스토랑_20260901T045939Z#19
naver,타운즈마켓레스토랑,36940409,https://pcmap.place.naver.com/restaurant/36940409/review/visitor,673c7f0adaae8d73c5666c82,호야토토리맘,4cLU6,https://m.place.naver.com/my/5d9f4c628f87a842bc3074d2/review?v=2,,좋아요,2024-11-19,2024-11-17,1,,,0,"[""음식이 맛있어요""]",,true,2026-09-01T05:27:37+00:00,naver_타운즈마켓레스토랑_20260901T045939Z#20
naver,타운즈마켓레스토랑,36940409,https://pcmap.place.naver.com/restaurant/36940409/review/visitor,672caa7bbe6336d8954020d4,bob****,10TZt,https://m.place.naver.com/my/5c0fa5c5eb9be7ea757fb242/review?v=2,,질겨요,2024-11-07,2024-10-27,1,,,0,,,true,2026-09-01T05:27:37+00:00,naver_타운즈마켓레스토랑_20260901T045939Z#21
naver,타운즈마켓레스토랑,36940409,https://pcmap.place.naver.com/restaurant/36940409/review/visitor,66f2ba5cb58710baf414b614,CloolO,2WsW1,https://m.place.naver.com/my/5ec8f8f48f87a842bc8751ce/review?v=2,,,,2024-09-24,1,,,0,"[""음식이 맛있어요""]",,true,2026-09-01T05:27:37+00:00,naver_타운즈마켓레스토랑_20260901T045939Z#22
naver,타운즈마켓레스토랑,36940409,https://pcmap.place.naver.com/restaurant/36940409/review/visitor,66642262f21ac6f5d31232ff,nam****,dOPZk,https://m.place.naver.com/my/62303f89edc82600064353f2/review?v=2,,,,2024-06-07,1,,,0,"[""음식이 맛있어요"", ""재료가 신선해요"", ""양이 많아요""]",,true,2026-09-01T05:27:37+00:00,naver_타운즈마켓레스토랑_20260901T045939Z#23
naver,타운즈마켓레스토랑,36940409,https://pcmap.place.naver.com/restaurant/36940409/review/visitor,66a77d36fccbeb62800a84d8,qorrnjs5,urG2,https://m.place.naver.com/my/5d942ad98f87a842bc04cd3e/review?v=2,,,,2024-06-01,1,,,0,"[""음식이 맛있어요""]",,true,2026-09-01T05:27:37+00:00,naver_타운즈마켓레스토랑_20260901T045939Z#24
naver,타운즈마켓레스토랑,36940409,https://pcmap.place.naver.com/restaurant/36940409/review/visitor,66a63b0df1be27c5754143c7,맨탈,2DeCk,https://m.place.naver.com/my/5c17a013ac32a0aacb498bbb/review?v=2,,,,2024-06-01,1,,,0,"[""음식이 맛있어요""]",,true,2026-09-01T05:27:37+00:00,naver_타운즈마켓레스토랑_20260901T045939Z#25
naver,멜팅소울 갤리언점,2041651090,https://pcmap.place.naver.com/restaurant/2041651090/review/visitor,6a36329e8157a36c94be9949,safehouse714,2Kc68,https://m.place.naver.com/my/5d99645d8f87a842bc7249f5/review?v=2,0.5,"고구마 후라이를 무려 7200원 주고 사먹는데
튀겨놓은지 한참 된 걸 먹어야하네요
3시쯤 주문했는데 점심시간 피크때 튀겨서 쌓아놓은거 주고 지금 나온거 줄수 없냐하니까
""이거 나온지 얼마 안된거에요
아직 따뜻하세요""라고 하는데
온장고에 있었으니까 온도는 24시간 내내 따뜻하겠죠 받아서 먹어보니 다 눅눅해 빠진.
아무리 워터파크라고 감안하고 먹어도 비싼 가격이고 비싼거 감안하고 먹으면 그만큼 지불한 값에 대해 성의는 보였으면 하는데요.

개선하셨으면 좋겠네요",2026-06-20,2026-06-20,1,1,"[""https://pup-review-phinf.pstatic.net/MjAyNjA2MjBfMTYy/MDAxNzgxOTM2NTg0Mzc5.E--Ms-59IgbooNrdVKv3NwWXmCyqTPZBvA1RPEY206kg.nQ25cYkUC454TT1Lbndq_A4qfQYxLdv7xU_BCMDRDqQg.JPEG/20260620_152204.jpg?type=w1500_60_sharpen""]",1,"[""혼밥하기 좋아요""]",,true,2026-09-01T05:29:06+00:00,naver_멜팅소울-갤리언점_20260901T045939Z#0
naver,멜팅소울 갤리언점,2041651090,https://pcmap.place.naver.com/restaurant/2041651090/review/visitor,6a6eb6db039d58dfbcb6900e,ILTS762,14jko,https://m.place.naver.com/my/5e7d32ed8f87a842bc9d6031/review?v=2,0.5,"소스가 하나도없네요
돈이 너무아까워서케찹머스터드 뿌려먹었네요
이게맞는건지.. 햄버거는 소스빨인데..",2026-08-02,2026-08-02,1,1,"[""https://pup-review-phinf.pstatic.net/MjAyNjA4MDJfNzYg/MDAxNzg1NjQwNjY1NTk3.0haaOgKi81IZQRfUmssZpGOIofTogkRrUuSSImOmE-0g.fL5b0PTMipNSFUSRpAiJ-gEMd33XoNYVD1JNSNTnNhog.JPEG/20260802_121613.jpg.jpg?type=w1500_60_sharpen""]",0,,,true,2026-09-01T05:29:06+00:00,naver_멜팅소울-갤리언점_20260901T045939Z#1
naver,멜팅소울 갤리언점,2041651090,https://pcmap.place.naver.com/restaurant/2041651090/review/visitor,6a27c40999fc33814885ff9f,백팩커 재구언,4a15F,https://m.place.naver.com/my/5d7bbda88f87a842bc23dd8e/review?v=2,2.5,"가성비 밤티난 캐비 실외 파도풀 앞에 있는 햄버거가게
심지어 올해부터는 에버랜드 솜포인트 적립도 안되고 가격은 더 오른것 같아서 울며겨자먹기로 먹는 곳 (왜냐면 에버랜드에서 먹을곳이 없기에 그나마 먹는거..)
수제버거인데 맛은 또 그렇게 뛰어나지 않음...
심지어 실외지점은 테이블도 스탠딩으로만 되어 있음...🤦🏻‍♂️",2026-06-09,2026-05-18,1,2,"[""https://pup-review-phinf.pstatic.net/MjAyNjA2MDlfOTkg/MDAxNzgwOTkwOTgzODI5.Nh0BVrhZaYS17xbPJo_Rj5xb9DB-5CffIpBBw77Fs7Ig.F1wrfTTC4vxkyIb3MY4i31uGezbAxIMcA8GME8B38G8g.JPEG/17BCF252-A11F-40FB-8480-3F093026FB76.jpeg?type=w1500_60_sharpen"", ""https://pup-review-phinf.pstatic.net/MjAyNjA2MDlfNTMg/MDAxNzgwOTkwOTgzNjE2.9ea9WZrt3LhuZfeKnLfW9fNQegRbchrMK3hzKksexhkg.GM9mhBvUcrh8GL-wlzwV-ssLCvlyyoySEqIkcW-xTI4g.JPEG/C5C4E1CE-C580-4D8F-9ED2-6EE08D79C09B.jpeg""]",1,"[""건강한 맛이에요""]",,true,2026-09-01T05:29:06+00:00,naver_멜팅소울-갤리언점_20260901T045939Z#2
naver,멜팅소울 갤리언점,2041651090,https://pcmap.place.naver.com/restaurant/2041651090/review/visitor,686f584f203921421c904dd4,yoo****,6uduL,https://m.place.naver.com/my/5fb41f72fca2bbf868a93e77/review?v=2,,작년에도 온 캐비 올해도 왔는데 이제는 내부도 매장이 생겼다 해서 온천 하는김에 들려봤습니다. 외부랑 다른점이 있다면 넓은 홀이 좋았습니다 땡볓에서 먹지 않아도 되더라구요. 맛은뭐 역시는역시. 제가 치킨 버거를 좋아하는데 치킨이 뭔가 더 쫄깃해지고 부드러워 졌더라구요. 또 메뉴가 금방금방 나와서 너무 좋았습니다 직원분들도 너무 친절했구요 ㅎㅎ,2025-07-10,2025-07-10,1,1,"[""https://pup-review-phinf.pstatic.net/MjAyNTA3MTBfMjEw/MDAxNzUyMTI3MzgxNjE5.YUyU_KnJuG69ZSYtfaBqHKQdETUr7MroI5NkmOSDXzYg.GCeLA7SNWj72kP4T9et3PPIlcBWfn5gou2glJy3hTAAg.JPEG/IMG_7237.jpeg?type=w1500_60_sharpen""]",0,"[""음식이 맛있어요"", ""양이 많아요"", ""매장이 넓어요"", ""단체모임 하기 좋아요"", ""친절해요""]",,true,2026-09-01T05:29:06+00:00,naver_멜팅소울-갤리언점_20260901T045939Z#3
naver,멜팅소울 갤리언점,2041651090,https://pcmap.place.naver.com/restaurant/2041651090/review/visitor,686f58daee8160bef7ce9f07,노준범,4eogC,https://m.place.naver.com/my/5ecc52478f87a842bcfc3755/review?v=2,,"친구들이랑 놀러왔다가 인생버거 찾았습니다!
빨리 먹고 놀려고 했는데 주문하고 바로 나왔어요!
가격은 조금 있지만 맛있으니 괜찮다고 생각합니다 bb",2025-07-10,2025-07-10,1,1,"[""https://pup-review-phinf.pstatic.net/MjAyNTA3MTBfMTY1/MDAxNzUyMTI3NzA0OTE0.-Diw_dzgIOsDimd_COp1azQdSt3kV1BFcuhCcIL6zf0g.WULVK6dVT7ny6bto7DnuI1t50_yzqD-Wv7zHJf2fxNUg.JPEG/20250710_150344.jpg.jpg?type=w1500_60_sharpen""]",0,"[""음식이 맛있어요"", ""매장이 넓어요"", ""친절해요"", ""매장이 청결해요"", ""음식이 빨리 나와요""]",,true,2026-09-01T05:29:06+00:00,naver_멜팅소울-갤리언점_20260901T045939Z#4
naver,멜팅소울 갤리언점,2041651090,https://pcmap.place.naver.com/restaurant/2041651090/review/visitor,6a3dfeef1ad9ef4d94c3fc08,attijung,1Ig4A,https://m.place.naver.com/my/5c7a8ddab51d5a4ec0c854a5/review?v=2,4.0,,,2026-06-26,1,,,0,"[""음식이 맛있어요""]",,true,2026-09-01T05:29:06+00:00,naver_멜팅소울-갤리언점_20260901T045939Z#5
naver,버거카페아메리카,1268104504,https://pcmap.place.naver.com/restaurant/1268104504/review/visitor,68a2e76237ec2e6fb8252ef0,찌니뚱이,Y4Ri,https://m.place.naver.com/my/5b93b591508963c3f6aac140/review?v=2,,엄청 더운데 시원한 곳에서 잘 먹었어요,2025-08-18,2025-08-18,1,2,"[""https://pup-review-phinf.pstatic.net/MjAyNTA4MThfNjEg/MDAxNzU1NTA2NTI3NDY5.nMrVS11mIdG-VhAwDOa5F0wu3OPMA3GFMwQEVU4vGvcg.cUTGBg0zng0LmR0NrXwDsuaURXgh7_WViaeLHGraKN0g.JPEG/20250818_171705.jpg.jpg?type=w1500_60_sharpen"", ""https://pup-review-phinf.pstatic.net/MjAyNTA4MThfMjEy/MDAxNzU1NTA2NTI4NDc4.TcP1c4DTSmS6tSbpy-_oJm6TDzv0xyN4uEh1MpYp9zMg.QBN8OU3_wfeyOV5aOvDPOqADEPDnG0wz9gyh2-XG6qog.JPEG/20250818_171707.jpg.jpg?type=w1500_60_sharpen""]",0,"[""음식이 맛있어요"", ""매장이 넓어요""]",,true,2026-09-01T05:31:02+00:00,naver_버거카페아메리카_20260901T045939Z#0
naver,버거카페아메리카,1268104504,https://pcmap.place.naver.com/restaurant/1268104504/review/visitor,68edcd00e48cd926d96af2f8,구리도치맘,3LR3M,https://m.place.naver.com/my/5cc403c50876afac4f57f325/review?v=2,,굿,2025-10-14,2025-10-09,1,,,0,"[""음식이 맛있어요""]",,true,2026-09-01T05:31:02+00:00,naver_버거카페아메리카_20260901T045939Z#1
naver,버거카페아메리카,1268104504,https://pcmap.place.naver.com/restaurant/1268104504/review/visitor,683e8bbe298bdca3a1b04e14,눌은지,5JpYF,https://m.place.naver.com/my/5d5a9aace4a7598916377a98/review?v=2,,앞으로 에버랜드 오면 여기 먹어야겠어요.,2025-06-03,2025-06-03,1,1,"[""https://pup-review-phinf.pstatic.net/MjAyNTA2MDNfOTYg/MDAxNzQ4OTI5NDY4Njg2.5sfyuMYyPdYnMarK3ZhBAB6zs8mg63HNyAfIWqqoAWMg.GFnFwkW8CGMpHHUyqMSyb6yBuHt_Epzjjpl_js0Cl3og.JPEG/589BF1F8-7331-4D47-8C0C-7E9D92AF128C.jpeg?type=w1500_60_sharpen""]",0,"[""음식이 맛있어요"", ""매장이 넓어요""]",,true,2026-09-01T05:31:02+00:00,naver_버거카페아메리카_20260901T045939Z#2
naver,버거카페아메리카,1268104504,https://pcmap.place.naver.com/restaurant/1268104504/review/visitor,6849736afaeefa24d5c54ebe,하늘38,ZZd,https://m.place.naver.com/my/5f05879d2f90b7de3537e068/review?v=2,,감튀 맛나요.,2025-06-11,2025-06-03,1,1,"[""https://pup-review-phinf.pstatic.net/MjAyNTA2MTFfMjk5/MDAxNzQ5NjQ0MTM3NTM4._fOUogl2OLdRO2EXocnDVQQy-tI2opyMfXY-lL6glYog.sUGspz10Av0ApwW4uwkQMHaSfoA-OO4Cb6FAjwEpx28g.JPEG/F035D1FF-2114-4AF4-BC49-1D3E672ECC0B.jpeg?type=w1500_60_sharpen""]",0,"[""음식이 맛있어요""]",,true,2026-09-01T05:31:02+00:00,naver_버거카페아메리카_20260901T045939Z#3
naver,버거카페아메리카,1268104504,https://pcmap.place.naver.com/restaurant/1268104504/review/visitor,672724402d466feb8edfa6da,침대47,3iRE0,https://m.place.naver.com/my/5d32827f18c998168cca235c/review?v=2,,"별점: ⭐️⭐️⭐️⭐️⭐️(4.5점)

한줄평: 생각보다 맛있어서 놀랬어요

가격: 사진첨부

후기: 
- 자리먼저 잡으세요
- 시켜도 한참 뒤에 나와요
- 치킨 버거가 진짜 맛있어요",2024-11-03,2024-11-02,1,1,"[""https://pup-review-phinf.pstatic.net/MjAyNDExMDNfMjU4/MDAxNzMwNjE4NDMwNzQw.uo34XmpZvnsRjcGzUnC6_iOM7-2_lAZ5nDOadIxcsA8g._5qgFpCNZSwFgiKm3udNqcbbQjr-Lq6wpkPqFhXzVBIg.JPEG/B4F1BCF6-4B41-4B05-B7BC-C6CB90FED9FF.jpeg?type=w1500_60_sharpen""]",0,"[""음식이 맛있어요"", ""재료가 신선해요"", ""특별한 메뉴가 있어요""]",,true,2026-09-01T05:31:02+00:00,naver_버거카페아메리카_20260901T045939Z#4
naver,버거카페아메리카,1268104504,https://pcmap.place.naver.com/restaurant/1268104504/review/visitor,6779f6780bdcf33c1081783d,민이맘7702,2biTe,https://m.place.naver.com/my/643bc46f1438fc3a9c2d1f85/review?v=2,,굿,2025-01-05,2024-12-14,1,,,0,"[""음식이 맛있어요""]",,true,2026-09-01T05:31:02+00:00,naver_버거카페아메리카_20260901T045939Z#5
naver,버거카페아메리카,1268104504,https://pcmap.place.naver.com/restaurant/1268104504/review/visitor,6729a4926f1e8b42dc1fe0fc,김지혜6353,3HPyi,https://m.place.naver.com/my/5bde53568207dd2257704069/review?v=2,,굿,2024-11-05,2024-11-05,1,,,0,"[""음식이 맛있어요""]",,true,2026-09-01T05:31:02+00:00,naver_버거카페아메리카_20260901T045939Z#6
naver,버거카페아메리카,1268104504,https://pcmap.place.naver.com/restaurant/1268104504/review/visitor,67199ddd50a1fd81e8af8e36,쟤가제니,24Iei,https://m.place.naver.com/my/5be9325f3a2aa260d2c413d4/review?v=2,,"밥먹고 잠시 앉아있을 공간이 필요해서 들어갔어요! 커피 무난하게 괜찮고, 감자튀김은 보통입니다. 케첩은 마음껏 다져다먹을수있어 좋아요",2024-10-24,2024-10-23,1,,,0,"[""매장이 넓어요"", ""혼밥하기 좋아요"", ""단체모임 하기 좋아요""]",,true,2026-09-01T05:31:02+00:00,naver_버거카페아메리카_20260901T045939Z#7
naver,버거카페아메리카,1268104504,https://pcmap.place.naver.com/restaurant/1268104504/review/visitor,662278ada8d07107dabe4236,MOONBOW,1zLDW,https://m.place.naver.com/my/5bbd8729b430306c450ce1f0/review?v=2,,햄버거가 맛없기 쉽지 않은데 정말 맛이 없었습니다🥲 빨리 나오는 건 좋았어요.,2024-04-19,2024-04-19,1,2,"[""https://pup-review-phinf.pstatic.net/MjAyNDA0MTlfMjgx/MDAxNzEzNTM1MTQ3OTkw.u6sQEIXRJQvNKclzqc9Bgb0VWFnL6eJKSeHy_skFcF8g.Ty8o8knPMm7rHKLT8gKuDIfS00_swHc0pgbVxO-o3v4g.JPEG/D68EE177-9780-4C15-8559-14BB5296A2AE.jpeg?type=w1500_60_sharpen"", ""https://pup-review-phinf.pstatic.net/MjAyNDA0MTlfMjc4/MDAxNzEzNTM1MTQ3OTc1.1xiefPaJBpUcTKJCaGg7tCKfef6BVS0xdDzDmmc-I5Qg.L2f5wPHXjH6bAHLWgLwmGyH5o-gcsGgn5NhbjzAuyaEg.JPEG/546D5921-EC66-431B-896C-17899F01E587.jpeg?type=w1500_60_sharpen""]",0,"[""매장이 넓어요"", ""음식이 빨리 나와요""]",,true,2026-09-01T05:31:02+00:00,naver_버거카페아메리카_20260901T045939Z#8
naver,버거카페아메리카,1268104504,https://pcmap.place.naver.com/restaurant/1268104504/review/visitor,6740f6f719e8862d432d2df1,진챠린,477K7,https://m.place.naver.com/my/5e5497c58f87a842bc284d4a/review?v=2,,먹을만해요,2024-11-23,2024-11-20,1,1,"[""https://pup-review-phinf.pstatic.net/MjAyNDExMjNfMjU2/MDAxNzMyMzEwNzczODcz.mt6yFa4JsId__BrNZ7mdsnAdA3RZC9Vb2qvaOy6e04Eg.0N-riu9sDmQ8mYSD8hNl5CTfXuPd6CHdxPEcsx4VPskg.JPEG/4CA03AEE-81B9-4D52-AC1E-6DC5D00509AE.jpeg?type=w1500_60_sharpen""]",0,"[""매장이 넓어요""]",,true,2026-09-01T05:31:02+00:00,naver_버거카페아메리카_20260901T045939Z#9
naver,버거카페아메리카,1268104504,https://pcmap.place.naver.com/restaurant/1268104504/review/visitor,68012bf2e9b86265585f7e34,jb****,40BZa,https://m.place.naver.com/my/5efecf2a493ad9a9a0ec3dfa/review?v=2,,,,2025-04-17,1,,,0,"[""음식이 맛있어요""]",,true,2026-09-01T05:31:02+00:00,naver_버거카페아메리카_20260901T045939Z#10
naver,버거카페아메리카,1268104504,https://pcmap.place.naver.com/restaurant/1268104504/review/visitor,6728a70e431f5ff4ea35d4c2,안개꽃처럼,45pS6,https://m.place.naver.com/my/5f05b85b0a91396a976e2b0c/review?v=2,,,,2024-10-27,1,,,0,"[""음식이 맛있어요"", ""양이 많아요"", ""특별한 메뉴가 있어요"", ""인테리어가 멋져요"", ""매장이 넓어요""]",,true,2026-09-01T05:31:02+00:00,naver_버거카페아메리카_20260901T045939Z#11
naver,버거카페아메리카,1268104504,https://pcmap.place.naver.com/restaurant/1268104504/review/visitor,6728a72820e6f53aa73f1749,les****,1BGPT,https://m.place.naver.com/my/5b8d15c60a7a0bd67a8122cb/review?v=2,,,,2024-10-27,1,,,0,"[""음식이 맛있어요""]",,true,2026-09-01T05:31:02+00:00,naver_버거카페아메리카_20260901T045939Z#12
naver,버거카페아메리카,1268104504,https://pcmap.place.naver.com/restaurant/1268104504/review/visitor,665c1472e39027f40c28c956,yub****,daV2V,https://m.place.naver.com/my/604ca1e3494c8a42e6340e08/review?v=2,,,,2024-05-02,1,,,0,"[""매장이 넓어요"", ""혼밥하기 좋아요"", ""단체모임 하기 좋아요""]",,true,2026-09-01T05:31:02+00:00,naver_버거카페아메리카_20260901T045939Z#13
naver,버거카페아메리카,1268104504,https://pcmap.place.naver.com/restaurant/1268104504/review/visitor,6634e386a454d529a73e41cb,까칠한꽁,9SGCG,https://m.place.naver.com/my/5d7d7caf8f87a842bc154a79/review?v=2,,,,2024-05-02,1,,,0,"[""음식이 맛있어요""]",,true,2026-09-01T05:31:02+00:00,naver_버거카페아메리카_20260901T045939Z#14
naver,버거카페아메리카,1268104504,https://pcmap.place.naver.com/restaurant/1268104504/review/visitor,665316b33930dbdfaba9601d,불량캔디,2aN1m,https://m.place.naver.com/my/5f37b42aa602e98f564cbbd4/review?v=2,,,,2024-04-27,1,,,0,"[""음식이 맛있어요"", ""매장이 넓어요""]",,true,2026-09-01T05:31:02+00:00,naver_버거카페아메리카_20260901T045939Z#15
naver,버거카페아메리카,1268104504,https://pcmap.place.naver.com/restaurant/1268104504/review/visitor,662088d46d14ae08d7b6fc7e,hahahohohehe12,8R0wv,https://m.place.naver.com/my/5efeab47afcca6e20afdac59/review?v=2,,,,2024-04-18,1,,,0,"[""매장이 넓어요""]",,true,2026-09-01T05:31:02+00:00,naver_버거카페아메리카_20260901T045939Z#16
naver,버거카페아메리카,1268104504,https://pcmap.place.naver.com/restaurant/1268104504/review/visitor,65e3f2ba166879580ccdbce7,ekea53,4nySu,https://m.place.naver.com/my/5eff816bd012f64a72314ab5/review?v=2,,,,2024-03-03,1,,,0,"[""음식이 맛있어요""]",,true,2026-09-01T05:31:02+00:00,naver_버거카페아메리카_20260901T045939Z#17
naver,버거카페아메리카,1268104504,https://pcmap.place.naver.com/restaurant/1268104504/review/visitor,65e728b2b30634e450f343e0,ent****,4nPrP,https://m.place.naver.com/my/5e35a8308f87a842bc8df8a4/review?v=2,,,,2024-03-01,1,,,0,"[""친절해요"", ""특별한 날 가기 좋아요""]",,true,2026-09-01T05:31:02+00:00,naver_버거카페아메리카_20260901T045939Z#18
naver,버거카페아메리카,1268104504,https://pcmap.place.naver.com/restaurant/1268104504/review/visitor,65e3cc34b4ee25dca3ca27c5,퇴근83,cbkIT,https://m.place.naver.com/my/608ca760d474fe1789f24ff8/review?v=2,,,,2024-03-01,1,,,0,"[""음식이 맛있어요""]",,true,2026-09-01T05:31:02+00:00,naver_버거카페아메리카_20260901T045939Z#19
naver,버거카페아메리카,1268104504,https://pcmap.place.naver.com/restaurant/1268104504/review/visitor,6656d7237f232543d3167ed0,차뇽꽁쥬,2aRWB,https://m.place.naver.com/my/5e1ee6ff8f87a842bcb162d5/review?v=2,,,2024-05-29,2024-05-29,1,1,"[""https://pup-review-phinf.pstatic.net/MjAyNDA1MjlfMTE0/MDAxNzE2OTY3MjAxODQ3._gCEY-0Mag2Wf1nOeUpFdvHtuM0sI7bbTB6iZ7jmaekg.pg3G0wZEYaFM1t8KK9HATD7FhfskNesYjmd01tvstP4g.JPEG/20240529_114829.jpg.jpg?type=w1500_60_sharpen""]",0,"[""대화하기 좋아요""]",,true,2026-09-01T05:31:02+00:00,naver_버거카페아메리카_20260901T045939Z#20
naver,버거카페아메리카,1268104504,https://pcmap.place.naver.com/restaurant/1268104504/review/visitor,665ffcf2391cd9b80daf6455,yllove1205,fVx7,https://m.place.naver.com/my/5effeffefe03e278d38bb5e5/review?v=2,,,,2024-05-23,1,,,0,"[""음식이 맛있어요""]",,true,2026-09-01T05:31:02+00:00,naver_버거카페아메리카_20260901T045939Z#21
naver,버거카페아메리카,1268104504,https://pcmap.place.naver.com/restaurant/1268104504/review/visitor,66342aaf46104167cdc08f04,par****,4mSsu,https://m.place.naver.com/my/5dcfac3d8f87a842bcc7318c/review?v=2,,,,2024-05-02,1,,,0,"[""음식이 맛있어요""]",,true,2026-09-01T05:31:02+00:00,naver_버거카페아메리카_20260901T045939Z#22
naver,버거카페아메리카,1268104504,https://pcmap.place.naver.com/restaurant/1268104504/review/visitor,66279317f4f03c48254e84e5,꿈역사192,2bC2W,https://m.place.naver.com/my/5d54386f94b13c6a57d207e3/review?v=2,,,,2024-04-21,1,,,0,"[""음식이 맛있어요""]",,true,2026-09-01T05:31:02+00:00,naver_버거카페아메리카_20260901T045939Z#23
naver,솥내음 용인 에버랜드점,1413421949,https://pcmap.place.naver.com/restaurant/1413421949/review/visitor,6a9255eb44b752f4ecc49752,kangpachu44,1HWnW,https://m.place.naver.com/my/5b700c8dda74020461165bda/review?v=2,5.0,용인 처인구 전대리 맛집 솥내음 만족스럽게 밥 먹었습니다. 아기 친화적인 매장이라 어린이 메뉴도 있고 깔끔해서 기분 좋게 먹었습니다. 솥밥이라서 그런지 밥이 역시 맛있네요. 세개 메뉴 다 골고루 맛있었습니다.,2026-08-29,2026-08-29,1,4,"[""https://pup-review-phinf.pstatic.net/MjAyNjA4MjlfMTUy/MDAxNzg3OTc1MDE5NDc3._aLoTn97rybDFzjC5cYBiCcsE7Vnd6Iz0Emc0Pr-WuEg.Efx-IZ74JdHTOZ-TuxLBwvBBYmr9WqZJx5v4j6otS8Eg.JPEG/IMG_6643.jpeg?type=w1500_60_sharpen"", ""https://pup-review-phinf.pstatic.net/MjAyNjA4MjlfNTUg/MDAxNzg3OTc1MDE5NjM0.P0tg9017Wev0KnoG2MNFaYKIQjT-RRO0SMi59uhcLhwg.EC6i8QZhNngAPyr7p5wltvNAMXK4gFoUaoNpVPPBY-4g.JPEG/IMG_6644.jpeg?type=w1500_60_sharpen"", ""https://pup-review-phinf.pstatic.net/MjAyNjA4MjlfMTM0/MDAxNzg3OTc1MDE5NzMz.x-XZk6i51HOOMbAcqfZg25AqHWy1HZSE1pXIbYIBGx0g.CQNdNlmzeHoAe3AGAIkFlSA8NHwYFsAcLRr8zRHIb4Qg.JPEG/IMG_6645.jpeg?type=w1500_60_sharpen"", ""https://pup-review-phinf.pstatic.net/MjAyNjA4MjlfMiAg/MDAxNzg3OTc1MDU0OTQw.kYO0y02heuW37hjniWQzpwxSjUEC9wZnXr3Gmev4EcMg.hbmGj9WU9GYPMI6g9GRigP-ASa0mCnTHdZnmi2nSlywg.JPEG/IMG_6642.jpeg?type=w1500_60_sharpen""]",0,"[""음식이 맛있어요"", ""재료가 신선해요"", ""인테리어가 멋져요"", ""아이와 가기 좋아요"", ""주차하기 편해요""]",,true,2026-09-01T05:33:26+00:00,naver_솥내음-용인-에버랜드점_20260901T045939Z#0
naver,솥내음 용인 에버랜드점,1413421949,https://pcmap.place.naver.com/restaurant/1413421949/review/visitor,6a76e3af399ef85365f02a7e,연어양식장,4Q8Zw,https://m.place.naver.com/my/5b95315a2ddcdb79ecf82aec/review?v=2,5.0,"스트레스 싹 풀리는 매콤한 🔥불쭈꾸미 솥밥
쫄깃하고 통통한 쭈꾸미가 가득 씹히고 개인적으론
딱 적당하고 느껴졌던 맵기라 맛있게 먹었습니다 :)

가지 싫어하는 사람도 입덕하게 만드는 가지솥밥도
어찌나 맛있던지🍆 풍미가 미쳤습니다 ㅠㅠ

저희 엄마가 맛있다고 하셨어요 !! 가격도 나름
합리적이고 솥밥 종류가 다양하다보니 뭘 먹어도
맛있을 거 같더라고요 :) 고기가 너무 부드러워서
씹기도 전에 사라지는 마술을 선보였던 스테이크덮밥

저는 솔직히 이게 원픽이었습니다 ㅋㅋㅋㅋ 🥩
마무리로 숭늉까지 야무지게 말아먹어야 식사의 끝
배터질 거 같지만 행복함 그 자체였던 식사 :)",2026-08-08,2026-07-30,1,8,"[""https://pup-review-phinf.pstatic.net/MjAyNjA4MDhfNzcg/MDAxNzg2MTc2NDI4MjE3.x2Q1GK0hMHaAJ0WlHhGtLWIUi188xUajoDGEEjsTULsg.JznncqvkHBBOCo9upcjGIR8OD8pwC_lrxYTZp11Fe3kg.JPEG/2DA7157B-CB7E-4BD8-A100-D7A912D15B5A.jpeg?type=w1500_60_sharpen"", ""https://pup-review-phinf.pstatic.net/MjAyNjA4MDhfMTM4/MDAxNzg2MTc2NDI3MDg2.6hTd7cfhITDpk3SVpl92Ga_1w88UVWGeSvpdIhrSnuIg.YmiXursrBawJU8TvsjOgl2o-LvyEWxcKt7tWyFr8Y1gg.JPEG/F027A609-29D4-4802-A8B6-A9011F4B9442.jpeg?type=w1500_60_sharpen"", ""https://pup-review-phinf.pstatic.net/MjAyNjA4MDhfMTM4/MDAxNzg2MTc2NDI3ODI5.QcaHmyyzUFpleJPz8tJ6DgAFnUzvBmwO19xXF0dNIWAg._BLGMq3QdvuqIZ_s9dmU6Z4YnAwcZue5GAAtxn7-g_Ag.JPEG/D2BBB45F-5F41-4102-85A8-A318E34BE7DA.jpeg?type=w1500_60_sharpen"", ""https://pup-review-phinf.pstatic.net/MjAyNjA4MDhfMTcx/MDAxNzg2MTc2NDI4MDk5.CGSN4oC0Bfsqnf7EMxJQBR_TnBDCmiOm9lTGDsSCdWEg.kxKjpzlB--21AoMtKikr60NAunZrZlcfBOBCUqVxtf8g.JPEG/2B008EEE-5DFF-4813-BEDC-0CB84FC17E71.jpeg?type=w1500_60_sharpen"", ""https://pup-review-phinf.pstatic.net/MjAyNjA4MDhfMjYw/MDAxNzg2MTc2NDI3ODg3.piiIyl66HGszVmw9jirA9X1_13AlbxyNjq5wyQSRUGog.h0pMsZfSKRDX9laNu3D_DUJPjOBabVlKYX8auKnGt9sg.JPEG/B40C9FE7-F8D6-4E41-84F5-4751F75DEE34.jpeg?type=w1500_60_sharpen"", ""https://pup-review-phinf.pstatic.net/MjAyNjA4MDhfMjkg/MDAxNzg2MTc2NDI4ODcw.LkCIP70NFd_wskMeVeAoXxpZ4snFiZ5T32B8ANTNw-8g.TMDj1rTgtsp20EzxkdOEAP_h-uaxxodb_S2SYz8m3_0g.JPEG/0A092BEB-D923-4C59-863B-EA9E0E07F6BE.jpeg?type=w1500_60_sharpen"", ""https://pup-review-phinf.pstatic.net/MjAyNjA4MDhfNTgg/MDAxNzg2MTc2NDI5Njg2.-IuKkbDk8_aBBRe74ckwAV0xFuued2M7qxLm3kh5RrEg.16D4D87YE3kFuEOFGz96-5lLiW2b2fMRkDqobGLI9G0g.JPEG/29D06521-66A9-427F-8ECA-D8CF6C3B6FDB.jpeg?type=w1500_60_sharpen"", ""https://pup-review-phinf.pstatic.net/MjAyNjA4MDhfODUg/MDAxNzg2MTc2NDI5NTgx.vUi5sVBkItMsfYPdO0FKmv-gxKs54SMrtd4owYn6t60g.Ru53Lw53hful6UM5Z7MJbvDJzr-vTB-aAY1Vf6kcMD0g.JPEG/B7B5C3A9-3E5B-4DE6-8A6E-B92CFED0DA29.jpeg?type=w1500_60_sharpen""]",0,"[""음식이 맛있어요"", ""특별한 메뉴가 있어요"", ""혼밥하기 좋아요"", ""대화하기 좋아요"", ""아늑해요""]",,true,2026-09-01T05:33:26+00:00,naver_솥내음-용인-에버랜드점_20260901T045939Z#1
naver,솥내음 용인 에버랜드점,1413421949,https://pcmap.place.naver.com/restaurant/1413421949/review/visitor,6a8ff4346f3e346fc5d79d5a,상이요세비,1U9p0,https://m.place.naver.com/my/5d025713fb7eeafb95562a3c/review?v=2,5.0,"아내와 돌아기랑 방문 했어요. 
장어솥밥과 스테이크솥밥 을 시켰규요 
아들은 아직 어려서 이유식 ^^
이유식용 전자랜지도 있고 좋았오용
용인 처인구 전대리 맛집 입니다. 
아기와 오기 좋고 연인과 오기 좋고 가족과도 오기 좋아용",2026-08-27,2026-08-27,1,5,"[""https://pup-review-phinf.pstatic.net/MjAyNjA4MjdfMTY0/MDAxNzg3ODE5MDUzNDAx.HKek8NY_lnZtiYShFoWuAkvtSIdUtGz40aJOGDEGVPUg.Co-YaE_4UEzVmmmufvdfsfLszIpxLsszHoFESz3fSmAg.JPEG/1F4F316B-8D48-4A12-A675-1C1D0C5ABBFE.jpeg?type=w1500_60_sharpen"", ""https://pup-review-phinf.pstatic.net/MjAyNjA4MjdfMjEz/MDAxNzg3ODE5MDUyNDg2.uvd6wVRGYorQCRc9aX7UkPPR7QRQSMKA2NRNq7cfno0g.Cc6-VVw-m5K8G5InZvb08wIFG6yipGUYsD3akDUXTtgg.JPEG/2E0A3FB7-6599-4461-BF39-20D1B056C039.jpeg?type=w1500_60_sharpen"", ""https://pup-review-phinf.pstatic.net/MjAyNjA4MjdfMjY2/MDAxNzg3ODE5MDU1MDI1.HOXnbzYend0tSOP0RtgAa_lttvJlLo5RHouQfuJMACsg.-FVJ3JX3X9ijr5Z3_enAgMsQEt5X5ZMDbo6F0yKUcyYg.JPEG/FDACAC00-BF98-4925-BDF8-06D365C0693C.jpeg?type=w1500_60_sharpen"", ""https://pup-review-phinf.pstatic.net/MjAyNjA4MjdfMjEx/MDAxNzg3ODE5MDU2MDQ1.tqPcb7SimRwZN4dYLmk6shbvjD9SsryZ905-jpdGwgkg.QNI97II0d1-tpemR2_Dw0MUpXa9_Lwy25hzhTI5EV5Ig.JPEG/0BF6CBC8-D676-4531-A5B6-73EBD1941766.jpeg?type=w1500_60_sharpen"", ""https://pup-review-phinf.pstatic.net/MjAyNjA4MjdfMjA2/MDAxNzg3ODE5MDU4ODI5.GlOR2puVXbR_rcAOfaEKJjJaXCi_1MsiEwUsk8-2jR8g.R_KzG4ZIa5DPP-nHe9ytLtGatHZULDr1cO1WBkSFrT0g.JPEG/1A2E14C9-7305-4B63-96D0-5197D1B4B3D8.jpeg?type=w1500_60_sharpen""]",0,"[""특별한 메뉴가 있어요"", ""고기 질이 좋아요"", ""현지 맛에 가까워요"", ""음식이 맛있어요"", ""재료가 신선해요""]",,true,2026-09-01T05:33:26+00:00,naver_솥내음-용인-에버랜드점_20260901T045939Z#2
naver,솥내음 용인 에버랜드점,1413421949,https://pcmap.place.naver.com/restaurant/1413421949/review/visitor,6a897d28a3ffcf5ff372e160,0168235909,zdvw,https://m.place.naver.com/my/5c83e979e4882c52c4f2cc65/review?v=2,5.0,"남편이랑 데이트하던중 
용인 에버랜드 근터 용인 처인구 전대리 맛집으로 검색되어 왔는데 
우와 찐맛집 맞네요 저희 스테이크 솥밥이랑 해물장 시컸는데 비주얼 죽이네요ㅎㅎㅎ맛도 있고요  해물장 너무좋아하는데 맛있어요 솥밥도 맛있고   흔하지않은메뉴라 더좋은것같아요 완전 추천",2026-08-22,2026-08-22,1,4,"[""https://pup-review-phinf.pstatic.net/MjAyNjA4MjJfMTc1/MDAxNzg3Mzk1MzY2ODE4.t8n6icC4Ot4PV-h_YxjqgOXCsl6x2E_jF34AVnKIz4Mg.Q5DMpCeBtzHfeXK7utIDsd_zGCe6-RXj5bp7Vz9BcE0g.JPEG/20260822_193810.jpg.jpg?type=w1500_60_sharpen"", ""https://pup-review-phinf.pstatic.net/MjAyNjA4MjJfMTY0/MDAxNzg3Mzk1MzY2OTIz.JBrI8sXXHnVcbAkwyLg60CldPn3fBXUsLYVy1irx1Qsg.P_FQ66P75TSkqOstJt3JOJrl2Eta7Cw4GDxO-vb898Mg.JPEG/20260822_193816.jpg.jpg?type=w1500_60_sharpen"", ""https://pup-review-phinf.pstatic.net/MjAyNjA4MjJfMTI1/MDAxNzg3Mzk1MzY2OTk3.1E0IviieZsPsMRjcaVvKbVmMvQ09QZrY3Q2ZiyFACPMg.fyXnERdz2c4uSHhat6I6hjp4Kqc1qggNM98X8fttPDYg.JPEG/20260822_193819.jpg.jpg?type=w1500_60_sharpen"", ""https://pup-review-phinf.pstatic.net/MjAyNjA4MjJfMTMx/MDAxNzg3Mzk1MzY2OTA1.MlVsZ6ztLn2Uc46CE4bm9x-2DGP8oytqjrDGuLO0XHMg.7pEVbfMY2c2ZpF7dfXoKPIko2vfNywyIUFzRz-NEP8wg.JPEG/20260822_193818.jpg.jpg?type=w1500_60_sharpen""]",0,"[""음식이 맛있어요"", ""재료가 신선해요"", ""특별한 메뉴가 있어요"", ""고기 질이 좋아요"", ""현지 맛에 가까워요""]",,true,2026-09-01T05:33:26+00:00,naver_솥내음-용인-에버랜드점_20260901T045939Z#3
naver,솥내음 용인 에버랜드점,1413421949,https://pcmap.place.naver.com/restaurant/1413421949/review/visitor,6a803e4b752cce5e222ec17d,용용이6027,1gigI,https://m.place.naver.com/my/5e22a67e8f87a842bc273f47/review?v=2,5.0,"용인 처인구 전대리 맛집
캐리비안베이 갔다가 가족들이랑 저녁먹으러 왔어요.
주차장에서 5분거리 엄청 가깝고, 솥밥이랑 김치찜
전골 메뉴도 다양해요. 아이랑 맛있게 먹었고,
주차도 편하고 매장도 깔끔해요!
솥밥에 김치찜세트 가성비좋아요",2026-08-15,2026-08-15,1,4,"[""https://pup-review-phinf.pstatic.net/MjAyNjA4MTVfMjA5/MDAxNzg2Nzg5MzQ5ODI5.H-L6_nK8Vir-f4nc2R-siBy6ZUgnIzl4lqiOQnrImg4g.qUfXHmOdcOmq873hfWaRIhoFBLxVoVLD7kUEwBWH4o8g.JPEG/2026-08-15-19-15-40-602.jpg?type=w1500_60_sharpen"", ""https://pup-review-phinf.pstatic.net/MjAyNjA4MTVfMjU2/MDAxNzg2Nzg5MzQ5NzA2.nyASX2kLbKx9wlcy2EqDa_QPOAxSA87DT6VFuZAcZhkg.OP7RFzPiZHn-1PpcQIURVzgLEmT2zo4HTMKnxwXv7ZUg.JPEG/2026-08-15-19-15-53-193.jpg?type=w1500_60_sharpen"", ""https://pup-review-phinf.pstatic.net/MjAyNjA4MTVfNDIg/MDAxNzg2Nzg5MzQ5NzE2.tDMcBLeygBXPWzFBXvz9k6T36Bwc3RRVFimeq6z7jX0g.2AuUNvnPe858fyHJtWWuyZonjkLKajAtDcxuGsLKAysg.JPEG/2026-08-15-19-16-03-381.jpg?type=w1500_60_sharpen"", ""https://pup-review-phinf.pstatic.net/MjAyNjA4MTVfMjkz/MDAxNzg2Nzg5MzQ5NjA1.T8xPhBzRbnkFpK0039jtSiOjc8gew_mWUvlFD-qIbOkg.ALvc4ikWsktX3KnOU-LcEMaNprOvbcwsgEStDb7IA4kg.JPEG/2026-08-15-19-16-21-595.jpg?type=w1500_60_sharpen""]",0,"[""음식이 맛있어요"", ""특별한 메뉴가 있어요"", ""메뉴 구성이 알차요"", ""아이와 가기 좋아요"", ""주차하기 편해요""]",,true,2026-09-01T05:33:26+00:00,naver_솥내음-용인-에버랜드점_20260901T045939Z#4
naver,솥내음 용인 에버랜드점,1413421949,https://pcmap.place.naver.com/restaurant/1413421949/review/visitor,6a93ab089f72db4b89fa391e,jeongnature,25xCn,https://m.place.naver.com/my/5e96e6338f87a842bc7adee8/review?v=2,5.0,"용인 처인구 전대리 맛집 솥내음에서 해물장세트 먹고 왔어요! 😊

푸짐하게 차려지는 한 상이 정말 만족스러웠고, 특히 해물장이 짜지 않고 감칠맛이 좋아서 솥밥과 함께 먹기 딱 좋았어요. 🦀🦐🦑
따끈한 솥밥에 해물장 올려서 먹으니 한 끼가 정말 든든하더라고요!

반찬들도 정갈하게 잘 나오고 전체적으로 음식 하나하나 깔끔해서 가족 외식이나 에버랜드 근처에서 한식 먹고 싶을 때 방문하기 좋은 곳 같아요. 😊
용인 전대리 맛집 찾으신다면 솥내음 해물장세트 추천합니다! 👍🏻",2026-08-30,2026-08-30,1,2,"[""https://pup-review-phinf.pstatic.net/MjAyNjA4MzBfMTE4/MDAxNzg4MDYyNDY5NTIw.mfVBxpwJqp_go7HLs3HpDbd39OTIp2JcjlbzjPo1KLQg.5u5cGY1m4BIx_IVcQkzshc9kh_VXg3r4yTZHMwfOjbkg.JPEG/D4534EA5-A9B4-4A0E-A8EB-34221E0E7EB4.jpeg?type=w1500_60_sharpen"", ""https://pup-review-phinf.pstatic.net/MjAyNjA4MzBfMjIg/MDAxNzg4MDYyNDY4OTY2.jQQ4Q--xd3Mbx1CwIbh59T7i39nQWPN0LjtOdSAApoog.aZZojhwWJkdnVcx7p6Lgh2H5NrF8zGj5jGYr-50XOLIg.JPEG/68D90BA6-94D0-4B27-8244-C79872952C5F.jpeg""]",0,"[""음식이 맛있어요"", ""재료가 신선해요"", ""특별한 메뉴가 있어요"", ""가성비가 좋아요"", ""건강한 맛이에요""]",,true,2026-09-01T05:33:26+00:00,naver_솥내음-용인-에버랜드점_20260901T045939Z#5
naver,솥내음 용인 에버랜드점,1413421949,https://pcmap.place.naver.com/restaurant/1413421949/review/visitor,6a8584a438ea121f307ce05b,ych****,6uvB5,https://m.place.naver.com/my/5e61b0188f87a842bc309355/review?v=2,5.0,"깔끔한 외관과 더불어 내부도 너무 예쁘게 인테리어가 되어 있어 음식을 먹는 동안 기분이 좋더라고요 ^^
오늘 주문한 장어솥밥은 장어의 비린내가 거의 나지 않고 특유의 양념소스와 더불어 건깅한 한끼 식사를 했네요 
여름 특별메뉴로 주문한 비빔막국수정식은 말깔나게 잘 구어진 돼지불고기와 함께 먹으니 아주 조합이 좋네요 👍 
오늘 맛있게 잘먹고 갑니다 
다음에도 기회가 되면 다시 가보고싶은 곳입니다",2026-08-19,2026-08-19,1,4,"[""https://pup-review-phinf.pstatic.net/MjAyNjA4MTlfMTk1/MDAxNzg3MTM1MTM4Nzkw.ECdq5gn5mhK7GxKd8P2KV-QqUM63_iTWj_Owyt87R18g.tdmMtm4Jhiu2UxhmI5zb9x5Ufv33mps_iusIOn9yWdEg.JPEG/20260819_165637.jpg.jpg?type=w1500_60_sharpen"", ""https://pup-review-phinf.pstatic.net/MjAyNjA4MTlfMTAg/MDAxNzg3MTM1MTM4NzE0.PAui9nBV6TbXNgkWXSQV0IQmhjLUO80qUM2kcbYf5nIg.QoL9U0oz0vm_5M6WGSJJFxKjGppj0aKnmgKoukeEs-Ig.JPEG/video_thumbnail.jpg"", ""https://pup-review-phinf.pstatic.net/MjAyNjA4MTlfMjMg/MDAxNzg3MTM1MTM4Nzgx.2exUeDzTRfcA8EpU-cDueV3Ft6NDhhMx5pr9vlR0x5Ag.b6Wf8iiny2JN3zYiB4ArGxTC36o8GOMBZpNQ4i5NK0Qg.JPEG/20260819_171754.jpg.jpg?type=w1500_60_sharpen"", ""https://pup-review-phinf.pstatic.net/MjAyNjA4MTlfNDEg/MDAxNzg3MTM1MTM4NzIw.NtMyJdyoaQw8ly44IuPeedbHSDspHZBSABHEK9_jj7og.wqwwgv8i7fvDLB6MBQ9uFTkGrTcTU0t8o-LsGGP9bRsg.JPEG/20260819_172238.jpg.jpg?type=w1500_60_sharpen""]",0,"[""음식이 맛있어요"", ""재료가 신선해요"", ""인테리어가 멋져요"", ""친절해요"", ""주차하기 편해요""]",,true,2026-09-01T05:33:26+00:00,naver_솥내음-용인-에버랜드점_20260901T045939Z#6
naver,솥내음 용인 에버랜드점,1413421949,https://pcmap.place.naver.com/restaurant/1413421949/review/visitor,6a851917656ac1a5a6db7367,으하히호후,1eCvT,https://m.place.naver.com/my/5c0f4368c3c36675fe3fa860/review?v=2,5.0,음식점을 검색하다가 용인처인구 전대리 맛집이라는 솥내음에 친구와 방문했어요 전 11시 30분쯤 왔는데 평일인데도 정말 계속 사람이 들어와요 정말 맛집인가봐요 저는 베스트 메뉴인 스테이크 솥밥과 쭈꾸미 솥밥을 시켰어요 맛있습니다 여기 추천합니다,2026-08-19,2026-08-19,1,2,"[""https://pup-review-phinf.pstatic.net/MjAyNjA4MTlfNzMg/MDAxNzg3MTA3NjA0MTYx.2QJNs5xx4nrMViEDYPXzjgPe9sRHMu__71l-nnivhOAg.i1ytWqzU8FqaLisEZsBBOQddTHMsoLi3yHN0odQ2z1Yg.JPEG/20260819_114022.jpg.jpg?type=w1500_60_sharpen"", ""https://pup-review-phinf.pstatic.net/MjAyNjA4MTlfMTEz/MDAxNzg3MTA3NjA2MDUy.Ez4xXHsJhryYreNbkc6ok4vsdwqppx40ajhZ5HzvhJEg.OvVbq2_0pWFifS0KbdGqZjJLH1-NqnI2l-7hk5iNEOAg.JPEG/20260819_114013.jpg.jpg?type=w1500_60_sharpen""]",0,"[""음식이 맛있어요"", ""메뉴 구성이 알차요"", ""친절해요"", ""주차하기 편해요"", ""매장이 청결해요""]",,true,2026-09-01T05:33:26+00:00,naver_솥내음-용인-에버랜드점_20260901T045939Z#7
naver,솥내음 용인 에버랜드점,1413421949,https://pcmap.place.naver.com/restaurant/1413421949/review/visitor,6a8134b1214d48c62d76f986,쭈니엄마96,lLoz,https://m.place.naver.com/my/5c970aeec6fe5ea55e33eee6/review?v=2,5.0,"에버랜드 가기전에 들린 맛집!
용인 처인구 전대리 맛집이라고
해서 들려봣는데 역시나 맛있어요.
아이도 잘먹고 좋습니다.
깔끔하고 화장실 안에 있어서 좋아요. 
돼지불고기솥밥이랑 여름메뉴 막국수세트 불고기 시켰는데 
맛있어요❤️",2026-08-16,2026-08-16,1,2,"[""https://pup-review-phinf.pstatic.net/MjAyNjA4MTZfMjEg/MDAxNzg2ODUyNTI3ODk4.UiU-bkFPr5CvGhvwCMQcg3-rFU2jfe_pAWaxbInY_pIg.mTn0w1PDPTkeMHq_NlsOke0kxP90rgzs7nVmU1t1zU4g.JPEG/E99BC637-12AD-4CC5-8E09-3A4D746808AF.jpeg?type=w1500_60_sharpen"", ""https://pup-review-phinf.pstatic.net/MjAyNjA4MTZfMTQ5/MDAxNzg2ODUyNTI3Nzc1.OF3fNCv0l4MGu5e1LeSxZqB9wHuthckQOfWqVmpWz5wg.7G798vVe7u8D7eolwWJSp1heZ4kuHdT9jQUHzGOnAX0g.JPEG/BB60B29C-4B42-4381-A290-9A088E56462C.jpeg?type=w1500_60_sharpen""]",0,"[""음식이 맛있어요"", ""재료가 신선해요"", ""특별한 메뉴가 있어요"", ""고기 질이 좋아요""]",,true,2026-09-01T05:33:26+00:00,naver_솥내음-용인-에버랜드점_20260901T045939Z#8
naver,솥내음 용인 에버랜드점,1413421949,https://pcmap.place.naver.com/restaurant/1413421949/review/visitor,6a6593e0cba92dc5a2bd3e06,뷰티카우,3AECX,https://m.place.naver.com/my/5cc6b4f88f87a842bc8f8122/review?v=2,5.0,"에버랜드 가는 길에 점심 먹기 위해서 아이와 함께 방문했어요. 양념가지솥밥과 스테이크솥밥, 양념꼬막솥밥을 주문했는데 이름대로 양념이 정말 맛있네요. 꼬막이랑 가지도 신선하구요. 아이는 스테이크솥밥 고기가 맛있다며 잘 먹었네요. 용인 처인구 전대리 맛집으로 손색 없네요~ 든든하게 잘 먹었어요. 에버랜드 자주 오는데, 오며가며 또 방문해야겠어요.",2026-07-26,2026-07-26,1,5,"[""https://pup-review-phinf.pstatic.net/MjAyNjA3MjZfOTYg/MDAxNzg1MDQxODg3MjM5.52UqzndZCoCeI0A0of-mH2PIuSVPivgFZJ0Aq722pG8g.toeis18S_07Iu1jzkteTQVqkYPHFfwox4QgtQCXo9SUg.JPEG/973DAD42-4089-4DA3-A123-C3346CCF8CA0.jpeg?type=w1500_60_sharpen"", ""https://pup-review-phinf.pstatic.net/MjAyNjA3MjZfMjY0/MDAxNzg1MDQxODg2ODk1.q_X5kR4Hn5GTCqodfleSFTaJt_5gXU1JyPDNGKaG0i4g.ENoKWE0pPJ38Bfdh7HjoP8ewIVxTOuzKiWRj2THZNE0g.JPEG/60A1A371-D4D5-447B-B28D-C7D56FE68EE5.jpeg?type=w1500_60_sharpen"", ""https://pup-review-phinf.pstatic.net/MjAyNjA3MjZfMTg3/MDAxNzg1MDQxODg2NTg2.6XPAKauomIQgs2uCBJ1SyANDoSrlHdPM2IPRqRgH5ywg.tk51cwEjMVzJqVjFAgQt7vK2Iz38eF7IeOuFcJJuuqEg.JPEG/66CA4C52-530C-4382-A29B-97EACDC03BF3.jpeg?type=w1500_60_sharpen"", ""https://pup-review-phinf.pstatic.net/MjAyNjA3MjZfMjQ1/MDAxNzg1MDQxODg2Mjk5.CrYecNdbt_3OT71kk4thFqoIcQJU2FSElUt_4gy9z4kg.83CLCRjxoT0Od--z-HRVNo4W41Sl79-Ee2vfPQc7w00g.JPEG/7BD8E96E-E43C-43EB-B41E-44F880B42014.jpeg?type=w1500_60_sharpen"", ""https://pup-review-phinf.pstatic.net/MjAyNjA3MjZfMjQg/MDAxNzg1MDQxODg3NDYz.8ymmzxdF_2PpfBVRDkV1f-xR9Ig_JmOZMIFe-u4mUmsg.8fXAx1iKXCrEil4K5en3NHlerl6NTPzZMeWyvKnHSdwg.JPEG/09172CC7-3225-46EC-9DB5-967D7978690F.jpeg?type=w1500_60_sharpen""]",0,"[""음식이 맛있어요"", ""고기 질이 좋아요"", ""매장이 넓어요"", ""친절해요"", ""매장이 청결해요""]",,true,2026-09-01T05:33:26+00:00,naver_솥내음-용인-에버랜드점_20260901T045939Z#9
naver,솥내음 용인 에버랜드점,1413421949,https://pcmap.place.naver.com/restaurant/1413421949/review/visitor,6a07e67f7ad6b8e1cdbeebba,앵두4417,KusD,https://m.place.naver.com/my/5c078f364595359e9a075bea/review?v=2,5.0,,,2026-05-16,1,,,0,"[""특별한 메뉴가 있어요"", ""건강한 맛이에요"", ""메뉴 구성이 알차요"", ""음악이 좋아요""]",,true,2026-09-01T05:33:26+00:00,naver_솥내음-용인-에버랜드점_20260901T045939Z#10
naver,솥내음 용인 에버랜드점,1413421949,https://pcmap.place.naver.com/restaurant/1413421949/review/visitor,6a9246299d46600f804ecbb8,oct****,40GVH,https://m.place.naver.com/my/5d8c209d8f87a842bcc0f5ac/review?v=2,4.0,,,2026-08-23,1,,,0,"[""음식이 맛있어요""]",,true,2026-09-01T05:33:26+00:00,naver_솥내음-용인-에버랜드점_20260901T045939Z#11
naver,솥내음 용인 에버랜드점,1413421949,https://pcmap.place.naver.com/restaurant/1413421949/review/visitor,6a029652cc57fb5640e9f3af,녹차2144,2x42t,https://m.place.naver.com/my/5c2c205ae7c5ac16784674a2/review?v=2,5.0,,,2026-05-12,1,,,0,"[""음식이 맛있어요"", ""재료가 신선해요"", ""특별한 메뉴가 있어요"", ""고기 질이 좋아요"", ""아이와 가기 좋아요""]",,true,2026-09-01T05:33:26+00:00,naver_솥내음-용인-에버랜드점_20260901T045939Z#12
naver,솥내음 용인 에버랜드점,1413421949,https://pcmap.place.naver.com/restaurant/1413421949/review/visitor,69aa3df9d303b0bc30af3dc7,벼루찡,1Qgfi,https://m.place.naver.com/my/5c565ef340df490cab992603/review?v=2,,,,2026-03-06,1,,,0,"[""음식이 맛있어요"", ""특별한 메뉴가 있어요"", ""인테리어가 멋져요"", ""단체모임 하기 좋아요"", ""주차하기 편해요""]",,true,2026-09-01T05:33:26+00:00,naver_솥내음-용인-에버랜드점_20260901T045939Z#13
naver,솥내음 용인 에버랜드점,1413421949,https://pcmap.place.naver.com/restaurant/1413421949/review/visitor,69a3bee93268f636b456d41b,구르미이이이이잉,6sKnz,https://m.place.naver.com/my/5c7e7438d069aff55d0e294e/review?v=2,,,,2026-03-01,1,,,0,"[""음식이 맛있어요"", ""인테리어가 멋져요"", ""친절해요"", ""아이와 가기 좋아요""]",,true,2026-09-01T05:33:26+00:00,naver_솥내음-용인-에버랜드점_20260901T045939Z#14
naver,솥내음 용인 에버랜드점,1413421949,https://pcmap.place.naver.com/restaurant/1413421949/review/visitor,6972c257419d71e303ae2060,다성,5xpOe,https://m.place.naver.com/my/5bee40a9e61ff26ea8d56909/review?v=2,,,,2026-01-11,1,,,0,"[""음식이 맛있어요""]",,true,2026-09-01T05:33:26+00:00,naver_솥내음-용인-에버랜드점_20260901T045939Z#15
naver,솥내음 용인 에버랜드점,1413421949,https://pcmap.place.naver.com/restaurant/1413421949/review/visitor,695c6eb14f41a2400a763530,lastgoalwin,2HByq,https://m.place.naver.com/my/5effeb8f9e49b68aa6bd77f0/review?v=2,,,,2026-01-06,1,,,0,"[""음식이 맛있어요"", ""인테리어가 멋져요"", ""차분한 분위기예요"", ""친절해요"", ""주차하기 편해요""]",,true,2026-09-01T05:33:26+00:00,naver_솥내음-용인-에버랜드점_20260901T045939Z#16
naver,솥내음 용인 에버랜드점,1413421949,https://pcmap.place.naver.com/restaurant/1413421949/review/visitor,6951083d832d208eb074cebe,dil****,2inij,https://m.place.naver.com/my/5ea3d46a8f87a842bc966a1a/review?v=2,,,,2025-12-28,1,,,0,"[""음식이 맛있어요"", ""재료가 신선해요""]",,true,2026-09-01T05:33:26+00:00,naver_솥내음-용인-에버랜드점_20260901T045939Z#17
naver,솥내음 용인 에버랜드점,1413421949,https://pcmap.place.naver.com/restaurant/1413421949/review/visitor,693b8bbe55222e28d1639e1b,nal****,1IGVW,https://m.place.naver.com/my/60f2224e29f580f911ad4e3d/review?v=2,,,,2025-12-12,1,,,0,"[""음식이 맛있어요"", ""재료가 신선해요"", ""가성비가 좋아요"", ""친절해요""]",,true,2026-09-01T05:33:26+00:00,naver_솥내음-용인-에버랜드점_20260901T045939Z#18
naver,솥내음 용인 에버랜드점,1413421949,https://pcmap.place.naver.com/restaurant/1413421949/review/visitor,69003678714cd10010bf8c78,신비소녀4,1dIGI,https://m.place.naver.com/my/5c56a10ff5718d4abdb06823/review?v=2,,,,2025-10-28,1,,,0,"[""음식이 맛있어요"", ""양이 많아요""]",,true,2026-09-01T05:33:26+00:00,naver_솥내음-용인-에버랜드점_20260901T045939Z#19
naver,솥내음 용인 에버랜드점,1413421949,https://pcmap.place.naver.com/restaurant/1413421949/review/visitor,6a92c068225735071a1ebd24,pm****,407mN,https://m.place.naver.com/my/5e7703348f87a842bc5d9d19/review?v=2,5.0,용인 에버랜드맛집 솥내음  딸 아이가 전복 먹고싶어했는데 전복솥밥이랑 비빔막국수+불고기세트 먹었어요! 가족식사와 데이트로 깔끔하니 좋습니다.,2026-08-29,2026-08-29,1,3,"[""https://pup-review-phinf.pstatic.net/MjAyNjA4MjlfMTQx/MDAxNzg4MDAyNDA2NDAy.Uf_FmDJcmKOB7w6I4hhMm-SZEp-F9v-WPvYNQzEMFO8g.kgK7s36qFqvZChhyJqL5CyVKPWK3keiD-gy-GF23Lzcg.JPEG/1000238545.jpg.jpg?type=w1500_60_sharpen"", ""https://pup-review-phinf.pstatic.net/MjAyNjA4MjlfMjI5/MDAxNzg4MDAyNDA2Mzcz.4_IT22IA0u1k-oLBtqGjSdJiy_L9WrhKa30JU04dH5kg.EOWwWHfMWqkc0rPlTR9R95Un6X9E5IhoU4PfMCD84ZYg.JPEG/1000238544.jpg.jpg?type=w1500_60_sharpen"", ""https://pup-review-phinf.pstatic.net/MjAyNjA4MjlfMTMy/MDAxNzg4MDAyNDA2NDc4.LrxopUJz33bITMIchAjzyZyqPRix9FYSbGZQ113CjKsg.lxHoToSgLwgpXYR9dGVi3poR-wX4-Ge7vtCPuBhO0GUg.JPEG/1000238514.jpg.jpg?type=w1500_60_sharpen""]",0,"[""음식이 맛있어요"", ""인테리어가 멋져요"", ""친절해요"", ""주차하기 편해요"", ""아이와 가기 좋아요""]",,true,2026-09-01T05:33:26+00:00,naver_솥내음-용인-에버랜드점_20260901T045939Z#20
naver,솥내음 용인 에버랜드점,1413421949,https://pcmap.place.naver.com/restaurant/1413421949/review/visitor,6a94d27de7a97296625c1fae,시윗,34niZ,https://m.place.naver.com/my/5efdeb5418e52445a27f18d9/review?v=2,5.0,전복솥밥이랑 비빔막국수세트 먹었는데 솥밥에 전복도 많이 들어가 있고 간도 적당해서 좋았어요. 데이트로도 가족끼리 방문해도 좋을 것 같아요. 내부 인테리어도 깔끔하고 주차장도 넓어서 편했어요. 에버랜드랑 너무 가까워서 에버랜드 갔다가 주변에서 식사할 때 딱 좋을 것 같아요. 다음에 또 갈게요!!,2026-08-31,2026-08-29,1,1,"[""https://pup-review-phinf.pstatic.net/MjAyNjA4MzFfMjA3/MDAxNzg4MTM4MDMzMTIw.fREDRopeZbnx6lX3zM1brqm8doxJTsDDp6nPxzbF8Lkg.T1KMk7rrG6tMLV1eI4G7sf_EyMC9iQ3pM8W_2Ai89_og.JPEG/IMG_6676.jpg?type=w1500_60_sharpen""]",0,"[""음식이 맛있어요"", ""인테리어가 멋져요"", ""단체모임 하기 좋아요"", ""친절해요"", ""주차하기 편해요""]",,true,2026-09-01T05:33:26+00:00,naver_솥내음-용인-에버랜드점_20260901T045939Z#21
naver,솥내음 용인 에버랜드점,1413421949,https://pcmap.place.naver.com/restaurant/1413421949/review/visitor,6a926a8dc42130c93a1a0987,수미녀,5W1zZ,https://m.place.naver.com/my/5f060eeac39701d27e148c3c/review?v=2,5.0,"근처 프리다이빙 왔다가 맛집검색해서 왓어요
너무 푸짐하고 맛있어요",2026-08-29,2026-08-29,1,4,"[""https://pup-review-phinf.pstatic.net/MjAyNjA4MjlfMTky/MDAxNzg3OTgwNDI3NjQ0.Dn__N3H3_M7DH4U--TM6jza2huatYkAkS1fuKUigmmcg.Ht6jLee0_p5A0DI6yjjbgorT_7hApO7_nITRpCk9hokg.JPEG/20260829_141119.jpg.jpg?type=w1500_60_sharpen"", ""https://pup-review-phinf.pstatic.net/MjAyNjA4MjlfMjk0/MDAxNzg3OTgwNDI3NTQ2.pjFiqq9eNUops_5ahN7P22hoPA71DEelH1yJEtKWPY0g.D05rV7biUCcvjo4KqWYaXCdYz1vKNAXnmAhTv4mR9hUg.JPEG/20260829_141123.jpg.jpg?type=w1500_60_sharpen"", ""https://pup-review-phinf.pstatic.net/MjAyNjA4MjlfMTI5/MDAxNzg3OTgwNDI3NTY5.S6-BEua1PGaw6wqZDl-JK0xXmAVB7OF60ICz3umcw7Ig.EFh5QSPT7onK9sni77kNkOnaHL7EyeSrKmpHarZRBVAg.JPEG/20260829_141139.jpg.jpg?type=w1500_60_sharpen"", ""https://pup-review-phinf.pstatic.net/MjAyNjA4MjlfOSAg/MDAxNzg3OTgwNDI3MTEx.jNlv7x5h7RMSupJzhsp6UKfmkKDkKLzWyQW5ohlgGTgg.FA8WS433AG5sfvhMEfBQZ5xGiil543C0x0koMv-ecgkg.JPEG/20260829_141158.jpg.jpg?type=w1500_60_sharpen""]",0,"[""음식이 맛있어요"", ""재료가 신선해요"", ""특별한 메뉴가 있어요"", ""고기 질이 좋아요"", ""현지 맛에 가까워요""]",,true,2026-09-01T05:33:26+00:00,naver_솥내음-용인-에버랜드점_20260901T045939Z#22
naver,솥내음 용인 에버랜드점,1413421949,https://pcmap.place.naver.com/restaurant/1413421949/review/visitor,6a925ae07047441649d8a302,hyeon433386,3zOVn,https://m.place.naver.com/my/5e79c5878f87a842bc1dbe83/review?v=2,5.0,용인 처인구 전대리 맛집 솥내음! 음식 빨리나오구 친절하세요 귣~,2026-08-29,2026-08-29,1,1,"[""https://pup-review-phinf.pstatic.net/MjAyNjA4MjlfNDUg/MDAxNzg3OTc2NDEzODc5.gHaVCbm3G3Dmn7qsVeytyTyqWbpDFgIng4-guZy708Mg.LbYzPbdEhjcteOh-gG8s5pnjSq1QBY7y30KFiw87C7Eg.JPEG/5145B100-67FC-41F2-9EF9-E7EFE20CFA6A.jpeg?type=w1500_60_sharpen""]",0,"[""인테리어가 멋져요"", ""매장이 넓어요"", ""친절해요""]",,true,2026-09-01T05:33:26+00:00,naver_솥내음-용인-에버랜드점_20260901T045939Z#23
naver,솥내음 용인 에버랜드점,1413421949,https://pcmap.place.naver.com/restaurant/1413421949/review/visitor,6a92579da9d8d90916f8f1b1,kid****,bjiWR,https://m.place.naver.com/my/5f156d94d9d30b1bcb84a753/review?v=2,5.0,"용인시 처인구 전대리 맛집
솥내음
항상 와서
매콤불고기솥밥 맛있게 먹어요~~",2026-08-29,2026-08-29,3,1,"[""https://pup-review-phinf.pstatic.net/MjAyNjA4MjlfMTc5/MDAxNzg3OTc1ODAzMzQ5.pNgwT6ZTTxz_u2EAKoWNMX5ZD7kt5iZDDPowhfeECacg.gcBEEQBG8ztem9djDWur0k_yG0bI5KxapC4BHfa6Wacg.JPEG/C4DE2ADE-1884-49D9-8293-56139C2258F0.jpeg?type=w1500_60_sharpen""]",0,"[""음식이 맛있어요"", ""재료가 신선해요"", ""특별한 메뉴가 있어요"", ""인테리어가 멋져요"", ""혼밥하기 좋아요""]",,true,2026-09-01T05:33:26+00:00,naver_솥내음-용인-에버랜드점_20260901T045939Z#24
naver,솥내음 용인 에버랜드점,1413421949,https://pcmap.place.naver.com/restaurant/1413421949/review/visitor,6a9257fa9d0187221509dcf1,땐거,1N9tn,https://m.place.naver.com/my/5f044b110b8c7a1cdb6f43d2/review?v=2,5.0,용인처인구전대리 맛집 솥밥 최고너무 맛있어요,2026-08-29,2026-08-29,1,1,"[""https://pup-review-phinf.pstatic.net/MjAyNjA4MjlfMjA1/MDAxNzg3OTc1NjcyODY0.KGHP64nlr1sPOBN7bflzH0i9OYc1FwS27SpzUX2X9Fsg.zTP6hhYBBRFmkfZCUcJbC0bDd4RJkfzS2UYy9M25Encg.JPEG/20260829_124912.jpg.jpg?type=w1500_60_sharpen""]",0,"[""음식이 맛있어요""]",,true,2026-09-01T05:33:26+00:00,naver_솥내음-용인-에버랜드점_20260901T045939Z#25
naver,솥내음 용인 에버랜드점,1413421949,https://pcmap.place.naver.com/restaurant/1413421949/review/visitor,6a9254022516e1ae6a7fdc6d,chi****,5iFgT,https://m.place.naver.com/my/5c12e5d20a0ac95aa0f3441a/review?v=2,5.0,"메뉴도 다양하고 식당도 깔끔해서 좋습니다!
용인 처인구 전대리 맛집이네요~ 
연어장 솥밥 스테이크 솥밥 모두 맛있어요~",2026-08-29,2026-08-29,1,1,"[""https://pup-review-phinf.pstatic.net/MjAyNjA4MjlfMTAz/MDAxNzg3OTc0NjMxNTIy.Ph5h-UrD4DAVYCfVnNPyPhknKgd6C5Me2FndFAA-cPkg.xTiMFWlXlKg4cvGIircctgr5Oysl5fv6QT6YxY2OlrQg.JPEG/image.jpg?type=w1500_60_sharpen""]",0,"[""음식이 맛있어요"", ""재료가 신선해요"", ""특별한 메뉴가 있어요"", ""고기 질이 좋아요""]",,true,2026-09-01T05:33:26+00:00,naver_솥내음-용인-에버랜드점_20260901T045939Z#26
naver,솥내음 용인 에버랜드점,1413421949,https://pcmap.place.naver.com/restaurant/1413421949/review/visitor,6a924d4b3dd6c04163734140,qkr****,4IHRF,https://m.place.naver.com/my/5f7e930f6c3d7f7334bd2f45/review?v=2,5.0,"용인처인구 전대리 맛집!!!! 
닭목살솥밥 &스테이크 솥밥시켯는데 엄청나게 흡입하명서 먹어써요 맛집!!!",2026-08-29,2026-08-29,1,1,"[""https://pup-review-phinf.pstatic.net/MjAyNjA4MjlfNjgg/MDAxNzg3OTcyOTMzMTUx.368GxTkd6rnIpuCze49Ig9mnp7IOZffCoD95y-ICXhUg.7uvGboP42X3FFvLM0BZzzwzpACzSsAvnzHLx5aAVE-sg.JPEG/IMG_6938.jpeg?type=w1500_60_sharpen""]",0,"[""음식이 맛있어요"", ""재료가 신선해요"", ""단체모임 하기 좋아요"", ""친절해요"", ""주차하기 편해요""]",,true,2026-09-01T05:33:26+00:00,naver_솥내음-용인-에버랜드점_20260901T045939Z#27
naver,솥내음 용인 에버랜드점,1413421949,https://pcmap.place.naver.com/restaurant/1413421949/review/visitor,6a9249416d007b43c42e1a20,달콤한매일,54858,https://m.place.naver.com/my/5dadcc6c8f87a842bc424e75/review?v=2,5.0,"스테이크 덮밥 맛있고, 해물장도 맛있습니다!! 스테이크 덮밥은 아이들이 먹기 좋은 단짠 메뉴입니다. 해물장 솥밥이랑 조합이 좋아서 밥 술술 넘어가네요~~! 용인 처인구 전대리 맛집 솥내음🙌!!",2026-08-29,2026-08-29,1,2,"[""https://pup-review-phinf.pstatic.net/MjAyNjA4MjlfMTk0/MDAxNzg3OTcxOTAzOTE4.X-iuF2-UPEVCCaffCShxUNKQkgzAWAd6v-9qnKJv_gMg.l_JCuqYhKxQdM9A37HgSvrgNE26km8RSb-ZWVlLkZggg.JPEG/EA796B23-D3D0-493C-B1C5-1F6C49EC9BD9.jpeg?type=w1500_60_sharpen"", ""https://pup-review-phinf.pstatic.net/MjAyNjA4MjlfMjU3/MDAxNzg3OTcxOTA0MjQ1.qP_UH7rIlOsTfoGGshWXGQKV5jXHBz-8bj3ZhfAgt1Ig.75y4Tprl-mjGK5jLXYRYGuLok4cqLh99eaShHcSbbGAg.JPEG/9C83FB0A-7F07-4182-B74C-2E48A316D220.jpeg?type=w1500_60_sharpen""]",0,"[""음식이 맛있어요"", ""특별한 메뉴가 있어요"", ""아늑해요"", ""화장실이 깨끗해요"", ""아이와 가기 좋아요""]",,true,2026-09-01T05:33:26+00:00,naver_솥내음-용인-에버랜드점_20260901T045939Z#28
naver,솥내음 용인 에버랜드점,1413421949,https://pcmap.place.naver.com/restaurant/1413421949/review/visitor,6a9657c0ea5a719c73bc32a7,설레는시간,2c4ZmT,https://m.place.naver.com/my/65e60a2b73736e3dcfd3bdf4/review?v=2,4.0,"부모님이랑 들렸어요~
해물장, 장어, 스테이크 솥밥~~
딱 1인분의 양으로 간단히 먹기 괜찮네요~~
스테이크는 평이 좋은거에 비해 좀 질기긴 했지만~  다 무난무난~  잘 먹었어요~",2026-09-01,2026-09-01,1,6,"[""https://pup-review-phinf.pstatic.net/MjAyNjA5MDFfMjk4/MDAxNzg4MjM3NzU3Njcw.8vAYfEN4x59e7CqPvifT7K-eE2Qmv_z0TibgCxSXfxYg.TgzvLGhvxELKDI7NbjbmK6-kgaFINbm8Du9g3NTzXW4g.JPEG/20260901_130351.jpg.jpg?type=w1500_60_sharpen"", ""https://pup-review-phinf.pstatic.net/MjAyNjA5MDFfMjkw/MDAxNzg4MjM3NzU4MDc3.q1rnqjLsu-i0cYeLCjyQt7R_Wy4nEkAFjqWXqtUzy0kg.uv87hFfHwOgDZiJ3xCPlkwATEwI4P3r-DcH5_Fog8XEg.JPEG/20260901_130340.jpg.jpg?type=w1500_60_sharpen"", ""https://pup-review-phinf.pstatic.net/MjAyNjA5MDFfMTcy/MDAxNzg4MjM3NzU3ODgz.bBQiqbDbu0G1kMugcYO-9_gYEbeO4s84l4fjFLN8tyMg.dZuIeRGnKxlJxnzgFMGhSRgOJmU8fpsHi-arnbBQuzog.JPEG/20260901_130334.jpg.jpg?type=w1500_60_sharpen"", ""https://pup-review-phinf.pstatic.net/MjAyNjA5MDFfMjcz/MDAxNzg4MjM3NzU4MDYy.QHQ4spSwBchbPniqFx_HZbg35BS8KTYMuv5kgZovYqcg.Heqi4NGeMyJSDgOG4zIhc9B6FvzctzHkWA1SKmAShd4g.JPEG/20260901_130347.jpg.jpg?type=w1500_60_sharpen"", ""https://pup-review-phinf.pstatic.net/MjAyNjA5MDFfMTY2/MDAxNzg4MjM3NzU3MzQ5.RceGs60i6_8-HP_IXP_wBEOZ6hvFIfWJ1LU0lfj4yjog.t2zLvo0MploROlMjft8W_rWJyJ_5KdM_UFBIauUOT2cg.JPEG/20260901_125123.jpg.jpg?type=w1500_60_sharpen"", ""https://pup-review-phinf.pstatic.net/MjAyNjA5MDFfNyAg/MDAxNzg4MjM3NzU5MDMz.f1klyaReiUJq3ZhWwQ7LHgfRzKUstMri1R7wW-1WiMAg.aiGUPMkhTQduwAPCAvSOiaFlbiBYNcKt8rZPmcrteSwg.JPEG/20260901_125130.jpg.jpg?type=w1500_60_sharpen""]",0,"[""친절해요"", ""매장이 청결해요"", ""음식이 빨리 나와요""]",,true,2026-09-01T05:33:26+00:00,naver_솥내음-용인-에버랜드점_20260901T045939Z#29
naver,솥내음 용인 에버랜드점,1413421949,https://pcmap.place.naver.com/restaurant/1413421949/review/visitor,6a963f1e56db0cda95ec2fb0,아침꿈,QtGl,https://m.place.naver.com/my/5d534fa916fb8b6ba4b08d01/review?v=2,5.0,"점심특선이 맛있다하여 지인과 방문했어요 
오늘은 곱창솥밥인데 맛있습니다 11시부터 3시까지 먹을 수 있는데 미리 마감되기도 한다고 합니다~ 
#용인처인구 전대리맛집",2026-09-01,2026-09-01,1,3,"[""https://pup-review-phinf.pstatic.net/MjAyNjA5MDFfMTYw/MDAxNzg4MjMxNDUyMzY1.b8kXS6qCaJFCMFjfQ3vVmezdgiGCNS0WoV5-7qY6n_sg.BZeJro3oxUIc5nljpQv1V-j6slEJ1eKR9IP9eCpOx5gg.JPEG/7C167938-9D00-4E10-83B1-079EC607F3B3.jpeg?type=w1500_60_sharpen"", ""https://pup-review-phinf.pstatic.net/MjAyNjA5MDFfMjEw/MDAxNzg4MjMxNDUxOTk1.3TfVkj63y7tDW5i7_PbFXRgrglt9Iv2EzSvm9saa4Ukg.I1C5cLUehy8crJUwixLJoa2_TT_nkWCGGAY6qMBZdR0g.JPEG/C197B83F-BD72-450A-A57A-E15800C3F64A.jpeg?type=w1500_60_sharpen"", ""https://pup-review-phinf.pstatic.net/MjAyNjA5MDFfMTYy/MDAxNzg4MjMxNDUzNTY0.5Iqp3Z92TxOQwfnJz5xcfkclBQjq1TP04kgDDWvtfcgg.gylNN84X_V8qJkm0ml1IiNE6T5xIaQn8KGK_SmtexsIg.JPEG/BD43FFEE-8699-49FC-87BA-CBC54D54911E.jpeg?type=w1500_60_sharpen""]",0,"[""음식이 맛있어요"", ""재료가 신선해요"", ""특별한 메뉴가 있어요"", ""고기 질이 좋아요"", ""현지 맛에 가까워요""]",,true,2026-09-01T05:33:26+00:00,naver_솥내음-용인-에버랜드점_20260901T045939Z#30
naver,솥내음 용인 에버랜드점,1413421949,https://pcmap.place.naver.com/restaurant/1413421949/review/visitor,6a94054b68e2d2c605496b8a,북극곰Rr,J8F4,https://m.place.naver.com/my/5b79d75787ab6a3a91033ffd/review?v=2,5.0,"용인시 처인구 전대리 맛집 솥내음 자주방문합니다
추천해요",2026-08-30,2026-08-30,12,1,"[""https://pup-review-phinf.pstatic.net/MjAyNjA4MzBfMTg0/MDAxNzg4MDg1NTc0MzQz.0Ui-asOrILkx2o_9kN7Bf5NwD_t0oUtO9ZyQlF-uPcQg.eQg8J6oOKAdfynG5SuZCsccdCZjjn3PD-kW0aw0djDsg.JPEG/20260830_192604.jpg?type=w1500_60_sharpen""]",0,"[""음식이 맛있어요"", ""재료가 신선해요"", ""인테리어가 멋져요"", ""친절해요"", ""매장이 청결해요""]",,true,2026-09-01T05:33:26+00:00,naver_솥내음-용인-에버랜드점_20260901T045939Z#31
naver,솥내음 용인 에버랜드점,1413421949,https://pcmap.place.naver.com/restaurant/1413421949/review/visitor,6a93ea0501c8b483ecdea4ee,Njirong,3wrqs,https://m.place.naver.com/my/5c5670d6fed65a0d340e0fba/review?v=2,5.0,"언니랑 밥 먹으러 방문 했는데 항상 오면 먹는 마라 가지 솥밥, 버섯 솥밥 먹었는데 맛있게 잘 먹었습니다!!용인 처인구 전대리 맛집입니다!! 강추!! 혼밥도 너무 좋을 것 같아요~~",2026-08-30,2026-08-30,2,1,"[""https://pup-review-phinf.pstatic.net/MjAyNjA4MzBfMzcg/MDAxNzg4MDc4NTk1NTYz.j2ugigHPU-LGUcSi-xx6l2OtyIAaA4ntkM83dLbqVHIg.11hQLsU6dGNj4gWJaXzoMR2thtA9IwGRuEXhgwh4T2cg.JPEG/6D3F9691-D174-406B-B77D-D90649D5E7AA.jpeg?type=w1500_60_sharpen""]",0,"[""음식이 맛있어요"", ""재료가 신선해요"", ""특별한 메뉴가 있어요"", ""고기 질이 좋아요"", ""건강한 맛이에요""]",,true,2026-09-01T05:33:26+00:00,naver_솥내음-용인-에버랜드점_20260901T045939Z#32
naver,솥내음 용인 에버랜드점,1413421949,https://pcmap.place.naver.com/restaurant/1413421949/review/visitor,6a93c40f8d60ac531446bfaf,lotto8,697h0,https://m.place.naver.com/my/5c88ba54e32017cd66a3c096/review?v=2,5.0,"용인 처인구 전대리 맛집! 솥내음 왔어요!
사장님 엄청 친절하시구 밑반찬도 많고 맛있어요!
3시에 브레이크 타임이라 3시 30까지 식사 가능했습니다!!
에버랜드 오시면 꼭 들려서 먹구 가세오!!",2026-08-30,2026-08-30,2,1,"[""https://pup-review-phinf.pstatic.net/MjAyNjA4MzBfMjE1/MDAxNzg4MDY4ODc3OTYy.4sSMVXpK5gLdKkknM5pXMXfEhoSBHjqsQ2DixZNz58sg.EUOUYY_91N2Yv_7jwMypDWUzPXk4prSCF6iDZXvqP4gg.JPEG/8893B549-3AD9-44CC-AFA3-89CD98E989D3.jpeg?type=w1500_60_sharpen""]",0,"[""뷰가 좋아요"", ""인테리어가 멋져요"", ""혼밥하기 좋아요"", ""음식이 맛있어요"", ""재료가 신선해요""]",,true,2026-09-01T05:33:26+00:00,naver_솥내음-용인-에버랜드점_20260901T045939Z#33
naver,솥내음 용인 에버랜드점,1413421949,https://pcmap.place.naver.com/restaurant/1413421949/review/visitor,6a93bb3a23b020ad8346831f,Hoe L,3HPrj,https://m.place.naver.com/my/5e9ef2038f87a842bc8d46ea/review?v=2,5.0,할머님이 솥내음 장어덮밥을 좋아하셔서 종종 오는 용인 처인구 전대리 맛집 입니다!! 한달에 한두번씩은 꾸준히 들리는 로컬 주민 맛집 인증이에요! 매장도 깨끗하고 메뉴도 정갈하고 깔끔하게 나와요! 전대리 오시면 추천드려요!,2026-08-30,2026-08-30,2,1,"[""https://pup-review-phinf.pstatic.net/MjAyNjA4MzBfNiAg/MDAxNzg4MDY2NjE2Njk5.oolcIG-OiR0nldoZzfnLQ55NVzt8Im_QB7-MHscs3_Qg.govkJBGxbdxCTYRzxUJ3haZu-ehfzQCZe4jWV0Q_apcg.JPEG/7A878788-70C2-47FB-AF8D-D4D58D8A84D1.jpeg?type=w1500_60_sharpen""]",0,"[""음식이 맛있어요"", ""재료가 신선해요"", ""인테리어가 멋져요"", ""친절해요"", ""매장이 청결해요""]",,true,2026-09-01T05:33:26+00:00,naver_솥내음-용인-에버랜드점_20260901T045939Z#34
naver,솥내음 용인 에버랜드점,1413421949,https://pcmap.place.naver.com/restaurant/1413421949/review/visitor,6a93a2a8ab72e22e9a2e73bd,앵두양양,81uEx,https://m.place.naver.com/my/5f04919eb1098e3a327b4033/review?v=2,5.0,"스테이크 솥밥이랑 돼지불고기 솥밥 시켰어요 !
음식이 맛있고 내부가 깔끔해요
직원분들 친절하시고 메뉴 종류가 다양해서 좋았어요
용인 처인구 전대리 맛집 입니다~~",2026-08-30,2026-08-30,1,3,"[""https://pup-review-phinf.pstatic.net/MjAyNjA4MzBfODMg/MDAxNzg4MDYwMzI2MDQy.TbXi84vQmjV8ltLZNjj4MVMyOF6VX6GXksSCgomg7ykg.P_N5gbDhKWeaASAA7P2i6Rn-rWs7XfLi-Hit5vsVsQgg.JPEG/916BDA7F-BD21-4633-A590-B36BCCB749B3.jpeg?type=w1500_60_sharpen"", ""https://pup-review-phinf.pstatic.net/MjAyNjA4MzBfODYg/MDAxNzg4MDYwMzI2NTc2.GS_2VP3M2ZqXu_Z0hh1B9Y5nQ-Qt2p_6hEVKwgBig74g.HkH0gorRBVp_imVKljJDk9_BNlxbKv1I1K_zQZEluQAg.JPEG/5182F8BE-BA8E-45FC-8943-9E3D7103DC1F.jpeg?type=w1500_60_sharpen"", ""https://pup-review-phinf.pstatic.net/MjAyNjA4MzBfNjIg/MDAxNzg4MDYwMzI2ODcz.cYgFp0WRAfqAYHk5t1HP-FpZTtFm5qqPsHiQ4mx-fJcg.1udbBmLef88dLvliKDVGkZgNWHerr5DjKLNbixQFsbcg.JPEG/CB653D50-1D4D-4805-8D26-3EC71A29F61E.jpeg?type=w1500_60_sharpen""]",0,"[""인테리어가 멋져요"", ""좌석이 편해요"", ""특별한 날 가기 좋아요"", ""친절해요"", ""특별한 메뉴가 있어요""]",,true,2026-09-01T05:33:26+00:00,naver_솥내음-용인-에버랜드점_20260901T045939Z#35
naver,솥내음 용인 에버랜드점,1413421949,https://pcmap.place.naver.com/restaurant/1413421949/review/visitor,6a93992b0decf334b7efcfb7,2빠e,13gvh,https://m.place.naver.com/my/5dd75b579ec8258e4a89d84a/review?v=2,5.0,"#용인 처인구 전대리 맛집 #솥내음 용인 에버랜드점
올때마다 가지솥밥만 시키고 있습니다. 가지도 맛있고 양념이 맛도리네요. 주말마다 생각날거 같아요",2026-08-30,2026-08-30,1,1,"[""https://pup-review-phinf.pstatic.net/MjAyNjA4MzBfODIg/MDAxNzg4MDU3NzQ2NDMz.oH3FxpxTR-zK7tQVrU45C7RjuDfQkobwZU3tJiQ3USwg.Dw079oaVGV7_qwYMOwfW4rGTEO4C5HI4jQkuUD5MzxYg.JPEG/8454.jpg?type=w1500_60_sharpen""]",0,"[""음식이 맛있어요"", ""재료가 신선해요"", ""특별한 메뉴가 있어요"", ""고기 질이 좋아요""]",,true,2026-09-01T05:33:26+00:00,naver_솥내음-용인-에버랜드점_20260901T045939Z#36
naver,솥내음 용인 에버랜드점,1413421949,https://pcmap.place.naver.com/restaurant/1413421949/review/visitor,6a93993de9cff084a1e8b443,hae****,ar01W,https://m.place.naver.com/my/6210b14f27c8617ca6e76f14/review?v=2,5.0,"부모님과 데이트하고 용인왔어요. 솥밥이라 매우좋아하셨구요ㅎㅎ
저희는 전복솥밥과 불쭈꾸미솥밥 주문했어요ㅎㅎ
용인 처인구 전대리 맛집으로 추천합니당ㅎ",2026-08-30,2026-08-30,1,2,"[""https://pup-review-phinf.pstatic.net/MjAyNjA4MzBfOTgg/MDAxNzg4MDU3OTE1MTIz.FzPvMWSkuGpw3CymQOmyQ0NZmjbox9MWJEtNrMXk7z8g.0NO6AezGv0TVSG9KhGDUymaUL_KkZKTWpxLL0mM6Xuog.JPEG/20260830_111626.jpg.jpg?type=w1500_60_sharpen"", ""https://pup-review-phinf.pstatic.net/MjAyNjA4MzBfMjc4/MDAxNzg4MDU3OTE1MDc2.S67kMidjWCpSFQO0x6vUeQU7ce7QAxvIbALJLefqCBIg.0wvco_YCI4sHTXgFm7tEVG4zYXzy-ZboBSTI2Is829kg.JPEG/20260830_111726.jpg.jpg?type=w1500_60_sharpen""]",0,"[""음식이 맛있어요"", ""특별한 메뉴가 있어요"", ""가성비가 좋아요"", ""건강한 맛이에요"", ""주차하기 편해요""]",,true,2026-09-01T05:33:26+00:00,naver_솥내음-용인-에버랜드점_20260901T045939Z#37
naver,솥내음 용인 에버랜드점,1413421949,https://pcmap.place.naver.com/restaurant/1413421949/review/visitor,694bdf69c3bbec952bfc606b,쵸코쿠키70,1umz5,https://m.place.naver.com/my/5e9eb4e78f87a842bcb3a696/review?v=2,,,,2025-12-24,1,,,0,"[""음식이 맛있어요""]",,true,2026-09-01T05:33:26+00:00,naver_솥내음-용인-에버랜드점_20260901T045939Z#38
naver,솥내음 용인 에버랜드점,1413421949,https://pcmap.place.naver.com/restaurant/1413421949/review/visitor,6947e02a46d2fa258bf7239d,kgs****,8pCEZ,https://m.place.naver.com/my/5e17043f8f87a842bc37a8d6/review?v=2,,,,2025-12-21,1,,,0,"[""음식이 맛있어요"", ""특별한 메뉴가 있어요""]",,true,2026-09-01T05:33:26+00:00,naver_솥내음-용인-에버랜드점_20260901T045939Z#39
naver,포메인 에버랜드직영점,1182555323,https://pcmap.place.naver.com/restaurant/1182555323/review/visitor,6a82dcae235fafdc2cf72e13,소솜하다,bSzl2,https://m.place.naver.com/my/63f603c61438fc3a9cb83b65/review?v=2,5.0,나오는데 시간은 걸리지만 셀프고 에버랜드 치고는 가격도 괜찮아서 만족스러워요.,2026-08-17,2026-08-17,1,2,"[""https://pup-review-phinf.pstatic.net/MjAyNjA4MTdfMTMg/MDAxNzg2OTYxMDY4MTcy.QL93BiHsfpvbRQi7ySlrrkHc6-hRCxfndSYFn-MFTDog.I4cppOcWpjIoMhRwNAH83hGgh18KhiYIIETQMro06mcg.JPEG/20260817_105240.jpg.jpg?type=w1500_60_sharpen"", ""https://pup-review-phinf.pstatic.net/MjAyNjA4MTdfOTgg/MDAxNzg2OTYxMDY4NDEy.aJwpyC2Of2snj7yVzoeaiWvkQlvJAiWdtN2xZ1JqVYIg.gO6myPCM-Ce0okpd9R5VWMSITVY3of-bD0UKcf85Ibwg.JPEG/20260817_105249.jpg.jpg?type=w1500_60_sharpen""]",0,"[""음식이 맛있어요"", ""재료가 신선해요"", ""인테리어가 멋져요"", ""친절해요"", ""매장이 청결해요""]",,true,2026-09-01T05:35:33+00:00,naver_포메인-에버랜드직영점_20260901T045939Z#0
naver,포메인 에버랜드직영점,1182555323,https://pcmap.place.naver.com/restaurant/1182555323/review/visitor,6a5d7176ccaa06d453da5d0d,샤랄하츄,17dm9,https://m.place.naver.com/my/5ca8b01b40e73096adf05eb6/review?v=2,5.0,아이와 놀다가 밥먹으러 하기 좋습니다. 깔끔하고 편하게 먹기 좋은 식당입니다.,2026-07-20,2026-06-25,1,2,"[""https://pup-review-phinf.pstatic.net/MjAyNjA3MjBfNDIg/MDAxNzg0NTA4Nzg4ODEy.7SRflts3jKf8iYMsExpmBdbcKR2Xtbgm-DF8Iq5u4G8g.Prgr3vj1qnpwbfJJM6TFOym4ebnw1ldHOpEM1ATmmOcg.JPEG/20260625_144804.jpg.jpg?type=w1500_60_sharpen"", ""https://pup-review-phinf.pstatic.net/MjAyNjA3MjBfMjQ0/MDAxNzg0NTA4Nzg4NDQx.veajyWLRtlnYpdE6DOmjW0PSFBqCLtGbCh1O9Y7Jg6wg.sAQFtPkFz7BwKTBJg5ns8p_InL3GEPpQzldvdO4Abtkg.JPEG/video_thumbnail.jpg""]",0,"[""음식이 맛있어요"", ""재료가 신선해요"", ""양이 많아요"", ""가성비가 좋아요"", ""인테리어가 멋져요""]",,true,2026-09-01T05:35:33+00:00,naver_포메인-에버랜드직영점_20260901T045939Z#1
naver,포메인 에버랜드직영점,1182555323,https://pcmap.place.naver.com/restaurant/1182555323/review/visitor,6a66121a55237e67004808ab,홀훌잉,rclH,https://m.place.naver.com/my/5f0bc0ae9ec8258e4aa8151a/review?v=2,4.0,"매장 넓어서 사람많을 때에 좋아요.
마감 45분전에 갔는데 다들 마감준비를 시작해서
식사하는 동안 신경이 많이 쓰였어요
아이랑 가기엔 그럭저럭 괜찮아요",2026-07-26,2026-07-12,1,1,"[""https://pup-review-phinf.pstatic.net/MjAyNjA3MjZfMjQx/MDAxNzg1MDc0MjAwOTY2.UT4yeSRlkRidIVTMvxG5IabXTiaOZl3D-OS2EzSDNO0g.nSWghYJrRlTWqxRD-1hh_YCT19DJAt3AtXZ4yn_P1qAg.JPEG/20260712_211153.jpg.jpg?type=w1500_60_sharpen""]",0,"[""음식이 맛있어요"", ""가성비가 좋아요"", ""매장이 넓어요""]",,true,2026-09-01T05:35:33+00:00,naver_포메인-에버랜드직영점_20260901T045939Z#2
naver,포메인 에버랜드직영점,1182555323,https://pcmap.place.naver.com/restaurant/1182555323/review/visitor,69f820e596f8155451d2ed82,바다와뜰,2bIJE,https://m.place.naver.com/my/5edc35b98f87a842bc3e5352/review?v=2,5.0,"쌀국수와 매콤한 비빔쌀국수 모두 맛있어요
치킨도 튀김 말고 안쪽은 맵지 않아서 아이가 잘 먹네요
유원지 안에 있는 식당인데도 맛있었어요
감사합니다",2026-05-04,2026-05-03,1,3,"[""https://pup-review-phinf.pstatic.net/MjAyNjA1MDRfMjg1/MDAxNzc3ODY5MDI4MDQz.v64DWgZ4a856-VpSRLKCvSrqzIztbMvj9xNxCQBvW4cg.z22msnAGen3LvpfSC6v0zoKTgpJWRGr9pmyoiHeu7lYg.JPEG/1000055733.jpg.jpg?type=w1500_60_sharpen"", ""https://pup-review-phinf.pstatic.net/MjAyNjA1MDRfMjcy/MDAxNzc3ODY5MDI4MDEw.d0E8PWgC4jAbwLzm0kHKfWOK1sSvtoh0ElcFZJISIm0g.W3OYt617RxCu-przELvPWYEdxGcCdR9Aj7QQslR6o1cg.JPEG/1000055734.jpg.jpg?type=w1500_60_sharpen"", ""https://pup-review-phinf.pstatic.net/MjAyNjA1MDRfNTIg/MDAxNzc3ODY5MDI3OTc5.LUbWabPDY1gIva2olcUOGlLD7wx45rOgtgjA2pjbXasg.Kg9hDnyGdRGj9ukx4gzzDSgR59Il-iOVOhBORi6Mwxsg.JPEG/1000055735.jpg.jpg?type=w1500_60_sharpen""]",0,"[""음식이 맛있어요"", ""현지 맛에 가까워요"", ""건강한 맛이에요"", ""재료가 신선해요"", ""메뉴 구성이 알차요""]",,true,2026-09-01T05:35:33+00:00,naver_포메인-에버랜드직영점_20260901T045939Z#3
naver,포메인 에버랜드직영점,1182555323,https://pcmap.place.naver.com/restaurant/1182555323/review/visitor,69fae1c1ff652c996f718d7e,ㅇ행복한 하루ㅇ,34Iwu,https://m.place.naver.com/my/5e91313f8f87a842bcddf5b3/review?v=2,5.0,"에버랜드 내에있는 매장치곤 넓고 테이블 간격도 좋아서  편하게 식사할수 있었던 곳이였습니다~~
평소 쌀국수를 즐기지는 않지만 맛있게 잘 먹었습니다^^",2026-05-06,2026-04-25,1,3,"[""https://pup-review-phinf.pstatic.net/MjAyNjA1MDZfNDcg/MDAxNzc4MDQ5NDcyMDcz.fuUYRN0EXb_o5wQUfarywKrHAMA6wIc-2LLE-b9oJGMg.-yHvlJPVOJSVR-MCYLYgEdkv0twXNcS3GaQYQDlCiysg.JPEG/20260425_184218.jpg.jpg?type=w1500_60_sharpen"", ""https://pup-review-phinf.pstatic.net/MjAyNjA1MDZfMTAg/MDAxNzc4MDQ5NDcyMDQ1.MUZBzLRiZhFeC8hicUcs2rIr_RXr6fjjPXKWqqszztgg.HrKzsnqFb9BoJa7Dml0djhjARu-8zil1y8EchON0eHgg.JPEG/20260425_184220.jpg.jpg?type=w1500_60_sharpen"", ""https://pup-review-phinf.pstatic.net/MjAyNjA1MDZfNzAg/MDAxNzc4MDQ5NDcyMDc3.Q8cyhQ6JPqNfP56v_MyBdPrcoTnt6f-3toXnVzDb2ucg.imv08eKkbzl-kFZgyhXTfovrvPAedYpCTbVDQ7kldZcg.JPEG/20260425_184207.jpg.jpg?type=w1500_60_sharpen""]",0,"[""음식이 맛있어요"", ""재료가 신선해요""]",,true,2026-09-01T05:35:33+00:00,naver_포메인-에버랜드직영점_20260901T045939Z#4
naver,포메인 에버랜드직영점,1182555323,https://pcmap.place.naver.com/restaurant/1182555323/review/visitor,6a81576c7f6be72675c70d54,스미레4691,NYaZ,https://m.place.naver.com/my/5ca6dfc549ea5202b025ac36/review?v=2,5.0,"빠르게 나오고 국물이 시원해요
공간도 넓어요",2026-08-16,2026-08-16,1,,,0,"[""음식이 맛있어요""]",,true,2026-09-01T05:35:33+00:00,naver_포메인-에버랜드직영점_20260901T045939Z#5
naver,포메인 에버랜드직영점,1182555323,https://pcmap.place.naver.com/restaurant/1182555323/review/visitor,6a1feb23ef365f8f94477380,GA66,5i8ej,https://m.place.naver.com/my/60a27ca2ef1af2c48c3c01e6/review?v=2,3.5,"매장이 넓어요
음식이 빨리 나옵니다. 
다른 포메인 지점에 비해서
맛이 밍밍하지만
에버랜드에서 한 끼 식사로 좋아요
쌀국수 말고 다른 메뉴도 괜찮더라고요",2026-06-03,2026-06-02,1,1,"[""https://pup-review-phinf.pstatic.net/MjAyNjA2MDNfMjUw/MDAxNzgwNDc2NzA0OTU1.MawnIl7Y1tFk2mXqnYCeDwQ5ltVDkUCd5Sh7bIuE5Qsg.MRoYwuJKWH515g0oKSlOwJLmDDl4_0_kb274wPnSj4Yg.JPEG/C2B29B60-3570-46EB-BD83-8461F64951BC.jpeg?type=w1500_60_sharpen""]",0,"[""음식이 맛있어요"", ""매장이 넓어요""]",,true,2026-09-01T05:35:33+00:00,naver_포메인-에버랜드직영점_20260901T045939Z#6
naver,포메인 에버랜드직영점,1182555323,https://pcmap.place.naver.com/restaurant/1182555323/review/visitor,6a094038331abef255a7efe8,hesedjh,28ToK,https://m.place.naver.com/my/5c73c13be667b37e3545612e/review?v=2,4.0,"19개월 아가들과 에버랜드에 와서 퍼레이드 보기 전에 여기서 저녁 먹었어요. 아기의자도 잘 되어있고, 기본 쌀국수에 있는 소고기 잘라서 아기 먹이기 괜찮았고, 쌀국수들 맛은 괜찮은데 아기 먹이려 주문한 소고기 볶음밥은 아기가 먹기에 좀 느끼하고 고기가 질겼어요.",2026-05-17,2026-05-16,1,2,"[""https://pup-review-phinf.pstatic.net/MjAyNjA1MTdfMTQx/MDAxNzc4OTkxMTU4MzA2.WHxigw_tBplwBpveM30LHuL-H35Tq05HQYEU0MHJhp0g.w-OMS3wpAPKGVz9ixGhgXyWCVNSH8evv07xdDrPBueIg.JPEG/5B815D11-5A48-40AB-A379-5731FA265602.jpeg?type=w1500_60_sharpen"", ""https://pup-review-phinf.pstatic.net/MjAyNjA1MTdfMjQg/MDAxNzc4OTkxMTU4NDg0.Brg_yb0Ep91hSGR09bMfyeLgDtqNuaQKTku6gZI5K90g.UXI5FtDtAZAqmJcopqmO8Rag5bZAuRyllgnfSzFQz3Qg.JPEG/0D22C031-DF81-4724-999B-765C9FB97909.jpeg?type=w1500_60_sharpen""]",0,"[""매장이 넓어요"", ""아이와 가기 좋아요"", ""음식이 빨리 나와요"", ""메뉴 구성이 알차요""]",,true,2026-09-01T05:35:33+00:00,naver_포메인-에버랜드직영점_20260901T045939Z#7
naver,포메인 에버랜드직영점,1182555323,https://pcmap.place.naver.com/restaurant/1182555323/review/visitor,69d74e9772837c1db6071672,맛잘알밍밍,2cmRS1,https://m.place.naver.com/my/66397c3573736e3dcf89a265/review?v=2,,에버랜드 내 최고의 맛집 ㅋㅋㅋ 곱배기 추천드리고 야간 개장까지 있을 거면 뜨끈한 국물로 몸 따닷하게 하시고 보세요. 뭔 고기 버거보다 훨씬 나음. 강추!,2026-04-09,2026-03-27,1,2,"[""https://pup-review-phinf.pstatic.net/MjAyNjA0MDlfNjEg/MDAxNzc1NzE4MDM4NDc0.yEr_Bxohvrc-WCMWmvXxcqSdiPuA2hsXKXDuFskjbFog.hv2obCDXOo9O8GWqnka2EyhsgKmwhjA5FvSykOeyqSwg.JPEG/8CF460E1-AB50-45B1-B40B-5F2419610D21.jpeg?type=w1500_60_sharpen"", ""https://pup-review-phinf.pstatic.net/MjAyNjA0MDlfMTI5/MDAxNzc1NzE4MDM4NDg3.n0-OjDHaNdfqMgyeuAEO0PD0tMsqW9rt7FlqlWQkVWgg.jhvjukpXoDFTRuoQmMPu_mLa2thnBHpaTRRRIS4PtBwg.JPEG/121ADBC5-C4DB-4367-BE5C-DBDAFBCDA4FE.jpeg?type=w1500_60_sharpen""]",0,"[""음식이 맛있어요"", ""재료가 신선해요"", ""양이 많아요"", ""현지 맛에 가까워요"", ""매장이 넓어요""]",,true,2026-09-01T05:35:33+00:00,naver_포메인-에버랜드직영점_20260901T045939Z#8
naver,포메인 에버랜드직영점,1182555323,https://pcmap.place.naver.com/restaurant/1182555323/review/visitor,6a4c8a4c10b9d6d37e746ae3,행복한 쿼카는 오늘도 여행중,2cDfRZ,https://m.place.naver.com/my/66482f0673736e3dcf015d7f/review?v=2,,"에버랜드에서 아주 씐나게 놀고🎶
따뜻한 국물이 생각나 방문했어요.😊

쌀국수 국물이 깔끔하고 진해서
속이 편안해졌어요.

맛있게 먹었습니다. ㅎㅎ
든든한 한 끼가 되었어요.🍜

놀이공원 안이라 사람이 많은 편이었지만
음식은 비교적 빠르게 나왔고
직원분들도 친절하게 응대해 주셨습니다.

에버랜드에서 한식 말고
다른 메뉴가 생각날 때
부담 없이 들르기 좋은 곳인 것 같아요.

다음에 방문해도
다시 이용할 의향 있습니다.🙂",2026-07-07,2026-04-02,1,1,"[""https://pup-review-phinf.pstatic.net/MjAyNjA3MDdfNjAg/MDAxNzgzNDAxMDM0Nzg5.T3Itf1o8e7D6Krcq4sUCYmXrtb_Aen_IHaObsRQBhvUg.iazLxIicvFF79cmjgjDkSDUJOhTc5fbaDMj32wklPe4g.JPEG/20260402_193151.jpg.jpg?type=w1500_60_sharpen""]",0,"[""음식이 맛있어요""]",,true,2026-09-01T05:35:33+00:00,naver_포메인-에버랜드직영점_20260901T045939Z#9
naver,포메인 에버랜드직영점,1182555323,https://pcmap.place.naver.com/restaurant/1182555323/review/visitor,69f95b7704c692d018b8d16d,200****,uG7j,https://m.place.naver.com/my/5c574b31c0a9b18064c9453c/review?v=2,5.0,,,2026-05-05,4,,,0,"[""음식이 맛있어요"", ""재료가 신선해요""]",,true,2026-09-01T05:35:33+00:00,naver_포메인-에버랜드직영점_20260901T045939Z#10
naver,포메인 에버랜드직영점,1182555323,https://pcmap.place.naver.com/restaurant/1182555323/review/visitor,69b4eddc076cc8b5c205cc01,oct****,40GVH,https://m.place.naver.com/my/5d8c209d8f87a842bcc0f5ac/review?v=2,,,,2026-02-28,1,,,0,"[""현지 맛에 가까워요""]",,true,2026-09-01T05:35:33+00:00,naver_포메인-에버랜드직영점_20260901T045939Z#11
naver,포메인 에버랜드직영점,1182555323,https://pcmap.place.naver.com/restaurant/1182555323/review/visitor,692453d13e0d40bf36510a54,jye****,4Cnqt,https://m.place.naver.com/my/5f20f44251610250a5ebe18b/review?v=2,,,,2025-11-24,1,,,0,"[""음식이 맛있어요"", ""매장이 넓어요""]",,true,2026-09-01T05:35:33+00:00,naver_포메인-에버랜드직영점_20260901T045939Z#12
naver,포메인 에버랜드직영점,1182555323,https://pcmap.place.naver.com/restaurant/1182555323/review/visitor,68fe5210a378ef9526a9b837,송유미51,18tGo,https://m.place.naver.com/my/5f0614e3c6c911a490bce1a7/review?v=2,,,,2025-10-24,1,,,0,"[""음식이 맛있어요"", ""재료가 신선해요""]",,true,2026-09-01T05:35:33+00:00,naver_포메인-에버랜드직영점_20260901T045939Z#13
naver,포메인 에버랜드직영점,1182555323,https://pcmap.place.naver.com/restaurant/1182555323/review/visitor,68fc2907c8622e6c47deed51,히히70,1PYAM,https://m.place.naver.com/my/5efe9b24670bd5c7e121084f/review?v=2,,,,2025-10-14,3,,,0,"[""음식이 맛있어요"", ""재료가 신선해요"", ""현지 맛에 가까워요""]",,true,2026-09-01T05:35:33+00:00,naver_포메인-에버랜드직영점_20260901T045939Z#14
naver,포메인 에버랜드직영점,1182555323,https://pcmap.place.naver.com/restaurant/1182555323/review/visitor,693d38bcbf9f81f0f2d9d0d0,esc****,5tDda,https://m.place.naver.com/my/5e80a7a28f87a842bc8a2b45/review?v=2,,,,2025-11-29,14,,,0,"[""가성비가 좋아요""]",,true,2026-09-01T05:35:33+00:00,naver_포메인-에버랜드직영점_20260901T045939Z#15
naver,포메인 에버랜드직영점,1182555323,https://pcmap.place.naver.com/restaurant/1182555323/review/visitor,67ea4cdda6bae2491e064a67,관저러,7NFVe,https://m.place.naver.com/my/5ec139d58f87a842bc625b11/review?v=2,,,,2025-03-31,2,,,0,"[""음식이 맛있어요""]",,true,2026-09-01T05:35:33+00:00,naver_포메인-에버랜드직영점_20260901T045939Z#16
naver,포메인 에버랜드직영점,1182555323,https://pcmap.place.naver.com/restaurant/1182555323/review/visitor,67d1389a34c3601258a41ced,해피냥8,2yQKk,https://m.place.naver.com/my/5e10065e8f87a842bc28f52d/review?v=2,,,,2025-03-08,8,,,0,"[""음식이 맛있어요"", ""재료가 신선해요"", ""매장이 넓어요"", ""아이와 가기 좋아요"", ""음식이 빨리 나와요""]",,true,2026-09-01T05:35:33+00:00,naver_포메인-에버랜드직영점_20260901T045939Z#17
naver,포메인 에버랜드직영점,1182555323,https://pcmap.place.naver.com/restaurant/1182555323/review/visitor,67e2caeafa33d8169ee38155,쪕쪕쪕쩝박사,2BV8Y,https://m.place.naver.com/my/5c4175e3693da0e4eb9af300/review?v=2,,,,2025-03-21,1,,,0,"[""음식이 맛있어요""]",,true,2026-09-01T05:35:33+00:00,naver_포메인-에버랜드직영점_20260901T045939Z#18
naver,포메인 에버랜드직영점,1182555323,https://pcmap.place.naver.com/restaurant/1182555323/review/visitor,67b279e9526762445c938e2d,메카닉너구리,2wWPI,https://m.place.naver.com/my/5efed6a11c9b02e1ea3bf556/review?v=2,,,,2025-02-15,1,,,0,"[""매장이 넓어요""]",,true,2026-09-01T05:35:33+00:00,naver_포메인-에버랜드직영점_20260901T045939Z#19
naver,포메인 에버랜드직영점,1182555323,https://pcmap.place.naver.com/restaurant/1182555323/review/visitor,69e853da1b3557a30b402d5a,문주골단,4i2Fz,https://m.place.naver.com/my/5bfe45a797aa2505716d5081/review?v=2,5.0,맛있게 잘 먹고 왔습니다,2026-04-22,2026-04-18,1,1,"[""https://pup-review-phinf.pstatic.net/MjAyNjA0MjJfMjQx/MDAxNzc2ODMzNDk2Mjg0.XROR6zJlPFGasO__rQW3MIhWTy4H--fy01Kb2Cu0E8Ug.Xku2AnbyiL7KmAUKycNWVEdrG2-fajn59oeXPMbhtb4g.JPEG/20260418_121507.jpg.jpg?type=w1500_60_sharpen""]",0,"[""음식이 맛있어요""]",,true,2026-09-01T05:35:33+00:00,naver_포메인-에버랜드직영점_20260901T045939Z#20
naver,포메인 에버랜드직영점,1182555323,https://pcmap.place.naver.com/restaurant/1182555323/review/visitor,69e31005627889553260d974,dydgus0691,uRMG,https://m.place.naver.com/my/5dae57248f87a842bc2553a7/review?v=2,5.0,맛있었어요!,2026-04-18,2026-04-13,1,2,"[""https://pup-review-phinf.pstatic.net/MjAyNjA0MThfMjA1/MDAxNzc2NDg4NDUxNDI0.UnhA90Z5FoIrq6INoXSGs6DFQED9-kGImvUph07Wo2kg.llM-V3y08SoPbnuA0rIcwfIbJFM8lRZbRyk-j2aJ4mog.JPEG/82E29F0A-FB4C-4217-9638-B998CB2C3CD5.jpeg?type=w1500_60_sharpen"", ""https://pup-review-phinf.pstatic.net/MjAyNjA0MThfMjQg/MDAxNzc2NDg4NDUxNTAw.iXJ7ofP1Jv8TB6unwiKpm6rdYqZd6RIn5vOby7IWeXcg.-cr1QQay3l1_2dYDN4kOpLun4f5TaI-trxPkKjAgppUg.JPEG/EDB55C92-960B-4CAE-A734-37F1930386BC.jpeg?type=w1500_60_sharpen""]",0,"[""음식이 맛있어요"", ""양이 많아요"", ""매장이 넓어요"", ""친절해요"", ""매장이 청결해요""]",,true,2026-09-01T05:35:33+00:00,naver_포메인-에버랜드직영점_20260901T045939Z#21
naver,포메인 에버랜드직영점,1182555323,https://pcmap.place.naver.com/restaurant/1182555323/review/visitor,6a006f9f9ff371f450e2cbd3,ddo****,16bd2,https://m.place.naver.com/my/5cbd91361d76b84b1fb73cd2/review?v=2,4.5,맛있었습니다,2026-05-10,2026-04-12,1,,,0,"[""음식이 맛있어요""]",,true,2026-09-01T05:35:33+00:00,naver_포메인-에버랜드직영점_20260901T045939Z#22
naver,포메인 에버랜드직영점,1182555323,https://pcmap.place.naver.com/restaurant/1182555323/review/visitor,69ce007e3bda32fab62f484e,미식가짱구,4wsFR,https://m.place.naver.com/my/5ce3fda3022c6b3223db9036/review?v=2,,"포메인쌀국수 13,500원
소고기볶음밥 16,500원
가성비 좋어용ㅎㅎ",2026-04-02,2026-04-02,1,1,"[""https://pup-review-phinf.pstatic.net/MjAyNjA0MDJfOTcg/MDAxNzc1MTA4MjIxMzE4.tg1ZYCF-n9UdeM-8Yb3_izNHSXRmBytWf36GfRdVx5Ug.TSKxK7BTLPZE58hL78pFsY2tpWUwmg10H5tZ6VKO-KQg.JPEG/578488F0-8558-41CC-B798-A804DC67BF32.jpeg?type=w1500_60_sharpen""]",1,"[""음식이 맛있어요"", ""양이 많아요"", ""가성비가 좋아요""]",,true,2026-09-01T05:35:33+00:00,naver_포메인-에버랜드직영점_20260901T045939Z#23
naver,포메인 에버랜드직영점,1182555323,https://pcmap.place.naver.com/restaurant/1182555323/review/visitor,69dcabd00e09400f012b7e9e,해피초코비,4ccP6,https://m.place.naver.com/my/5edb76658f87a842bc387e5b/review?v=2,,"튤립보는곳 바로 맞은편에 있어요
신속하고 바로 먹기 좋아요",2026-04-13,2026-04-01,1,1,"[""https://pup-review-phinf.pstatic.net/MjAyNjA0MTNfMTYw/MDAxNzc2MDY5NTgyMDgw.x-xCnenZlN1Gk7AAW8rtxJdnK6GD27P1ndyQcSr_5a0g.HhbFajB7vn_A1RU1FYK5fM4BYDcgnpcJvHXj_Auwi-Yg.JPEG/20260401_120222.jpg.jpg?type=w1500_60_sharpen""]",0,"[""음식이 맛있어요""]",,true,2026-09-01T05:35:33+00:00,naver_포메인-에버랜드직영점_20260901T045939Z#24
naver,포메인 에버랜드직영점,1182555323,https://pcmap.place.naver.com/restaurant/1182555323/review/visitor,69fc08f75d7de74d99c2c0cc,jem****,2chRqu,https://m.place.naver.com/my/656ea9a173736e3dcf0559c7/review?v=2,,애버랜드가면 포메인가서 쌀국수 먹어요 ㅎㅎ  맛있어요 반찬 리필 가능하고 무난하니 맛있어요,2026-05-07,2026-03-31,1,,,0,"[""음식이 맛있어요"", ""매장이 넓어요"", ""차분한 분위기예요"", ""친절해요"", ""음식이 빨리 나와요""]",,true,2026-09-01T05:35:33+00:00,naver_포메인-에버랜드직영점_20260901T045939Z#25
naver,포메인 에버랜드직영점,1182555323,https://pcmap.place.naver.com/restaurant/1182555323/review/visitor,6a83acbbca8ef53f9bf22cc5,yuc****,66fRo,https://m.place.naver.com/my/5ee34ea28f87a842bc401570/review?v=2,5.0,^^,2026-08-18,2026-08-16,1,,,0,,,true,2026-09-01T05:35:33+00:00,naver_포메인-에버랜드직영점_20260901T045939Z#26
naver,포메인 에버랜드직영점,1182555323,https://pcmap.place.naver.com/restaurant/1182555323/review/visitor,6a93d7eb7057de6133e00d5f,김 and JY,W43q,https://m.place.naver.com/my/5f06ab72848333b0d5bdd305/review?v=2,5.0,자주 갑니다,2026-08-30,2026-08-08,1,,,0,"[""특별한 메뉴가 있어요""]",,true,2026-09-01T05:35:33+00:00,naver_포메인-에버랜드직영점_20260901T045939Z#27
naver,포메인 에버랜드직영점,1182555323,https://pcmap.place.naver.com/restaurant/1182555323/review/visitor,6a4886b1737681854383e0db,크헐헐헐허헐허,1s0l5,https://m.place.naver.com/my/5edba39c8f87a842bce96bbc/review?v=2,0.5,"맛없어요. 면도 덜익었고 짜조도 기름 엄청 많고 ...
진짜 별로네요. 비추합니다",2026-07-04,2026-07-04,1,,,0,,,true,2026-09-01T05:35:33+00:00,naver_포메인-에버랜드직영점_20260901T045939Z#28
naver,포메인 에버랜드직영점,1182555323,https://pcmap.place.naver.com/restaurant/1182555323/review/visitor,6a2ff6b593094adc17489ae8,준미,4dYoV,https://m.place.naver.com/my/5c113739d85b035d9ffc7318/review?v=2,4.0,"에버랜드 오랜만에가니 생긴 쌀국수식당~~
아이들은 안매운거 어른은 매운맛 먹었는데 담백하고 맛있었어요~",2026-06-15,2026-06-06,1,,,0,"[""음식이 맛있어요"", ""재료가 신선해요"", ""매장이 넓어요"", ""친절해요""]",,true,2026-09-01T05:35:33+00:00,naver_포메인-에버랜드직영점_20260901T045939Z#29
naver,포메인 에버랜드직영점,1182555323,https://pcmap.place.naver.com/restaurant/1182555323/review/visitor,6a1265a9de58b5cb657715ec,루루루야,2cMH4,https://m.place.naver.com/my/5ddeaeed9ec8258e4ae9f4c4/review?v=2,5.0,,2026-05-24,2026-05-24,1,2,"[""https://pup-review-phinf.pstatic.net/MjAyNjA1MjRfMjgg/MDAxNzc5NTkwNTY3NDcz.kLj3J9j4FXwowJIiK74Lc6y9cn7QMobyeWEl1O4FUMMg.QaJMxCYYgTJd3NweD6OgsqbZXVTDKbhCghBOdq6JUUAg.JPEG/5B7B1B72-FB47-4E22-9398-E5C1977E3E9A.jpeg?type=w1500_60_sharpen"", ""https://pup-review-phinf.pstatic.net/MjAyNjA1MjRfMjY1/MDAxNzc5NTkwNTY3MDg1.T4TB05px6PGtZD_oqMboy5hiGbveSo52uEXHKlYm7qsg.d3mm0SXayO-7IeDkwXBD1pKocVu4yxbsq37vFUlVYnAg.JPEG/AF73E562-233C-405E-8E96-50AF84370240.jpeg?type=w1500_60_sharpen""]",0,"[""음식이 맛있어요""]",,true,2026-09-01T05:35:33+00:00,naver_포메인-에버랜드직영점_20260901T045939Z#30
naver,포메인 에버랜드직영점,1182555323,https://pcmap.place.naver.com/restaurant/1182555323/review/visitor,6819800af3e76b7f6775a831,그렁그렁,1iA5B,https://m.place.naver.com/my/5bc2c3329223c0a6dd2030f2/review?v=2,,,,2025-05-06,1,,,0,"[""매장이 넓어요"", ""친절해요"", ""음식이 맛있어요""]",,true,2026-09-01T05:35:33+00:00,naver_포메인-에버랜드직영점_20260901T045939Z#31
naver,포메인 에버랜드직영점,1182555323,https://pcmap.place.naver.com/restaurant/1182555323/review/visitor,681719e52b7b644ef38b966c,Glod,2bBgTL,https://m.place.naver.com/my/637576cca7b1630006eae259/review?v=2,,,,2025-05-04,1,,,0,"[""음식이 맛있어요"", ""재료가 신선해요"", ""현지 맛에 가까워요""]",,true,2026-09-01T05:35:33+00:00,naver_포메인-에버랜드직영점_20260901T045939Z#32
naver,포메인 에버랜드직영점,1182555323,https://pcmap.place.naver.com/restaurant/1182555323/review/visitor,68149415f4dadec174218591,maple02,4axqA,https://m.place.naver.com/my/6312ca9615a1e11c28a19740/review?v=2,,,,2025-05-02,1,,,0,"[""음식이 맛있어요""]",,true,2026-09-01T05:35:33+00:00,naver_포메인-에버랜드직영점_20260901T045939Z#33
naver,오리엔탈스테이션,19285948,https://pcmap.place.naver.com/restaurant/19285948/review/visitor,6923da8c6686a054b5d2865b,띠두킹,2c0xn3,https://m.place.naver.com/my/64a2a6e7ee211f0006ef7156/review?v=2,,에버랜드 초입에 위치한 푸드코트 오리엔탈스테이션에 방문했어요! ㅎㅎ 저희는 점심시간에 딱 도착한지라 밥부터 먹자 >_< 하고 들어갔습니다. 돈코츠라멘과 새우튀김우동 전부 맛있었고 깍두기와 단무지가 세팅된 셀프바도 잘 되어 있었어요. 생각보다 테이블도 넉넉했고 음식이 빨리 나와서 회전율도 굉장히 빠르더라고요! 전혀 붐비지 않았어요! ㅎㅎ 편안하게 식사하기 좋았습니다.,2025-11-24,2025-10-31,1,11,"[""https://pup-review-phinf.pstatic.net/MjAyNTExMjRfMTQ5/MDAxNzYzOTU3Mzg0MjQz.vJZ1oM1r80NWAUaTSXWATQWWyHLAI5jKTgYkLGWFmhYg.Z8RDgovgzK-a-uNgXX3Ol6C4Y7BiEtoqbnvkwo6EAJEg.JPEG/92532DBC-FDEB-466B-B2FE-2B956F43A385.jpeg?type=w1500_60_sharpen"", ""https://pup-review-phinf.pstatic.net/MjAyNTExMjRfMTQx/MDAxNzYzOTU3Mzg0MDQy.iebfEmrkxGEBetqw-XhX_JKKN_R4ZrG_kPJVp-ta3J8g.0-qILJS0RvohjMidKwEj1UH20nnScuXVijizlCAEP2Ug.JPEG/8092C9DA-A843-4B76-A037-4ECADFA7995C.jpeg?type=w1500_60_sharpen"", ""https://pup-review-phinf.pstatic.net/MjAyNTExMjRfMTQ2/MDAxNzYzOTU3Mzg0MzM2.9cJ7VHwN8OyvEoa-wtb2bVC9cR4es-ZmJuq_2YJTe1Ig.NrNNWEd8ds8oV8ooOswv2vAZcQz7Qk7Lf7TlPAhMriMg.JPEG/9D59AA3E-251C-439D-8EE2-88F1724203AE.jpeg?type=w1500_60_sharpen"", ""https://pup-review-phinf.pstatic.net/MjAyNTExMjRfMTQg/MDAxNzYzOTU3Mzg0MjU0.QRAWHF5wbIk5RAiNQVWtIGfQbkvZsmkWDK7Gh6xC9vAg.khKWj4yZDdagubj4z4wCABQdG3mngRnXzNKtwS0GG-kg.JPEG/2DF48DE6-4F9E-44AD-8EB4-E0DB85306CCC.jpeg?type=w1500_60_sharpen"", ""https://pup-review-phinf.pstatic.net/MjAyNTExMjRfMTc0/MDAxNzYzOTU3Mzg0MjYw.s5-Brd0OIA6tYqyjqDpsK_6Okz5HnClDCKh4elAxLqAg.ut5w7CC_nqXYupXSVYJWYBVa4JaMc8DlgpFu-7tWuD4g.JPEG/156B1FEA-5F8F-43FF-BE12-A6544BF2D45E.jpeg?type=w1500_60_sharpen"", ""https://pup-review-phinf.pstatic.net/MjAyNTExMjRfMTkw/MDAxNzYzOTU3Mzg1Mjcw.iqgrWmmgQmYcfJHhQrRUFAGEAEWrPRRMNWOCH3hX4aIg.Skw77jiJHTsWfodPzxLMTC5dU9pJYykow0rRe_3Pcxwg.JPEG/75D5142F-3546-40A1-87FD-D4F68D54C89B.jpeg?type=w1500_60_sharpen"", ""https://pup-review-phinf.pstatic.net/MjAyNTExMjRfMTYw/MDAxNzYzOTU3Mzg1NzQw.Znqo8XgI2Mi1_qGmT4kaxhUdzlrF4qMTyFSNM5NM_3kg.PLo64shlNzbs5Unafj0UnPTvgpSeUzxXwB_YT8tcmagg.JPEG/78EF247A-777D-4D90-A352-D1048E62C9A5.jpeg?type=w1500_60_sharpen"", ""https://pup-review-phinf.pstatic.net/MjAyNTExMjRfNjEg/MDAxNzYzOTU3Mzg2MDYz.nm8IG0gewi6VYu8MsqFiDDxRtKBpOerXTmf510OSqo8g.1zoEmqb6gshTA_ITtRV8iIZfSbystqPL_znF4Gvkzx4g.JPEG/897857A1-7D9D-4634-8B43-BDF21C3F9B66.jpeg?type=w1500_60_sharpen"", ""https://pup-review-phinf.pstatic.net/MjAyNTExMjRfNzIg/MDAxNzYzOTU3Mzg2MTc4.PWTOeNJwEzzLHIaIftPymWT8u_fq3NZuehR_NtSxDc8g.rZrnvux8tXGNt-2ZZ66Wid50MLIoVGqr4VOsAoanmU4g.JPEG/CF53C568-277E-4B9F-ACB1-012C92D41B10.jpeg?type=w1500_60_sharpen"", ""https://pup-review-phinf.pstatic.net/MjAyNTExMjRfMTQw/MDAxNzYzOTU3Mzg2Mzky.mhyq2_4eQ-cfNfBXzn4A-0wneiWye0m04w4NtcbFrnsg.OPguQBJkg9hHwU22ciuHgGXS4jBO58WzNjZNU7vRrb8g.JPEG/DBEF6263-4A9A-40B6-A0BF-AC8B32232ADD.jpeg?type=w1500_60_sharpen"", ""https://pup-review-phinf.pstatic.net/MjAyNTExMjRfODEg/MDAxNzYzOTU3Mzg2ODEz.nWmcmQabLU5i50l8Mcj69POK1P08yWbx69W-umV18gcg.KlGokwCU9ZYHC_sCrFXYVAqgp9V-ZtI1zdx02q87Be8g.JPEG/357D1D89-85E3-408D-BFC7-31A758A8B73E.jpeg?type=w1500_60_sharpen""]",0,"[""음식이 맛있어요"", ""매장이 넓어요"", ""인테리어가 멋져요"", ""음식이 빨리 나와요"", ""좌석이 편해요""]",,true,2026-09-01T05:39:16+00:00,naver_오리엔탈스테이션_20260901T045939Z#0
naver,오리엔탈스테이션,19285948,https://pcmap.place.naver.com/restaurant/19285948/review/visitor,69c1eba730f01a64f3f6f192,알비0909,Jimn,https://m.place.naver.com/my/5e1f8a008f87a842bc570dae/review?v=2,,굿,2026-03-24,2026-03-11,1,,,0,"[""매장이 청결해요""]",,true,2026-09-01T05:39:16+00:00,naver_오리엔탈스테이션_20260901T045939Z#1
naver,오리엔탈스테이션,19285948,https://pcmap.place.naver.com/restaurant/19285948/review/visitor,68b2be481c429f6374a072e8,백팩커 재구언,4a15F,https://m.place.naver.com/my/5d7bbda88f87a842bc23dd8e/review?v=2,,"골뱅이 비빔쌀국수 진짜 맛있음... 쌀국수 면으로 만들어진 비빔국수인데 골뱅이 진짜 많이 들어가있고 새콤달콤해서 먹을만함!!!
꼭 콜라나 탄산음료 같이해서 드세요. 그래야 밸런스 조합 잘 맞음!!

가격은 솔직히 좀 있는편인데... 테마파크잖아요^.^a",2025-08-30,2025-08-29,1,9,"[""https://video-phinf.pstatic.net/20250830_146/1756544576736skH2t_JPEG/rjIviw75J0_03.jpg"", ""https://pup-review-phinf.pstatic.net/MjAyNTA4MzBfOTcg/MDAxNzU2NTQ0NTc1MDUx.V13s80-zaIjUns7M_TDJKR2YkZR2dvygj4w6IAJP9_Eg.IlWS7f-eM85W_vTSh8dDD7K0MLTm9Tv_qpWJn7hZPEUg.JPEG/D894DEEC-1BE7-4409-BEDA-7DA87F74F9CB.jpeg?type=w1500_60_sharpen"", ""https://pup-review-phinf.pstatic.net/MjAyNTA4MzBfMTA5/MDAxNzU2NTQ0NTc1MjAw.a8Qg0BJ-M-aseerWOrcQ_mFJCSRw1ztrtbKbwCKXrq0g.PEHKFaqpzXScm3_vG5_8NutA5ZXvf2X7sLTqOvObjMIg.JPEG/254A4820-F756-42CE-9476-FEE5F20852E6.jpeg?type=w1500_60_sharpen"", ""https://pup-review-phinf.pstatic.net/MjAyNTA4MzBfMTU2/MDAxNzU2NTQ0NTc1MjEw._RjgSn0BJ7dXVUwJRTkOlwOWT-NTuyb8NgNnyqS13cYg.zUm8GD6WqXWH8VcBKcc1enVEV744qsUZjCfzfq9qNAkg.JPEG/27550C50-5D36-436F-8A97-BCAD45CDF765.jpeg?type=w1500_60_sharpen"", ""https://pup-review-phinf.pstatic.net/MjAyNTA4MzBfMjE1/MDAxNzU2NTQ0NTc1MjA1.5YjYan9UOUHngp8aNUYstdaqnkr_JKrUgO4k6d1yQqsg.5QD1-iJMTCd8Xy3d--kWYz7RkUYjozzhPFn9fzw1rT0g.JPEG/9858C41C-19B7-427B-BEAE-01879BA9A359.jpeg?type=w1500_60_sharpen"", ""https://pup-review-phinf.pstatic.net/MjAyNTA4MzBfMTM3/MDAxNzU2NTQ0NTc2MDEx.0FiIItrYcSbSiRhjTW098Qh-MN6KaDqnb3EYkqKlvNgg.9qiiXSDtkyrEyB_20qrhZAjChwyU7-GtZXQKLEO471cg.JPEG/1D1CE905-01FC-41C2-9A5E-08577228C77B.jpeg?type=w1500_60_sharpen"", ""https://pup-review-phinf.pstatic.net/MjAyNTA4MzBfMjQz/MDAxNzU2NTQ0NTc2MjMy.eH4yMC_QqtnRZ94R4pv2X4WTEkgHeCxVINz2vY4-peUg.-Y8MD_ZB-BkER7A5cQ3MOHTDhY5X5vq3GaE_KufSs8Yg.JPEG/28185044-33B5-4BF5-A295-78BCFA9865EA.jpeg?type=w1500_60_sharpen"", ""https://video-phinf.pstatic.net/20250830_290/1756544578048nCHpK_JPEG/HsNg6SpDZz_03.jpg"", ""https://video-phinf.pstatic.net/20250830_252/1756544578886leIGq_JPEG/CqV4Ppt63D_03.jpg""]",0,"[""음식이 맛있어요"", ""재료가 신선해요"", ""양이 많아요""]",,true,2026-09-01T05:39:16+00:00,naver_오리엔탈스테이션_20260901T045939Z#2
naver,오리엔탈스테이션,19285948,https://pcmap.place.naver.com/restaurant/19285948/review/visitor,6891c8a235870de444e35372,쏭쟈앙,bM9q2,https://m.place.naver.com/my/5efdeaafb4dd01caff09b636/review?v=2,,"여름엔 역시 소바죠~ 지인짜 시원하게 잘 먹었어요 
코박고 흡입했네용^^",2025-08-05,2025-08-02,1,2,"[""https://pup-review-phinf.pstatic.net/MjAyNTA4MDVfMjcy/MDAxNzU0Mzg0NTM4MDA2.ngSWjiXVnvVI53zm8ZngAwokjTDPyhqjfvUeTsfATCUg.v16zzbHLFKf-Uoc8Copb34736KwVMxmZXGfanAvf2Jcg.JPEG/DE5BC156-16B0-44FC-AA80-0E14D0085562.jpeg?type=w1500_60_sharpen"", ""https://video-phinf.pstatic.net/20250805_57/1754384540561Aw6Ds_JPEG/Y8TGkloyQv_03.jpg""]",0,"[""매장이 넓어요"", ""친절해요"", ""매장이 청결해요""]",,true,2026-09-01T05:39:16+00:00,naver_오리엔탈스테이션_20260901T045939Z#3
naver,오리엔탈스테이션,19285948,https://pcmap.place.naver.com/restaurant/19285948/review/visitor,68691d1a678ce2fb6513c43d,사랑둥이4,2buWH,https://m.place.naver.com/my/5f05ed70c39701d27e132de3/review?v=2,,"비도 간간히 오고해서 후덥지근하니 기진맥진해지고 배도 고픈데 에버랜드 주위에 아는 맛집도 모르고 검색도 안해서 판다월드 근처에 있는 레스토랑엘 방문했는데, 생각보다 맛있었어요. 이런 놀이공원의 음식점은 가격만 비싸고 맛이 없을 거라는 편견을 지워줬다는~~ 잘 먹고 갑니다!",2025-07-05,2025-07-01,1,2,"[""https://pup-review-phinf.pstatic.net/MjAyNTA3MDVfMjc2/MDAxNzUxNzE5MTkyOTg3.mmiQAvh2wsF41LudWG1uBbA_2TjszcGtNjS7xe5ESSgg.bdErdDyKwPOVp3u4raN9eZE6WaSlWFoLbv0C7HJBgZgg.JPEG/20250701_131918.jpg.jpg?type=w1500_60_sharpen"", ""https://pup-review-phinf.pstatic.net/MjAyNTA3MDVfMjIw/MDAxNzUxNzE5MTkzMDU5.Sx7o9Pvtt2HpQvcUm7rZYGSYeWB01NbtbjvtZExBQ0Yg.7_TcgN89raqmdQ3qgztMKMMCe82Czq7N9G2W2L7QKU0g.JPEG/20250701_131914.jpg.jpg?type=w1500_60_sharpen""]",0,"[""음식이 맛있어요"", ""양이 많아요"", ""특별한 메뉴가 있어요"", ""매장이 넓어요"", ""친절해요""]",,true,2026-09-01T05:39:16+00:00,naver_오리엔탈스테이션_20260901T045939Z#4
naver,오리엔탈스테이션,19285948,https://pcmap.place.naver.com/restaurant/19285948/review/visitor,67d61b6b2493efdb07c91892,칼만라인,2637I,https://m.place.naver.com/my/5dbd92e38f87a842bc7948bd/review?v=2,,"애버랜드 오리엔탈 스테이션 첫방문
1. 아이와 방문강추(인테리어도 아이가 좋아할 컨셉)
2. 아이가 먹을 수 있는 메뉴 불고기 덮밥, 돈가스 카레덮밥, 우동, 차슈라멘, 곰탕등 훌륭함
3. 아비꼬, 삼원가든 모퉁이우를 맛볼 수 있는 식당! 
4. 특히, 가성비와 맛으로 훌륭한 메뉴 아비꼬 돈가스 카레덮밥&미니우동 강추! 양도 많고 맛도 훌륭함.
5. 테이블 간격이 넓직하고 가족 단위로 앉아서 먹기 좋음
6. 실내 인테리어가 여자 아이들이 좋아할만한 풍선등으로 꾸며져 있어서 좋음
7. 에버랜드 식당 중식, 쌀국수, 한식, 햄버거 등 가본곳중에 가격 대비 양이나 맛으로 오리엔탈 스테이션이 1위인 듯
8. 에버랜드 정문 초입과 가까워서 들어와서나 나가기 전에 먹기에도 좋은 위치임
9. 아이들과 맛있게 잘 먹음!",2025-03-16,2025-03-15,1,20,"[""https://video-phinf.pstatic.net/20250316_103/1742084948861YRBxC_JPEG/ne68RPXnHS_03.jpg"", ""https://video-phinf.pstatic.net/20250316_6/17420849486536oWQd_JPEG/4t2bscEpFQ_03.jpg"", ""https://pup-review-phinf.pstatic.net/MjAyNTAzMTZfODUg/MDAxNzQyMDg0OTQ1NzEz.H798HGXnDm1l1px5P9D8D0Sz8vg6FDsZLO18NQfxwRcg.1v67CHLR-zBWzvCqPqihCV8V2mYAzaFqp3OVeiNevxMg.JPEG/15576C35-4B06-42B4-B8C0-265A3BEF307D.jpeg?type=w1500_60_sharpen"", ""https://pup-review-phinf.pstatic.net/MjAyNTAzMTZfMTEy/MDAxNzQyMDg0OTQ1NzQ5.I5Mk4wY6paFtZM-KY499ASBek3K-X9KOjAK6X5OlBq8g.8CrQy9-3CJA1IkFo6eOQvczDuMcPT7MAtakufLZjz3gg.JPEG/1385B4FC-CAFB-410C-A8A8-AA08F5341573.jpeg?type=w1500_60_sharpen"", ""https://pup-review-phinf.pstatic.net/MjAyNTAzMTZfMTQz/MDAxNzQyMDg0OTQ1ODI2.FKEu16WVOkJPzjqN5Ogw94NI5yHuadSTECHxmKJxkhEg.Hq6NckIpyrgdmxkWCOXQlp1Ez4qUShP0_cgaZr5JLUog.JPEG/6A12F42C-D8CF-41B6-9DC4-D887E5437244.jpeg?type=w1500_60_sharpen"", ""https://pup-review-phinf.pstatic.net/MjAyNTAzMTZfNzAg/MDAxNzQyMDg0OTQ5Mzgy.jktHV40xMdlMVPXWg8JYgcwZGQrQoZiPnw2AAqjKU-cg.Wy1qASG2g0N8GgPfO18feYSgrlmUzT1Mo8pVT6BV6RQg.JPEG/6677365E-F16F-44F1-A60C-25BD1246E5C6.jpeg?type=w1500_60_sharpen"", ""https://pup-review-phinf.pstatic.net/MjAyNTAzMTZfMTgw/MDAxNzQyMDg0OTQ4MTcx.y5vwrn1YLLo4hTfDZBIJNixzda8VSXk7Els4sz6BbCIg.6iiSGzAr4qkwRfoARGbjKf0WmJLoquK0cOdWjxjwP_Yg.JPEG/5A4ABBC7-610F-437A-B38E-3F4B155862C5.jpeg?type=w1500_60_sharpen"", ""https://pup-review-phinf.pstatic.net/MjAyNTAzMTZfMTI2/MDAxNzQyMDg0OTQ4OTE2.pE75FF_t9dr6KNOTwGKZcXjxNcX3JnAyWsc4lb7P51Ag.5zHXi1M0B13f1msRwbYpQDwnKqQLQxGVYtNXIn0qG6Eg.JPEG/18679940-B22D-4D6E-A3D0-5B1E53430475.jpeg?type=w1500_60_sharpen"", ""https://pup-review-phinf.pstatic.net/MjAyNTAzMTZfOTAg/MDAxNzQyMDg0OTQ5NDA0.x_xdx1Nydd9AkUe-k1vJRASWs_1T0W2JfuVmXfxBkDkg.6kCwgne_EaTTThXHLcJy1botEHprKApzSiaFiaubL70g.JPEG/D6B91AED-0176-439B-96EA-98918D6C2CE1.jpeg?type=w1500_60_sharpen"", ""https://pup-review-phinf.pstatic.net/MjAyNTAzMTZfMTgy/MDAxNzQyMDg0OTUwODI2.tvSbd--C2VKqbk8z5nL27gzSfs7O-D_nKHpJbnJLbq4g.EkHSgDl5SVM9Za6NZhxs2KxOvbXv5t2ok7iPnF2AJ74g.JPEG/3C0EC60A-48D4-474E-B4ED-4DEF4AB59378.jpeg?type=w1500_60_sharpen"", ""https://pup-review-phinf.pstatic.net/MjAyNTAzMTZfMTIg/MDAxNzQyMDg0OTUxODIx.lfQ8xs4CEUMpRLICxZPi9sy6q04YrD1QdV904hJl54sg.oSqR2RFqGVsAqIfy92o9lJw3vPaOgZr9tzIarAzNZ3Qg.JPEG/94D11F0A-A10C-4E1A-866B-ED1C1B5916F0.jpeg?type=w1500_60_sharpen"", ""https://pup-review-phinf.pstatic.net/MjAyNTAzMTZfMTkx/MDAxNzQyMDg0OTUyOTQx.L5vajZxptAXqOZuPRR3RFUqFQ88T7JK9gJtcjJNXKIwg.ZgJHecw9k7o-OVGosO1yEDgYBuIxWLZVXeOiTLAjZAYg.JPEG/EFA78BA5-ACCC-4FAF-B5E5-945F6EF482FE.jpeg?type=w1500_60_sharpen"", ""https://pup-review-phinf.pstatic.net/MjAyNTAzMTZfMzkg/MDAxNzQyMDg0OTUzNjQ5.8SeOD2BFuDt1hn6BRqepxrT85ySw1gh8zopEl-VAFCEg.sLsosvxAjgRykYefOcJ5XdAHCP-ODH2URDM5nLfH0qUg.JPEG/C42C9C88-27AE-4339-AE9A-03C67AAA3E5C.jpeg?type=w1500_60_sharpen"", ""https://pup-review-phinf.pstatic.net/MjAyNTAzMTZfMTY3/MDAxNzQyMDg0OTU0MDMx.bJCuIAnEnwW8tv38-Yx7t8oNfpDD20YKrhkjJrpMlywg.CEJ0_lBhKeEStpt1zjiYZABJOTw4Jeyphd3hhNV7zpYg.JPEG/BE476B69-5E57-412E-B14C-410E362E167A.jpeg?type=w1500_60_sharpen"", ""https://pup-review-phinf.pstatic.net/MjAyNTAzMTZfNTQg/MDAxNzQyMDg0OTU0NTA2.WLbg4iygtGzPuRgJ8X5Zoq-RWWDBKLHv-kNzhyykeVUg.SzSITFJk3NoFRCiO2qpQ-NemgTUnpuQ0LBIstYIqZqQg.JPEG/967E9430-E2B7-44F4-9CA8-DA8315F4701E.jpeg?type=w1500_60_sharpen"", ""https://pup-review-phinf.pstatic.net/MjAyNTAzMTZfOTcg/MDAxNzQyMDg0OTU0ODA3.I-8vCgCgsm1hORZVZy1mchIuv2LRNAT0cAlEXYgb3Y8g.gPp2x7Z6QTZ3xADiKnKFDJFUDO86JCPzOQvqCkm6Bbog.JPEG/3B55C22E-9C00-4100-A4FB-AF6334DBB176.jpeg?type=w1500_60_sharpen"", ""https://pup-review-phinf.pstatic.net/MjAyNTAzMTZfMjY4/MDAxNzQyMDg0OTU1Njgx.kQfVQwSt2LAy0PAB-_ygGHE_ARSussol3QsCJtBJr3gg.ZrIYhrVDBehf92DaJgmBoayulyu4IZwn-eZsqvV9tpAg.JPEG/49BC3464-22DE-432B-9FD3-3D4060CA39AD.jpeg?type=w1500_60_sharpen"", ""https://pup-review-phinf.pstatic.net/MjAyNTAzMTZfMTY5/MDAxNzQyMDg0OTU1ODY2.WSCRPPGLjcSkeaKTOi95RFjOFBiVy176OvI890TJEucg.XuCp6BfTFsO8xhLkKMBTbtR6bskeJ8DGc98bG5ojqtIg.JPEG/3AB55642-77AF-4410-B644-BF2969006C58.jpeg?type=w1500_60_sharpen"", ""https://pup-review-phinf.pstatic.net/MjAyNTAzMTZfMjA1/MDAxNzQyMDg0OTU2MjA3.ihoHtCucIR5nZ9_VNLGIVPCUCmv-XDGkY1RYkD2js4kg.Gfi2yNjb1ynEhgsOOkbqvDZsjay4dHIOK5JevBwzLhUg.JPEG/1F2055EE-21EE-4ED6-B05F-A2C2F8663611.jpeg?type=w1500_60_sharpen"", ""https://pup-review-phinf.pstatic.net/MjAyNTAzMTZfMjY2/MDAxNzQyMDg0OTU3NTM3.wwKrzIRA40wTBPsABNKNobY4hmVOH53OZv2Szxp1EPQg.6VbsC4vNnvGi0t2S_3lSt3myIdagHTd7qUqVlhiHuO0g.JPEG/BDE47998-364F-4690-ACDD-9895ABD5A1A7.jpeg?type=w1500_60_sharpen""]",4,"[""음식이 맛있어요"", ""인테리어가 멋져요"", ""매장이 넓어요"", ""친절해요"", ""아이와 가기 좋아요""]",,true,2026-09-01T05:39:16+00:00,naver_오리엔탈스테이션_20260901T045939Z#5
naver,오리엔탈스테이션,19285948,https://pcmap.place.naver.com/restaurant/19285948/review/visitor,683c4a525e7fd2461df87e58,Bynini,3eSfB,https://m.place.naver.com/my/5df1e1388f87a842bc8c7e7f/review?v=2,,양도 많고 조리도 빨리 되고 맛있어요!,2025-06-01,2025-05-28,1,1,"[""https://pup-review-phinf.pstatic.net/MjAyNTA2MDFfMzYg/MDAxNzQ4NzgxNjQ5Mjc4._UHs7gbg1KfQl4zi2y9rXZuVZD3K57ym-DzxYfZp5Dcg.7EW7VydubbldKs9mME13owSZWjltqqZpJzJTdkXoEm8g.JPEG/20250528_110642.jpg.jpg?type=w1500_60_sharpen""]",0,"[""음식이 맛있어요"", ""재료가 신선해요"", ""양이 많아요"", ""매장이 넓어요""]",,true,2026-09-01T05:39:16+00:00,naver_오리엔탈스테이션_20260901T045939Z#6
naver,오리엔탈스테이션,19285948,https://pcmap.place.naver.com/restaurant/19285948/review/visitor,683b03512c9d4ea091788bb5,HongRiver,21rIm,https://m.place.naver.com/my/5e34c2c28f87a842bc361141/review?v=2,,생각보다 든든하고 가격도 합리적입니다.,2025-05-31,2025-05-14,1,1,"[""https://pup-review-phinf.pstatic.net/MjAyNTA1MzFfMTU4/MDAxNzQ4Njk3OTM1OTc0.xJhCzrVk1lDfrvyLXfRUGnOBKm81GoKcoax9xYioJJsg.MSz0dkw9xw1_qeMGRMWjyg6j0bCVsJDznoPGUSZhBhgg.JPEG/8D478C6A-8037-4D52-BCFA-3F14F97800C1.jpeg?type=w1500_60_sharpen""]",0,"[""매장이 넓어요""]",,true,2026-09-01T05:39:16+00:00,naver_오리엔탈스테이션_20260901T045939Z#7
naver,오리엔탈스테이션,19285948,https://pcmap.place.naver.com/restaurant/19285948/review/visitor,68fd84420bbdb0a2f5994fb4,인생은 고맙다,24vcn,https://m.place.naver.com/my/5b7548d05076ab21cae555a3/review?v=2,,굿,2025-10-26,2025-10-23,1,,,0,"[""음식이 맛있어요""]",,true,2026-09-01T05:39:16+00:00,naver_오리엔탈스테이션_20260901T045939Z#8
naver,오리엔탈스테이션,19285948,https://pcmap.place.naver.com/restaurant/19285948/review/visitor,672468cc905a2f2533276853,상권읽어주는남자,248Zd,https://m.place.naver.com/my/60caeb5cb6afb9db23fa4ce2/review?v=2,,"점심을 먹고 출발하자! 는 생각으로 위에서 오리엔탈스테이션을 들렀는데요. 요즘 에버랜드에서 갈비탕과 돈가스로 소문이 나서 금요일 점심인데 줄이 꽤 있었습니다.

25분 정도 대기하다가 들어갔는데, 아이들은 돈가스와 우동, 엄마아빠는 우거지갈비탕을 주문했죠.

로스트밸리에 시간이 얼마 안남아서 걱정했는데, 우동은 앉자마자 바로 나왔고 갈비탕과 돈가스는 10분 정도 걸려서 나오는 시간은 금방이었습니다.

돈가스는 홍익돈가스여서 그런지 두툼.바삭한데다 소스가 맛있었고요(1등). 갈비탕은 처음에는 심심한가 싶은데 먹다보면 큰 갈빗대에 붙은 고기가 실하고, 간도 적당하게 느껴집니다(2등). 우동은 빨리 나와서 좋습니다^^;;(3등)

여기가 제일 맛있는 곳이라고 확신하기는 어렵지만, 음식은 괜찮은 편입니다.",2024-11-01,2024-11-01,1,12,"[""https://pup-review-phinf.pstatic.net/MjAyNDExMDFfMTIx/MDAxNzMwNDM5MzY3MTY1.M83WonljqT06IMy9PUstQsWi8LmwtvhE66spImN-hpwg.-uI0HMPkVUDP3l7bnphVF9_nLF4JFjakyUHXW2vSO9sg.JPEG/1000020993.jpg.jpg?type=w1500_60_sharpen"", ""https://pup-review-phinf.pstatic.net/MjAyNDExMDFfMzQg/MDAxNzMwNDM5MzY3MzMw.62rgMl-3pyZ6akWgh_a-AiTFM11nkIHK2BP29Sw9dwgg.K96VPj5Dl8j_JmE642oKVqNueMt6s0rpVYCh1SUiOhMg.JPEG/1000020931.jpg.jpg?type=w1500_60_sharpen"", ""https://pup-review-phinf.pstatic.net/MjAyNDExMDFfMTM5/MDAxNzMwNDM5MzY3Mzc4.FQ7ce3M0rncmLZcwcsVq8pmm06eOHAD34_yIztlokc8g.hDoJ2psa9JEt6Ber85toTiEsJCDZQod1CsOG6Yix3Xgg.JPEG/1000020984.jpg.jpg?type=w1500_60_sharpen"", ""https://pup-review-phinf.pstatic.net/MjAyNDExMDFfMTQg/MDAxNzMwNDM5MzY3ODE4.JbqhViQUqNUaKDbchBDDJgtVWfIEvo_ESygiroH6pa4g.PWc6Mp1eeu3eB1s6oP8CIclqUIVBSaeV_6jjqzVLKTcg.JPEG/1000020983.jpg.jpg?type=w1500_60_sharpen"", ""https://pup-review-phinf.pstatic.net/MjAyNDExMDFfMTg1/MDAxNzMwNDM5MzY3ODE2.h7LWhiMC6i74PQVIohe3nc2ppIADgbWEoucN5t_Sf-cg.fFKFiHuP7TxZn1VxQskWSyZT_XSD6nAMflTEx8DAsMkg.JPEG/1000020985.jpg.jpg?type=w1500_60_sharpen"", ""https://pup-review-phinf.pstatic.net/MjAyNDExMDFfMTA3/MDAxNzMwNDM5MzY4ODU1.-pf0tzfruUhGQVu4-ajaxYBMjV22Y_6dRJJEHZl-GMgg.0otO6JNcmidhpXgTdldNUCKiM3vtU9SLsn6KYYFD6LYg.JPEG/1000020986.jpg.jpg?type=w1500_60_sharpen"", ""https://pup-review-phinf.pstatic.net/MjAyNDExMDFfNDkg/MDAxNzMwNDM5MzY4OTc2.fVeHM_YcVIDEJxeCp2yVCk3OGwSWZ-rABHDIqivX6Qog.fdq9AxwcctENXkS9wDYqrlvuBVLyVpPYo3DOCTdsjzog.JPEG/1000020988.jpg.jpg?type=w1500_60_sharpen"", ""https://pup-review-phinf.pstatic.net/MjAyNDExMDFfMTIz/MDAxNzMwNDM5MzY5MDAz.pYaKtF5aR9Ve-ZsHx7gLaTLXPhSkvy-bwQYjucxxAOgg.hh_qcyh44Ide9NncuYX_qwDPngYNchYt_HBGrAuqNy8g.JPEG/1000020989.jpg.jpg?type=w1500_60_sharpen"", ""https://pup-review-phinf.pstatic.net/MjAyNDExMDFfODcg/MDAxNzMwNDM5MzY5Mjc5.EV8B0pjUvIOLDn9i_Fz12R52Cxp-bdakkPKUWKCA1GYg.Z1M2olPOUew1uKNzV83O50t8rmVyzAwYw1fqwrZII2Mg.JPEG/1000020995.jpg.jpg?type=w1500_60_sharpen"", ""https://pup-review-phinf.pstatic.net/MjAyNDExMDFfMjQz/MDAxNzMwNDM5MzY5Njc1.ZmAZzSqR_OrEUW1Lt5OppfVxiUcrPk5PnlwRJz_jlO4g.Zf9rYQZdGKn5KRgf7NvmcvpI1ntHvM_xBn9t1aE9BTYg.JPEG/1000020994.jpg.jpg?type=w1500_60_sharpen"", ""https://pup-review-phinf.pstatic.net/MjAyNDExMDFfMjA0/MDAxNzMwNDM5MzcwNzA4.Rb_rzRLsCnhWRcM5NFHSJmdRU2joO5heKuCfo6uR9lMg.v4AUeUprImsMtYQ69E7h62LbK_BOSONhjKDV0SfkNFAg.JPEG/1000020991.jpg.jpg?type=w1500_60_sharpen"", ""https://pup-review-phinf.pstatic.net/MjAyNDExMDFfMTEx/MDAxNzMwNDM5MzcwNzg5.WromV3lhki6WigjBTQokTl7jGBRmujAqqJYbYovE4dcg.Fv0TOwYkLvKz7OxuRl-6jeCxds1okskcVQt3kBZufKcg.JPEG/1000020990.jpg.jpg?type=w1500_60_sharpen""]",0,"[""매장이 넓어요"", ""단체모임 하기 좋아요"", ""특별한 날 가기 좋아요"", ""아이와 가기 좋아요""]",,true,2026-09-01T05:39:16+00:00,naver_오리엔탈스테이션_20260901T045939Z#9
naver,오리엔탈스테이션,19285948,https://pcmap.place.naver.com/restaurant/19285948/review/visitor,68019a7dd6cd142c77607ff6,jhy****,7CEZu,https://m.place.naver.com/my/5dc5f7158f87a842bc1b0b01/review?v=2,,,,2025-04-14,2,,,0,"[""음식이 맛있어요"", ""재료가 신선해요"", ""양이 많아요"", ""특별한 메뉴가 있어요""]",,true,2026-09-01T05:39:16+00:00,naver_오리엔탈스테이션_20260901T045939Z#10
naver,오리엔탈스테이션,19285948,https://pcmap.place.naver.com/restaurant/19285948/review/visitor,67938450b47b77e8368c0550,RosSo,2lPNF,https://m.place.naver.com/my/5d8d49798f87a842bcf3d50e/review?v=2,,,,2024-12-25,1,,,0,"[""음식이 맛있어요"", ""양이 많아요"", ""특별한 메뉴가 있어요"", ""친절해요"", ""매장이 청결해요""]",,true,2026-09-01T05:39:16+00:00,naver_오리엔탈스테이션_20260901T045939Z#11
naver,오리엔탈스테이션,19285948,https://pcmap.place.naver.com/restaurant/19285948/review/visitor,67144305552af7a363f816b5,고무신27,2apD4,https://m.place.naver.com/my/5efeab2f493ad9a9a0ec0941/review?v=2,,,,2024-10-05,1,,,0,"[""음식이 맛있어요""]",,true,2026-09-01T05:39:16+00:00,naver_오리엔탈스테이션_20260901T045939Z#12
naver,오리엔탈스테이션,19285948,https://pcmap.place.naver.com/restaurant/19285948/review/visitor,66ee8cb5fb0643dae4e003a8,gun****,OwG1,https://m.place.naver.com/my/61656c7715e21c4d7ccf7a21/review?v=2,,,,2024-09-15,1,,,0,"[""음식이 맛있어요""]",,true,2026-09-01T05:39:16+00:00,naver_오리엔탈스테이션_20260901T045939Z#13
naver,오리엔탈스테이션,19285948,https://pcmap.place.naver.com/restaurant/19285948/review/visitor,66d9c8dcb9991537f762c3e1,091****,4EF8J,https://m.place.naver.com/my/5b9cc174a70f402363a4aae4/review?v=2,,,,2024-09-05,1,,,0,"[""음식이 맛있어요""]",,true,2026-09-01T05:39:16+00:00,naver_오리엔탈스테이션_20260901T045939Z#14
naver,오리엔탈스테이션,19285948,https://pcmap.place.naver.com/restaurant/19285948/review/visitor,66d1cedd6d6f6e8cd853130c,리디아3554,1cpdp,https://m.place.naver.com/my/5e98127a8f87a842bcd53e1e/review?v=2,,,,2024-08-30,1,,,0,"[""가성비가 좋아요""]",,true,2026-09-01T05:39:16+00:00,naver_오리엔탈스테이션_20260901T045939Z#15
naver,오리엔탈스테이션,19285948,https://pcmap.place.naver.com/restaurant/19285948/review/visitor,66bf5851ef7d3b8082db90de,bjb****,6v9Jh,https://m.place.naver.com/my/5f2f897e9ec8258e4a2969a8/review?v=2,,,,2024-08-13,1,,,0,"[""음식이 맛있어요"", ""뷰가 좋아요"", ""친절해요""]",,true,2026-09-01T05:39:16+00:00,naver_오리엔탈스테이션_20260901T045939Z#16
naver,오리엔탈스테이션,19285948,https://pcmap.place.naver.com/restaurant/19285948/review/visitor,6662914d10bc9e41db94fb51,싸랑한데잉,17PTI,https://m.place.naver.com/my/5c09165acf48a89b35a50075/review?v=2,,,,2024-06-07,1,,,0,"[""음식이 맛있어요"", ""인테리어가 멋져요""]",,true,2026-09-01T05:39:16+00:00,naver_오리엔탈스테이션_20260901T045939Z#17
naver,오리엔탈스테이션,19285948,https://pcmap.place.naver.com/restaurant/19285948/review/visitor,6666c9a391e5ff766cba7330,조용한 열정,4xqSW,https://m.place.naver.com/my/5f0706c6d6ec8fd5cc9fb581/review?v=2,,,,2024-06-05,1,,,0,"[""음식이 맛있어요""]",,true,2026-09-01T05:39:16+00:00,naver_오리엔탈스테이션_20260901T045939Z#18
naver,오리엔탈스테이션,19285948,https://pcmap.place.naver.com/restaurant/19285948/review/visitor,66b0cc36dd0f00fb26c4f368,aa0****,e4yd7,https://m.place.naver.com/my/621c3965edc8260006431102/review?v=2,,,,2024-07-05,1,,,0,"[""건강한 맛이에요""]",,true,2026-09-01T05:39:16+00:00,naver_오리엔탈스테이션_20260901T045939Z#19
naver,오리엔탈스테이션,19285948,https://pcmap.place.naver.com/restaurant/19285948/review/visitor,6830e7b10a66bbee2096d829,pmj****,2rL2o,https://m.place.naver.com/my/619bbd0382ac4ff626ed5135/review?v=2,,가족이 셋트로 먹기 좋아요,2025-05-24,2025-05-22,1,1,"[""https://pup-review-phinf.pstatic.net/MjAyNTA1MjRfMTUx/MDAxNzQ4MDM1NTAzODk1.C5hu5ssidhFPYmWuL7Nxxjd20ZezF04xLqUeXaIY2PIg.sFHqhQ3F7-Wzm_b_4nJhDZ_9DeUleeTZrXh3Gcquh20g.JPEG/20250522_191914.jpg.jpg?type=w1500_60_sharpen""]",0,"[""매장이 넓어요""]",,true,2026-09-01T05:39:16+00:00,naver_오리엔탈스테이션_20260901T045939Z#20
naver,오리엔탈스테이션,19285948,https://pcmap.place.naver.com/restaurant/19285948/review/visitor,67e0fdb0bbf5f663bd6fab8d,EYLEE,6lXDe,https://m.place.naver.com/my/5df244828f87a842bc25ff79/review?v=2,,음..이메뉴는 실패작인거 같아요 ㅠ,2025-03-24,2025-03-24,5,1,"[""https://pup-review-phinf.pstatic.net/MjAyNTAzMjRfNjMg/MDAxNzQyNzk4MjU1NTEw.0A1KnG6C5KxWYKke-NxVUeIPZlgX7m2mvDmMU_VXIogg.bfYaaEpOE8ZPXME7JeoBYpvtjmqZ9oC7LQq5uTo5VVEg.JPEG/B47915F0-6199-4B22-B96F-DCFA35AAD640.jpeg?type=w1500_60_sharpen""]",1,"[""혼밥하기 좋아요""]",,true,2026-09-01T05:39:16+00:00,naver_오리엔탈스테이션_20260901T045939Z#21
naver,오리엔탈스테이션,19285948,https://pcmap.place.naver.com/restaurant/19285948/review/visitor,6778e3685da385d536cf7f51,daekyoung78,8DM6p,https://m.place.naver.com/my/5efea63135e32560edab29e4/review?v=2,,,,2025-01-04,2,,,0,"[""음식이 맛있어요""]",,true,2026-09-01T05:39:16+00:00,naver_오리엔탈스테이션_20260901T045939Z#22
naver,오리엔탈스테이션,19285948,https://pcmap.place.naver.com/restaurant/19285948/review/visitor,66af7ca7b35327a7f2bb5bd8,dap****,1aVWQ,https://m.place.naver.com/my/5de22f749ec8258e4aa84d8a/review?v=2,,,,2024-07-31,1,,,0,"[""음식이 맛있어요""]",,true,2026-09-01T05:39:16+00:00,naver_오리엔탈스테이션_20260901T045939Z#23
naver,오리엔탈스테이션,19285948,https://pcmap.place.naver.com/restaurant/19285948/review/visitor,66a8ba4cb78c01a0ecf5be6d,Aquaplus,1znYS,https://m.place.naver.com/my/5b9b7536b04635b739b25724/review?v=2,,,,2024-07-27,2,,,0,"[""음식이 맛있어요""]",,true,2026-09-01T05:39:16+00:00,naver_오리엔탈스테이션_20260901T045939Z#24
