platform,place_name,place_id,place_url,review_id,reviewer_name,reviewer_profile_id,reviewer_profile_url,rating,review_text,review_date,visit_date,visit_count,review_image_count,review_image_urls,helpful_count,keywords,menus,verified_visit,collected_at,raw_ref
naver,매직타임레스토랑,1527871697,https://pcmap.place.naver.com/restaurant/1527871697/review/visitor,6a7c7e3a7d0ab376c619e8b9,jazzmate,rsoF,https://m.place.naver.com/my/5e55464a8f87a842bc82a7ba/review?v=2,5.0,"너무 더워서 시원한 메뉴가 땡겼어요 ㅎ 
양도 많구 시원하구 좋았습니다",2026-08-12,2026-07-26,4,2,"[""https://pup-review-phinf.pstatic.net/MjAyNjA4MTJfMjgg/MDAxNzg2NTQzNjczMDQz.Cv6FjuEoVn9uxR1SycL3PPIweKVqNcK1sP1avC9y9Tsg.U461rMxhPiONTl81FBogyujo4oKalbXSjwkFo-jGzqgg.JPEG/9B1CAFF6-DD20-40D4-BC77-93A5A0D3C9A1.jpeg?type=w1500_60_sharpen"", ""https://pup-review-phinf.pstatic.net/MjAyNjA4MTJfMTMy/MDAxNzg2NTQzNjczNTg5.x2hu6rIAKGURBdDHb6EcFXzJ4Jttzdj2wPVAqDxJI4kg.Qur2KJUefdxtPC5VPfuTkxrXdZQYuyNrmlI4cdy_rT8g.JPEG/069825A0-AFF1-4FC2-AF4D-6992FD71DF76.jpeg?type=w1500_60_sharpen""]",0,"[""매장이 넓어요""]",,true,2026-09-01T05:52:10+00:00,naver_매직타임레스토랑_20260901T055008Z#0
naver,매직타임레스토랑,1527871697,https://pcmap.place.naver.com/restaurant/1527871697/review/visitor,6a14164c68c6cd3cd21ec65c,내사랑밀가루,2Yf5M,https://m.place.naver.com/my/5e1024358f87a842bc4411b1/review?v=2,5.0,"메뉴 선택 후 결제
돼지고기김치찌글이와한돈떡갈비 20,000
옛날짜장면과찹쌀탕수육 16,000
공기밥 2,000
짜장면보다 김치짜글이, 한돈떡갈비보단 찹쌀탕수육이 맛있어요. 주관적인 입맛이니 참고만 하세요.",2026-05-25,2026-05-24,1,7,"[""https://pup-review-phinf.pstatic.net/MjAyNjA1MjVfMzkg/MDAxNzc5NzAxMzIxMzA0.qxBQO12gUVSARgrjqqyyriB8Bd9sHiB597QVUw858gkg.178-IGw03wvPwRx9jxSHhWQCyC9z8sXfD7hwIXAUlIUg.JPEG/20260524_112955.jpg.jpg?type=w1500_60_sharpen"", ""https://pup-review-phinf.pstatic.net/MjAyNjA1MjVfOTUg/MDAxNzc5NzAxMzIxMzQx.ttMmSxQbuMtLgWOxFjbGFH3366CyjI47d9aNUPfKK0Ig.acnG1wJFoil-1dLuw1FcUvu2H06kmZOGyAqhldU4p6og.JPEG/20260524_112957.jpg.jpg?type=w1500_60_sharpen"", ""https://pup-review-phinf.pstatic.net/MjAyNjA1MjVfNzEg/MDAxNzc5NzAxMzIxNjE4.Z1jw2sxmjflX5omzEGVVeBqaLLFG4_08M_IAseHYiecg.SPn_3orkorJgjbZzh2AmX7M8YLx2XUAJagMLMMPmWZkg.JPEG/20260524_113000.jpg.jpg?type=w1500_60_sharpen"", ""https://pup-review-phinf.pstatic.net/MjAyNjA1MjVfMTk2/MDAxNzc5NzAxMzIxNjE4.wkE5sHLOd31lvCEngC17GYm3lGhXFK1JFn_C5WAz1zkg.H8E1dxPkfcqe2NhX1uLAxkND7ELOybKIgvEg_3KjluUg.JPEG/20260524_114355.jpg.jpg?type=w1500_60_sharpen"", ""https://pup-review-phinf.pstatic.net/MjAyNjA1MjVfNjgg/MDAxNzc5NzAxMzIxNjQw.xG-94tRX0z8QHvX3rMdm853J4iHSss8FNZqk6q7QD4cg.PIbs8MSCk77-LrSmquFtAydplml4_XQVPidrIU749cgg.JPEG/20260524_121743.jpg.jpg?type=w1500_60_sharpen"", ""https://pup-review-phinf.pstatic.net/MjAyNjA1MjVfMTcy/MDAxNzc5NzAxMzIyNjcx.g279lbPP7Q8lLs_gWOSJ8znx4y7OTVQsvYYwYpIEUIAg.MBBdjU06p4gC1KBUvVurCH-RrywTVeXW8FIIu6KwfuMg.JPEG/20260524_121732.jpg.jpg?type=w1500_60_sharpen"", ""https://pup-review-phinf.pstatic.net/MjAyNjA1MjVfMjgz/MDAxNzc5NzAxNjM5NTYz.5MqlKBTUHni9d6isE2frO8LHbQBIN8DB68F_6iZ3gscg.vc11zOfVC8I0gJ9DBvdSRknKBOyJhmmE1gr1YNn3zHUg.JPEG/20260524_122733.jpg.jpg?type=w1500_60_sharpen""]",0,"[""음식이 맛있어요"", ""음식이 빨리 나와요"", ""아이와 가기 좋아요"", ""매장이 청결해요""]",,true,2026-09-01T05:52:10+00:00,naver_매직타임레스토랑_20260901T055008Z#1
naver,매직타임레스토랑,1527871697,https://pcmap.place.naver.com/restaurant/1527871697/review/visitor,6a899894cfdee3fd962bae65,77077077,66Wa9,https://m.place.naver.com/my/66ab6c8a73736e3dcf279669/review?v=2,5.0,"에버랜드에 오면 먹는 김치찌개와 돈까스, 
변하지 않는 맛이라 좋아요🙂",2026-08-22,2026-08-14,1,4,"[""https://pup-review-phinf.pstatic.net/MjAyNjA4MjJfMTgg/MDAxNzg3NDAyMzg3MDM1.jTIKhu8pRPFcMld_xPVLHc4UJ5auPv3O2W1vJkAr7Mcg.fHz9ukf2S7f1ugXBnpHP4tIn3mEozP-z9ER1xOm8vcwg.JPEG/F24F85C4-23FF-4FFC-8ED0-BB258EAA5232.jpeg?type=w1500_60_sharpen"", ""https://pup-review-phinf.pstatic.net/MjAyNjA4MjJfNDAg/MDAxNzg3NDAyMzg3Mzgw.bn28SY6sjewRAivFmHweHGm6mB26y6JtDflL6fiTcQsg.y-v5kFyQWJBnNn2p-K8OuI-BBKmRS96peF6DaLpOu6og.JPEG/B556F086-22ED-4D92-B5C4-7FCB9031DF11.jpeg?type=w1500_60_sharpen"", ""https://pup-review-phinf.pstatic.net/MjAyNjA4MjJfNDgg/MDAxNzg3NDAyMzg3NjE3.tEbdx56V-UUOcWI5fCLl8W6JA59BpB9m_8nSZhawpNAg.XHvxyN3jKH2W9wTanNvWdADdYNOggr8WszKKzxo0jPgg.JPEG/FCFCB30F-6A9B-4FC1-AA9F-37F355B342BE.jpeg?type=w1500_60_sharpen"", ""https://pup-review-phinf.pstatic.net/MjAyNjA4MjJfMjMw/MDAxNzg3NDAyMzg2NzMx.VN73yztYNk-QTWAf3N5Mx2rXPIR7QLCI7AhnsKw1MvIg.Pgc48aBqD7P8y2ZPQ4n4MG17esrFPEavAbVt-zXRq5Ig.JPEG/37357A17-AE60-4726-820C-09BD3440EFB6.jpeg?type=w1500_60_sharpen""]",0,"[""음식이 맛있어요"", ""재료가 신선해요"", ""양이 많아요"", ""친절해요"", ""매장이 청결해요""]",,true,2026-09-01T05:52:10+00:00,naver_매직타임레스토랑_20260901T055008Z#2
naver,매직타임레스토랑,1527871697,https://pcmap.place.naver.com/restaurant/1527871697/review/visitor,6a0d9bc165d678aa1f1fc91c,감사해보자,55vIk,https://m.place.naver.com/my/5bef54a1cefd32c284d0c92e/review?v=2,4.0,"돈가스카레세트 16,000원
돼지고기김치짜글이 15,000원
옛날자장면과찹쌀탕수육 16,000원
코카콜라 한잔 3,000원

음식 맛은 무난합니다!",2026-05-20,2026-05-16,1,3,"[""https://pup-review-phinf.pstatic.net/MjAyNjA1MjBfMjc3/MDAxNzc5Mjc2NzM2MjU5.Zy-6Y8todlUVswSPWVAx9Ofny1HywuBrjTCCH0AdB8Ug.dWKZdagaUF33l-R17b_6ltQqv0nzTGXcbmre9bit5fwg.JPEG/20260516_182217.jpg.jpg?type=w1500_60_sharpen"", ""https://pup-review-phinf.pstatic.net/MjAyNjA1MjBfMTcg/MDAxNzc5Mjc2NzM2Mzgx.tAQmeCJEddDnnFwsRVjRBzXZJIFV6QkbVhIM0ALGAccg.5DNqT9mM5PnR0QcNLiTF6uTgcUZ7HVlLp9MQiwFPP8Eg.JPEG/20260516_182215.jpg.jpg?type=w1500_60_sharpen"", ""https://pup-review-phinf.pstatic.net/MjAyNjA1MjBfMjI3/MDAxNzc5Mjc2NzM2MjEy.QHuobTzfh95phNw8FaDWKKzkr3WrTBh-YN-WbKYYYnMg.aOqH3k2bdT60npVqxctWxt_ik9vA6RtHSu9AyPulz7wg.JPEG/20260516_182213.jpg.jpg?type=w1500_60_sharpen""]",0,"[""음식이 맛있어요"", ""매장이 넓어요""]",,true,2026-09-01T05:52:10+00:00,naver_매직타임레스토랑_20260901T055008Z#3
naver,매직타임레스토랑,1527871697,https://pcmap.place.naver.com/restaurant/1527871697/review/visitor,69ef5f6a1b732a8fc8a9f2e3,MMpick,1y9KN,https://m.place.naver.com/my/5e77287b8f87a842bcf629d4/review?v=2,4.0,"에버랜드에 들렀다가 김밥 팝업시즌이라 여기서 점심을 먹어봄. 늦은 점심시간이었는데 대기줄이 있어서 10분 가량 기다림. 음식을 받고 계산줄을 따로 서는 시스템인데 김밥브랜드별로 줄 길이가 달라서 안이 북적한 점이 불편했음.
만복이네김밥세트, 충무김밥 먹어봄. 가격도 에버랜드치고 적당하고 맛도 괜찮았음. 특히 충무김밥의 김치가 맛있었음.
날이 좋아서 테라스 자리가 참 좋았음!",2026-04-27,2026-04-26,1,2,"[""https://pup-review-phinf.pstatic.net/MjAyNjA0MjdfMjg3/MDAxNzc3Mjk1MjA4Mzk4.rWkWE2ZkycfJwTKE8ILORFmi0fyCZk7zl8v7dYeSRRog.4j3ghPxqolOR5QD77qXnEy3E4I9U296jwpvR3oXMZYMg.JPEG/D7EBDF82-39EF-4BD0-9D9D-9674E9BCEF31.jpeg?type=w1500_60_sharpen"", ""https://pup-review-phinf.pstatic.net/MjAyNjA0MjdfMTky/MDAxNzc3Mjk1MjA4Mzg0.PSknd1wp4L0MxRntzaKhCCJ-_fRk3ecGMYGMe5MDWGcg.dR8y5Ic9M3qyNd7-QJxQs-VNUnu1vf_M9f9XJEq-NWAg.JPEG/394D027F-03A2-4883-B297-5877797203BE.jpeg?type=w1500_60_sharpen""]",0,"[""음식이 맛있어요"", ""인테리어가 멋져요"", ""대화하기 좋아요""]",,true,2026-09-01T05:52:10+00:00,naver_매직타임레스토랑_20260901T055008Z#4
naver,매직타임레스토랑,1527871697,https://pcmap.place.naver.com/restaurant/1527871697/review/visitor,6a6f271632df7602b26dca8f,만학또,5rpfN,https://m.place.naver.com/my/5b9fb52d3bd4ad3a47ca354a/review?v=2,5.0,짜글이랑 규동 다 맛있습니다❤️ 추천❣️,2026-08-02,2026-08-02,1,3,"[""https://pup-review-phinf.pstatic.net/MjAyNjA4MDJfMjYx/MDAxNzg1NjY5Mzk2NTQ2.dYUpXCnHb23wRtFgl3e4sG8cWZsP_CeACkul0lotNIEg.L23s0e1bcMYqjafzKyUA4-GBYMPZKEJyWDmOf-7k_6wg.JPEG/5C32FBA2-E90B-4B57-A863-2FC3B3F516F1.jpeg?type=w1500_60_sharpen"", ""https://pup-review-phinf.pstatic.net/MjAyNjA4MDJfMTg1/MDAxNzg1NjY5Mzk2Nzgx.-hja5iInpmJu4QtyjLhFpkKyjjZRSZJ2ZELIJHhu-cEg.kjitLrhVJBZdm9fPaKq1jHwCs40Qfwa-zjcmhcifQTIg.JPEG/2DB3AE6F-BD86-469C-B356-21F408478332.jpeg?type=w1500_60_sharpen"", ""https://pup-review-phinf.pstatic.net/MjAyNjA4MDJfMjUy/MDAxNzg1NjY5Mzk2OTQ3.xWrtYvYLI0KgAe4KYPKNPw0PGxpivkxhdx9ZsjYU8zUg.4A1OUbT-3g6GMAM-u3J-cluiFWHQGRoqfRz1O4hb6log.JPEG/49B255EC-4653-4931-A698-33A8CE3AC2CB.jpeg?type=w1500_60_sharpen""]",0,"[""음식이 맛있어요"", ""양이 많아요"", ""특별한 메뉴가 있어요"", ""인테리어가 멋져요"", ""매장이 넓어요""]",,true,2026-09-01T05:52:10+00:00,naver_매직타임레스토랑_20260901T055008Z#5
naver,매직타임레스토랑,1527871697,https://pcmap.place.naver.com/restaurant/1527871697/review/visitor,69e3037b6abf2ec2c29b48a8,dydgus0691,uRMG,https://m.place.naver.com/my/5dae57248f87a842bc2553a7/review?v=2,2.0,"김만복 김밥과 다정이네 김밥을 주문했는데
그냥 평범한 김밥이었습니다.",2026-04-18,2026-04-13,1,2,"[""https://pup-review-phinf.pstatic.net/MjAyNjA0MThfMTAg/MDAxNzc2NDg1MjQxODI3.b7DajWXTzdJvDnh4OTOu2sMMQgsyPxTJIVDhF0b-IfQg.nePT2Mv-ayTyY2oR46Cw6_9MJETIxX2RwOnuH-j1fssg.JPEG/6FF41CF6-3D2F-4437-A583-1972CD1F96D4.jpeg?type=w1500_60_sharpen"", ""https://pup-review-phinf.pstatic.net/MjAyNjA0MThfMTEw/MDAxNzc2NDg1MjQxOTU0.aTXfN6bBYg9gfskNUswSwESQK8ysHASZ_pSZ527bXeIg.uWPohBpwfAmbA-YJZXdGtqtd0TPTR0swFZfuwBbRNgwg.JPEG/29B7FD0E-5548-4190-812B-0D0B1B0A5D1E.jpeg?type=w1500_60_sharpen""]",0,"[""매장이 넓어요"", ""친절해요"", ""매장이 청결해요""]",,true,2026-09-01T05:52:10+00:00,naver_매직타임레스토랑_20260901T055008Z#6
naver,매직타임레스토랑,1527871697,https://pcmap.place.naver.com/restaurant/1527871697/review/visitor,6996e10d9e59c9494e2d49f9,양프로디테,1Jqus,https://m.place.naver.com/my/5c45b257f4ec134ac702026c/review?v=2,,설날특집 우삼겹떡국 먹었어요!!! 음식 만들어주시는 여사님도 정말 친절하시고 모든 직원분들 서비스 마인드가 훌륭하셔요! 앞으로 명절때마다 특별 메뉴 많이 내주셨으면 좋겠다요~,2026-02-19,2026-02-17,1,4,"[""https://pup-review-phinf.pstatic.net/MjAyNjAyMTlfNjEg/MDAxNzcxNDk1NjkwODY4.fWO83j0S-BsTu_n2irJHF34Q5yUzTw-LyU6YJYXwXo4g.TK8mwFU40f-xY12pIcnRF6Dj86GtJoE84jYG-e_otzcg.JPEG/20260217_120706.jpg.jpg?type=w1500_60_sharpen"", ""https://pup-review-phinf.pstatic.net/MjAyNjAyMTlfMTEz/MDAxNzcxNDk1NjkwNzc0.pmbbUIEXo36TG8KxKQmqx3X2rVtasjDFJaqcTMkRq5Yg.-tc6aph5KRf4Kv-VMbAEHeZdzZia3NFn3Q81oReBj38g.JPEG/20260217_120757.jpg.jpg?type=w1500_60_sharpen"", ""https://pup-review-phinf.pstatic.net/MjAyNjAyMTlfMTky/MDAxNzcxNDk1NjkxMjky.SrlViKIYJoYdhFQodCbg84NOZmuTGXSoT97ThQ3n8Tgg.I2lCzIRVNr8vby9jRHkUm_SlTlNnC6nWzasj21tBBz8g.JPEG/20260217_120745.jpg.jpg?type=w1500_60_sharpen"", ""https://pup-review-phinf.pstatic.net/MjAyNjAyMTlfOTAg/MDAxNzcxNDk1NjkxNTI5.oHpMFDPDLXHp8g43ooOtrlzcv2qeUmx0a9SjmJArt3cg.GNhbz4I2XjpmJWkKegDWRN6hx8b_mjE2t-vsbV7wDa4g.JPEG/20260217_121037.jpg.jpg?type=w1500_60_sharpen""]",0,"[""음식이 맛있어요"", ""특별한 메뉴가 있어요"", ""친절해요"", ""매장이 청결해요"", ""매장이 넓어요""]",,true,2026-09-01T05:52:10+00:00,naver_매직타임레스토랑_20260901T055008Z#7
naver,매직타임레스토랑,1527871697,https://pcmap.place.naver.com/restaurant/1527871697/review/visitor,69e61e5049baf0d8f042b94d,운동하즈아,dl6sD,https://m.place.naver.com/my/5fd0b1a458eec41ff5e21a6c/review?v=2,2.0,"기분좋게 에버랜드 가서 밥먹으러 갔는데 식당 들어갔는데 노란머리에 머리묶고, 방송하시는 분 제가 원하는데 다정이네 줄 설려고 하니까 막고, 기분 나빴어요. 그렇게 오래 걸릴것 같지도 않은데 자꾸 가로막고 그 분이 자꾸 눈치주길래 다른데서 먹었어요. 기분 이상했음. 다정이네 김밥 먹어보려고 했는데 못먹고. 아니 왜 먹고싶은것도 못사게 하는지 모르겠어요. 방송하는 목소리 귀아팠어요.",2026-04-20,2026-04-06,1,1,"[""https://pup-review-phinf.pstatic.net/MjAyNjA0MjBfMjQw/MDAxNzc2Njg4NjMyNTI1.YPeA1PC1PN6MT3zQvsMiSv2Jxa7b9x3eUd_8daqpRcUg.Ovw0olcxeFk6EZ-ML1SMDJsYTk1YAGm9trLEIeLohoQg.JPEG/IMG_7420.jpeg?type=w1500_60_sharpen""]",0,,,true,2026-09-01T05:52:10+00:00,naver_매직타임레스토랑_20260901T055008Z#8
naver,매직타임레스토랑,1527871697,https://pcmap.place.naver.com/restaurant/1527871697/review/visitor,69a266ef5de918570b6995d4,ohs****,ubTe,https://m.place.naver.com/my/5c16407fcbd5a6fbbef37ee0/review?v=2,,"양은 그리 썩 많은 편은 아닌데 맛은 쏘쏘하고 
그저 다리가 아퍼서 쉬러 왔을뿐 ㅎ",2026-02-28,2026-02-25,1,3,"[""https://pup-review-phinf.pstatic.net/MjAyNjAyMjhfMTQ0/MDAxNzcyMjUwODE3MzY4.8x4aA79GAP3PZ8RSANfmxlfQ4rQjPJfcrAHqfmMAPMQg.TcklxgkxEdkNhVS1LQGWz8akjMNyubjJfhAAu6o4OMAg.JPEG/IMG_3653.jpeg?type=w1500_60_sharpen"", ""https://pup-review-phinf.pstatic.net/MjAyNjAyMjhfMjIx/MDAxNzcyMjUwODE3NDAx.bP2cfuBJQ7Nj1Jd6RI_KKKOSKGL0oPS0b-d4MLNbeV8g.iAruFMkMa0VHN5u3E77fU_lbsRbtj0ovuw23Q0D8yXAg.JPEG/IMG_3654.jpeg?type=w1500_60_sharpen"", ""https://pup-review-phinf.pstatic.net/MjAyNjAyMjhfMTY0/MDAxNzcyMjUwODE3MzYy.KDDOdUMkjaMVIwTvp3sUHB3n_PqBiUCmjASrKzEXd3Eg.ldoIl1ciuWxppQGfkOnY8OIKvAFq8e17Fm-QmGwMzcIg.JPEG/IMG_3655.jpeg?type=w1500_60_sharpen""]",0,"[""음식이 맛있어요"", ""매장이 넓어요""]",,true,2026-09-01T05:52:10+00:00,naver_매직타임레스토랑_20260901T055008Z#9
naver,매직타임레스토랑,1527871697,https://pcmap.place.naver.com/restaurant/1527871697/review/visitor,68f630b65f372f6a8eab7a82,kskyoung44,14Yl4,https://m.place.naver.com/my/5effe76e2a6e9b34b382af1a/review?v=2,,,,2025-10-19,1,,,0,"[""음식이 맛있어요"", ""재료가 신선해요"", ""양이 많아요"", ""특별한 메뉴가 있어요"", ""친절해요""]",,true,2026-09-01T05:52:10+00:00,naver_매직타임레스토랑_20260901T055008Z#10
naver,매직타임레스토랑,1527871697,https://pcmap.place.naver.com/restaurant/1527871697/review/visitor,68e89d1d7e33fa28fcd8dcee,애지모 여상연9,8Naxy,https://m.place.naver.com/my/6163c86b99f7ae1e3cad754f/review?v=2,,,,2025-10-08,1,,,0,"[""건강한 맛이에요""]",,true,2026-09-01T05:52:10+00:00,naver_매직타임레스토랑_20260901T055008Z#11
naver,매직타임레스토랑,1527871697,https://pcmap.place.naver.com/restaurant/1527871697/review/visitor,68a92ebf0025001e52a487d8,후리지아윤야,2RK1n,https://m.place.naver.com/my/5c525318d31365d631fb42c1/review?v=2,,,,2025-08-17,2,,,0,"[""음식이 맛있어요""]",,true,2026-09-01T05:52:10+00:00,naver_매직타임레스토랑_20260901T055008Z#12
naver,매직타임레스토랑,1527871697,https://pcmap.place.naver.com/restaurant/1527871697/review/visitor,68b23829f849770f5b129835,dnsl34,19D9c,https://m.place.naver.com/my/5e2936118f87a842bca2d830/review?v=2,,,,2025-08-21,1,,,0,"[""음식이 빨리 나와요""]",,true,2026-09-01T05:52:10+00:00,naver_매직타임레스토랑_20260901T055008Z#13
naver,매직타임레스토랑,1527871697,https://pcmap.place.naver.com/restaurant/1527871697/review/visitor,68a4047110f7510664bbe877,내돈내산솔직리뷰중,qoYq,https://m.place.naver.com/my/5e389bd98f87a842bc6e370c/review?v=2,,,,2025-08-11,1,,,0,"[""음식이 맛있어요""]",,true,2026-09-01T05:52:10+00:00,naver_매직타임레스토랑_20260901T055008Z#14
naver,매직타임레스토랑,1527871697,https://pcmap.place.naver.com/restaurant/1527871697/review/visitor,68b6a423b9af05b0ebf774af,코코마리아,1ZcL8,https://m.place.naver.com/my/5f8d8845a8931455db589241/review?v=2,,,,2025-08-10,1,,,0,"[""재료가 신선해요"", ""양이 많아요"", ""특별한 메뉴가 있어요""]",,true,2026-09-01T05:52:10+00:00,naver_매직타임레스토랑_20260901T055008Z#15
naver,매직타임레스토랑,1527871697,https://pcmap.place.naver.com/restaurant/1527871697/review/visitor,68e88b38f4880054334f50af,조크리스탈66,1eteZ,https://m.place.naver.com/my/5eff951280dd0fa8cd667322/review?v=2,,,,2025-10-08,2,,,0,"[""음식이 맛있어요"", ""재료가 신선해요""]",,true,2026-09-01T05:52:10+00:00,naver_매직타임레스토랑_20260901T055008Z#16
naver,매직타임레스토랑,1527871697,https://pcmap.place.naver.com/restaurant/1527871697/review/visitor,690872d08487cc3f6ccdfeae,1170857,3C0Aw,https://m.place.naver.com/my/5cb495f324f9d2044ea8ede7/review?v=2,,,,2025-09-20,1,,,0,"[""음식이 맛있어요""]",,true,2026-09-01T05:52:10+00:00,naver_매직타임레스토랑_20260901T055008Z#17
naver,매직타임레스토랑,1527871697,https://pcmap.place.naver.com/restaurant/1527871697/review/visitor,6830293ed0875a53990d48ac,꼬마순뚜루,2vZEy,https://m.place.naver.com/my/5c779e9b06603e01f74937e6/review?v=2,,,,2025-05-22,1,,,0,"[""음식이 맛있어요""]",,true,2026-09-01T05:52:10+00:00,naver_매직타임레스토랑_20260901T055008Z#18
naver,매직타임레스토랑,1527871697,https://pcmap.place.naver.com/restaurant/1527871697/review/visitor,686a19f240e3847bc3a65591,euk****,7S5iw,https://m.place.naver.com/my/5efe472d670bd5c7e120968a/review?v=2,,,,2025-05-05,1,,,0,"[""매장이 넓어요""]",,true,2026-09-01T05:52:10+00:00,naver_매직타임레스토랑_20260901T055008Z#19
naver,매직타임레스토랑,1527871697,https://pcmap.place.naver.com/restaurant/1527871697/review/visitor,69a19bbb1c6e8f9eff42cf85,먹잘Rr,3JJBo,https://m.place.naver.com/my/5efde6ed854ca9293112d13f/review?v=2,,"겨울이라 문닫은 식당이 많아서 여기로 갔는데
가격대비 맛이 너무 실망이에요 ㅜㅜ
밀키트만 써도 이정돈 아닐텐데",2026-02-27,2026-02-26,1,,,0,"[""매장이 넓어요""]",,true,2026-09-01T05:52:10+00:00,naver_매직타임레스토랑_20260901T055008Z#20
naver,매직타임레스토랑,1527871697,https://pcmap.place.naver.com/restaurant/1527871697/review/visitor,68d33e4df773608b744abfc6,namu82,3WsYm,https://m.place.naver.com/my/5d2d428db46dec61e8df9cc5/review?v=2,,,,2025-09-23,1,,,0,"[""양이 많아요""]",,true,2026-09-01T05:52:10+00:00,naver_매직타임레스토랑_20260901T055008Z#21
naver,매직타임레스토랑,1527871697,https://pcmap.place.naver.com/restaurant/1527871697/review/visitor,6859ccf5139688da0fc53ab0,ju1****,3Ftnw,https://m.place.naver.com/my/5e23ce698f87a842bc2bebcc/review?v=2,,,,2025-06-22,2,,,0,"[""음식이 맛있어요""]",,true,2026-09-01T05:52:10+00:00,naver_매직타임레스토랑_20260901T055008Z#22
naver,알파인레스토랑,1678026825,https://pcmap.place.naver.com/restaurant/1678026825/review/visitor,69f9f923f1991be967a1f227,Silkroad,1rXh3,https://m.place.naver.com/my/5e6d737d8f87a842bc9694f3/review?v=2,4.5,"살다 살다
이렇게 친절한 곳은 첨봐요..
메뉴 선택시부터(주문배려)
메뉴 받기(메뉴 찾기 옮기기 배려 도움)
의무반? 방문 안내 등..
암튼 최고 였어요
외국인13명과 같이 갔었는데
너무 자랑스러웠답니다
고마웠어요...
알파인 식당 근무자 여러분.....

ㅋㅋ",2026-05-05,2026-04-18,1,3,"[""https://pup-review-phinf.pstatic.net/MjAyNjA1MDVfMjc5/MDAxNzc3OTg5OTIyNDI2.M9b-USGu7jbBjlUF0JpEpvWB1jIjNt-4Jt_imaoN-R8g.4U5-A7xTNXXFd0ZUKZKNFirsz6uCDBcD_L4x_qdr014g.JPEG/FB_IMG_1777989777452.jpg.jpg?type=w1500_60_sharpen"", ""https://pup-review-phinf.pstatic.net/MjAyNjA1MDVfMjU4/MDAxNzc3OTg5OTIyNDk5.JOu7wdb8h8oMLqY9Y7DWnDSlBmP7KwYOxFld61jJOq8g.5ePK67OQ4vyXs1ccc6iwdDRVrly8xRgfVgstlsKLCvIg.JPEG/FB_IMG_1776899366790.jpg.jpg?type=w1500_60_sharpen"", ""https://pup-review-phinf.pstatic.net/MjAyNjA1MDVfOTYg/MDAxNzc3OTg5OTIyNDY1.XEEGShdvENqJhB8DUTW9_yE-bq236OqMioDuJvFgVNYg.T2QHmojHrAHjZHfFTVvHzA0L9Aq5DApM63jvzPiAZgkg.JPEG/FB_IMG_1777989773232.jpg.jpg?type=w1500_60_sharpen""]",0,"[""음식이 맛있어요"", ""재료가 신선해요"", ""친절해요"", ""매장이 청결해요"", ""오래 머무르기 좋아요""]",,true,2026-09-01T05:54:15+00:00,naver_알파인레스토랑_20260901T055008Z#0
naver,알파인레스토랑,1678026825,https://pcmap.place.naver.com/restaurant/1678026825/review/visitor,69ee1fb22fb8d8819246ce05,foodkiller,6KWod,https://m.place.naver.com/my/5c3ba4d1322d53d747f1f79d/review?v=2,5.0,에버랜드는 김치찌개 맛집임,2026-04-26,2026-04-23,3,1,"[""https://pup-review-phinf.pstatic.net/MjAyNjA0MjZfMTI2/MDAxNzc3MjEzMzYxMzY2.CfxCxUN3SmYLAraQFa-Fsy9BpYx5qwq35vK3pG8-GtYg.wZ7BhhQShCfdmi9Dm6ufs_HIy2wcx3JEDhAhBX7btHAg.JPEG/81ACFDC6-A863-4B53-BAAD-C44B51A558AE.jpeg?type=w1500_60_sharpen""]",0,"[""음식이 맛있어요"", ""양이 많아요"", ""재료가 신선해요""]",,true,2026-09-01T05:54:15+00:00,naver_알파인레스토랑_20260901T055008Z#1
naver,알파인레스토랑,1678026825,https://pcmap.place.naver.com/restaurant/1678026825/review/visitor,69bac768f9d0bcd5c65b9260,foodkiller,6KWod,https://m.place.naver.com/my/5c3ba4d1322d53d747f1f79d/review?v=2,,"김치찌개 최고입니다❤️❤️❤️
한가람보다 알파인이 더 맛있어요",2026-03-19,2026-03-18,2,1,"[""https://pup-review-phinf.pstatic.net/MjAyNjAzMTlfMTc1/MDAxNzczODQ4NDIyOTQ5.ZDo782m7Hi9CG4hlJg3dZ47GaciA8J0vcYbiRi70Avog.1EZA84AfGRkQ4tIn6oFXy2vNkSFJZ09HeQOYOxMXYegg.JPEG/81C2E062-CACC-4ED0-A70F-2D56B4AAF23D.jpeg?type=w1500_60_sharpen""]",0,"[""음식이 맛있어요"", ""양이 많아요"", ""매장이 넓어요""]",,true,2026-09-01T05:54:15+00:00,naver_알파인레스토랑_20260901T055008Z#2
naver,알파인레스토랑,1678026825,https://pcmap.place.naver.com/restaurant/1678026825/review/visitor,68e24b6ba3579e404cdaed06,Deneck,711Sb,https://m.place.naver.com/my/5c6e94babaef604852155d98/review?v=2,,음식 꽤 괜찮아서 맛있게 먹었어요!! 에버랜드에서 지친 상태로 먹는 김치찌개 완전 good...,2025-10-05,2025-10-04,1,2,"[""https://pup-review-phinf.pstatic.net/MjAyNTEwMDVfMTE0/MDAxNzU5NjYwOTA1MjQz.3qLOe33GQ8yJrPMdkgLTyKK7yUuf3z--r3m7h1AxWAEg.hWENsTohv0Xd9vdfWt_GHkp1CtpZQBb5L5VluyeMfx0g.JPEG/1000039009.jpg.jpg?type=w1500_60_sharpen"", ""https://pup-review-phinf.pstatic.net/MjAyNTEwMDVfMTgz/MDAxNzU5NjYwOTA0MTkw.QLIKcesjkDn6JoviTxd6f4HyOR6d6cdrBPBuzUYEBWog.-x8BNxk5grZuCTD2NND0n8eCirn02tbxV1KJEqT63Pwg.JPEG/1000039010.jpg.jpg?type=w1500_60_sharpen""]",0,"[""음식이 맛있어요"", ""매장이 넓어요""]",,true,2026-09-01T05:54:15+00:00,naver_알파인레스토랑_20260901T055008Z#3
naver,알파인레스토랑,1678026825,https://pcmap.place.naver.com/restaurant/1678026825/review/visitor,68fd87587eb8b2314a5f4a33,기깔나는닉네임을갖고싶어,by7XF,https://m.place.naver.com/my/5f442a4ca602e98f565a5597/review?v=2,,"킬바사김볶 17900
왕돈까스세트 17900",2025-10-26,2025-10-18,1,2,"[""https://pup-review-phinf.pstatic.net/MjAyNTEwMjZfMjU3/MDAxNzYxNDQ1NzE4Mjgx.tlhEAaKSM3mmTLg9s-bY06jWKuU-oiE66J_8oJ-V1Sog.I7IpCWBNYoPItzGIYWTKBa7PeGGOpI7kMdjB3ZvzRUog.JPEG/20251018_121042.jpg.jpg?type=w1500_60_sharpen"", ""https://pup-review-phinf.pstatic.net/MjAyNTEwMjZfMTQx/MDAxNzYxNDQ1NzE3OTYz.kreE_tqQqGHx4u3zwQqwijc05ATwbg1xT6BssIiZJPsg.oT9PEeeJ7K6Xzde6pFAUj3Cg0EsdVtK135Dxnj5oPG4g.JPEG/20251018_121049.jpg.jpg?type=w1500_60_sharpen""]",1,"[""음식이 맛있어요"", ""단체모임 하기 좋아요""]",,true,2026-09-01T05:54:15+00:00,naver_알파인레스토랑_20260901T055008Z#4
naver,알파인레스토랑,1678026825,https://pcmap.place.naver.com/restaurant/1678026825/review/visitor,68e9e66a14eb28a045475300,MIA91,yHmx,https://m.place.naver.com/my/614742727df62000068dbd6d/review?v=2,,"22개월 아가랑 에버랜드!
돈까스 치킨 우동까지 완벽하게 먹엇네요!",2025-10-11,2025-10-11,1,2,"[""https://pup-review-phinf.pstatic.net/MjAyNTEwMTFfMTgz/MDAxNzYwMTU5MzM3NTA4.MYWICv5NcUlVJo1pz9r8c8gnkF4CN4qjtfqcmP8QNV4g.5Sig4CISPoj1UAuaxEN6fTwg0856WELKHO6yJ_cChFUg.JPEG/20251011_133052.jpg.jpg?type=w1500_60_sharpen"", ""https://pup-review-phinf.pstatic.net/MjAyNTEwMTFfOTEg/MDAxNzYwMTU5MzM3NTA0.NU-eW7cTNmFVVYXnZHCf6F9S4sOG2PYQmAXn-pCl3cgg.rh2i0luQeqXaGa0uFartBZ7IilqrYrB78m9W9Dp42WUg.JPEG/20251011_133347.jpg.jpg?type=w1500_60_sharpen""]",0,"[""음식이 맛있어요"", ""양이 많아요"", ""가성비가 좋아요"", ""매장이 넓어요""]",,true,2026-09-01T05:54:15+00:00,naver_알파인레스토랑_20260901T055008Z#5
naver,알파인레스토랑,1678026825,https://pcmap.place.naver.com/restaurant/1678026825/review/visitor,68c66e3aa57711ffff8239b5,듀이이이이이,3uanK,https://m.place.naver.com/my/5efeeb44a7f1cdd89fef2db3/review?v=2,,사파리갔다가 바로옆에있어서 들어갔는데 김치볶음밥은 그냥 그랬고 돈까스는 맛있어요,2025-09-14,2025-09-11,1,2,"[""https://pup-review-phinf.pstatic.net/MjAyNTA5MTRfMjQ5/MDAxNzU3ODM0ODA4OTMy.MhlENv63b5kxK2mKtsSD9WvBqfqZTlmh1dSOdtYYCNYg.PADbOsJqVLflFazYRv8SF_3cuVyAzIUk-Orhrd0YWKwg.JPEG/5B96B4B6-99DA-4D29-9C43-9E6DECC78D6C.jpeg?type=w1500_60_sharpen"", ""https://pup-review-phinf.pstatic.net/MjAyNTA5MTRfMTYy/MDAxNzU3ODM0ODA4OTU5.FB863aO5XT7ZB11szA0-V0oi0a6S6KphbCryHdquWgsg.CRz4kCmBdX5c4PxF8rHhGsxS_KvFyAg_7QR2pgkr7hcg.JPEG/57E27898-698E-4256-B050-3090E931A452.jpeg?type=w1500_60_sharpen""]",0,"[""특별한 메뉴가 있어요"", ""매장이 넓어요""]",,true,2026-09-01T05:54:15+00:00,naver_알파인레스토랑_20260901T055008Z#6
naver,알파인레스토랑,1678026825,https://pcmap.place.naver.com/restaurant/1678026825/review/visitor,6936ad5597293baab13f4a88,어디든무엇이든간다,4vUkh,https://m.place.naver.com/my/629d5e499ae68c0006148570/review?v=2,,돈까스 김치찌개 맛있음,2025-12-08,2025-10-25,1,2,"[""https://pup-review-phinf.pstatic.net/MjAyNTEyMDhfMTE3/MDAxNzY1MTkwOTk1NTU4.CEdsan3Im77tGxRKge0G7xZrUd7tX-GVBc3VD6ddlNUg.puSzpfEnQjKQxdD0fQAdCQdfVRq21J7AOq5eDn1ejOQg.JPEG/BFB14476-3556-47EB-99B7-0A7FFED891AF.jpeg?type=w1500_60_sharpen"", ""https://pup-review-phinf.pstatic.net/MjAyNTEyMDhfMTgy/MDAxNzY1MTkwOTk0Nzgy.q_VCAqG0wbu-FNmfTVuSj6nCq0Rs9mEXZ9_yvlZFGEMg.bZhRwwsWBykLjRvUFXtnlaUgDhl4As130xd5eFVhmvIg.JPEG/E5ACC54A-D08B-43AB-B8DB-386C9E39A130.jpeg?type=w1500_60_sharpen""]",0,"[""음식이 맛있어요""]",,true,2026-09-01T05:54:15+00:00,naver_알파인레스토랑_20260901T055008Z#7
naver,알파인레스토랑,1678026825,https://pcmap.place.naver.com/restaurant/1678026825/review/visitor,699be202468f74e37f6c6c30,백팩커 재구언,4a15F,https://m.place.naver.com/my/5d7bbda88f87a842bc23dd8e/review?v=2,,알파인 김치찌개는 약간 된장맛이 난다 참고 (된장이들어감),2026-02-23,2026-01-28,1,1,"[""https://pup-review-phinf.pstatic.net/MjAyNjAyMjNfNzQg/MDAxNzcxODIzNjE2ODEw.pM2IbzLEs5MhXzCGc6yQ5A1Rdi6mHNuvuDf2c7guhQYg.noZHk3pQbRz6sntH20ZPPvl7UvpOvuHmvp3Eld876eIg.JPEG/1C188D84-79A8-4D8A-94CE-9805721E0904.jpeg?type=w1500_60_sharpen""]",0,"[""음식이 맛있어요"", ""재료가 신선해요"", ""양이 많아요""]",,true,2026-09-01T05:54:15+00:00,naver_알파인레스토랑_20260901T055008Z#8
naver,알파인레스토랑,1678026825,https://pcmap.place.naver.com/restaurant/1678026825/review/visitor,6936de6712275c78611cb5d6,혜찐블라썸,3ll69,https://m.place.naver.com/my/5d94e2c68f87a842bc24782b/review?v=2,,🍲,2025-12-08,2025-12-07,1,2,"[""https://pup-review-phinf.pstatic.net/MjAyNTEyMDhfMTAg/MDAxNzY1MjAzNTU3MjAz.xMZ3HeguIZjABTq3p2HA75TQ41e270xJ2AOvaHUQYCQg.IHr6IXOTIFI4sVaob6ZSAQYkit7XSjFmUxOOIz7GDu0g.JPEG/1000009003.jpg.jpg?type=w1500_60_sharpen"", ""https://pup-review-phinf.pstatic.net/MjAyNTEyMDhfNjMg/MDAxNzY1MjAzNTU3MDQ2.3Or9XsmH8x2sEHChBKXLp_kYZst-pPnx1ul3_I6goj4g.mEbH4KpzjN-QhhNE8hDOfpAIlfMmBPf5PJWMC2suBhcg.JPEG/1000009002.jpg.jpg?type=w1500_60_sharpen""]",0,"[""음식이 빨리 나와요""]",,true,2026-09-01T05:54:15+00:00,naver_알파인레스토랑_20260901T055008Z#9
naver,알파인레스토랑,1678026825,https://pcmap.place.naver.com/restaurant/1678026825/review/visitor,6913f8f1017b4be7b5482546,날아라안슈,20kqv,https://m.place.naver.com/my/5bf9413ab59cdd61d11537f6/review?v=2,,,,2025-10-16,1,,,0,"[""음식이 맛있어요"", ""재료가 신선해요""]",,true,2026-09-01T05:54:15+00:00,naver_알파인레스토랑_20260901T055008Z#10
naver,알파인레스토랑,1678026825,https://pcmap.place.naver.com/restaurant/1678026825/review/visitor,68fcd0b3e1ee0e98502e33af,may5632,1x1un,https://m.place.naver.com/my/5c41b78c3aa966265f29bb72/review?v=2,,,,2025-09-25,2,,,0,"[""매장이 넓어요""]",,true,2026-09-01T05:54:15+00:00,naver_알파인레스토랑_20260901T055008Z#11
naver,알파인레스토랑,1678026825,https://pcmap.place.naver.com/restaurant/1678026825/review/visitor,6865ff93ca5debc918aa0d97,cozie17,2Ztim,https://m.place.naver.com/my/5efde977854ca9293112d614/review?v=2,,,,2025-06-27,1,,,0,"[""음식이 빨리 나와요""]",,true,2026-09-01T05:54:15+00:00,naver_알파인레스토랑_20260901T055008Z#12
naver,알파인레스토랑,1678026825,https://pcmap.place.naver.com/restaurant/1678026825/review/visitor,6810c9a28b6bf6a532d8334b,softkms,goKM,https://m.place.naver.com/my/5cb35ca680189dfa63d55190/review?v=2,,,,2025-04-29,1,,,0,"[""음식이 맛있어요"", ""재료가 신선해요"", ""양이 많아요"", ""특별한 메뉴가 있어요"", ""가성비가 좋아요""]",,true,2026-09-01T05:54:15+00:00,naver_알파인레스토랑_20260901T055008Z#13
naver,알파인레스토랑,1678026825,https://pcmap.place.naver.com/restaurant/1678026825/review/visitor,676fc7588015df644a69495b,sky****,1vMZ7,https://m.place.naver.com/my/5dd1688e8f87a842bc4580a1/review?v=2,,,,2024-12-28,1,,,0,"[""매장이 넓어요""]",,true,2026-09-01T05:54:15+00:00,naver_알파인레스토랑_20260901T055008Z#14
naver,알파인레스토랑,1678026825,https://pcmap.place.naver.com/restaurant/1678026825/review/visitor,67e1495b806f1d05746eb02a,skkk,SY0M,https://m.place.naver.com/my/5bf7c146c1c93a098385ce39/review?v=2,,,,2025-03-12,1,,,0,"[""음식이 맛있어요""]",,true,2026-09-01T05:54:15+00:00,naver_알파인레스토랑_20260901T055008Z#15
naver,알파인레스토랑,1678026825,https://pcmap.place.naver.com/restaurant/1678026825/review/visitor,6772778fe146c941a169ad93,먀캐슬,2NBqB,https://m.place.naver.com/my/5e1711b78f87a842bc9f570f/review?v=2,,,,2024-12-13,1,,,0,"[""양이 많아요"", ""매장이 넓어요""]",,true,2026-09-01T05:54:15+00:00,naver_알파인레스토랑_20260901T055008Z#16
naver,알파인레스토랑,1678026825,https://pcmap.place.naver.com/restaurant/1678026825/review/visitor,67470f81b6136300af6e6687,풍핑이,3SsYy,https://m.place.naver.com/my/613eb3a96e1e7964825d4624/review?v=2,,,,2024-11-09,1,,,0,"[""음식이 맛있어요""]",,true,2026-09-01T05:54:15+00:00,naver_알파인레스토랑_20260901T055008Z#17
naver,알파인레스토랑,1678026825,https://pcmap.place.naver.com/restaurant/1678026825/review/visitor,673589d775b60f93b5f8f5b3,라봉9192,3fcpb,https://m.place.naver.com/my/5ea649228f87a842bc98eb77/review?v=2,,,,2024-11-08,1,,,0,"[""음식이 맛있어요""]",,true,2026-09-01T05:54:15+00:00,naver_알파인레스토랑_20260901T055008Z#18
naver,알파인레스토랑,1678026825,https://pcmap.place.naver.com/restaurant/1678026825/review/visitor,67207e57e88c602628084701,제이앤제이1,3xu6w,https://m.place.naver.com/my/5d8a51198f87a842bce74b28/review?v=2,,,,2024-10-19,1,,,0,"[""음식이 맛있어요""]",,true,2026-09-01T05:54:15+00:00,naver_알파인레스토랑_20260901T055008Z#19
naver,알파인레스토랑,1678026825,https://pcmap.place.naver.com/restaurant/1678026825/review/visitor,6907f1be818217e1c629bc4f,좋으니까좋아,3IsqF,https://m.place.naver.com/my/5c68c674490b847f02cd94f2/review?v=2,,,2025-11-03,2025-10-25,2,1,"[""https://pup-review-phinf.pstatic.net/MjAyNTExMDNfNDUg/MDAxNzYyMTI4MzE3Mjgy.rEKlbm4gA_zILQY1nicLHOMo4qRTsrBG32QBE6fs8xMg.AIh0pth4vlROk1_0GxMJjL-YP1vSbCmKD_2EAWLRF60g.JPEG/20251025_143109.jpg.jpg?type=w1500_60_sharpen""]",0,"[""매장이 넓어요""]",,true,2026-09-01T05:54:15+00:00,naver_알파인레스토랑_20260901T055008Z#20
naver,알파인레스토랑,1678026825,https://pcmap.place.naver.com/restaurant/1678026825/review/visitor,68e4f4eec86a3e37c36b73c0,cutewisdom,2ee3k,https://m.place.naver.com/my/5c0a2fefbcfe5047d965a45f/review?v=2,,맛있어요,2025-10-07,2025-10-04,1,,,0,"[""음식이 맛있어요"", ""재료가 신선해요"", ""특별한 메뉴가 있어요""]",,true,2026-09-01T05:54:15+00:00,naver_알파인레스토랑_20260901T055008Z#21
naver,알파인레스토랑,1678026825,https://pcmap.place.naver.com/restaurant/1678026825/review/visitor,68e0be86283e568508e44a6b,nadie,nZuK,https://m.place.naver.com/my/5b80e417040077871d01c5d2/review?v=2,,진심 맛없고 비쌈ㅎㅎㅎ 시중보다 에버랜드 프리미엄 5000원 더 붙여서 파는 듯. 김치볶음밥인데 김치가 잘 안보임. 단골장사 할 것 아니고 뜨네기 손님들이라 그럴수 있다 생각하지만 해도 너무함,2025-10-04,2025-10-04,1,,,0,"[""매장이 넓어요"", ""음식이 빨리 나와요""]",,true,2026-09-01T05:54:15+00:00,naver_알파인레스토랑_20260901T055008Z#22
naver,알파인레스토랑,1678026825,https://pcmap.place.naver.com/restaurant/1678026825/review/visitor,68cb824e6b6a8ebf99a670bc,hhhhhera,19UDd,https://m.place.naver.com/my/5bb9c133c00a3a0e3baaa235/review?v=2,,달걀말이가 없다니 ㅠㅠ,2025-09-18,2025-09-18,1,1,"[""https://pup-review-phinf.pstatic.net/MjAyNTA5MThfMzcg/MDAxNzU4MTY3NjI4OTQx.18ztDUqvlf2D1-FyDjViyGq0HLywFh_sFe-y_Qj7uBog.8xXSK1ycAU8Abqy9u-NigkNPxbBlRUXxU0xh4XldB20g.JPEG/969BBE3F-B91D-4983-9CCF-3A4524501CF4.jpeg?type=w1500_60_sharpen""]",0,"[""친절해요""]",,true,2026-09-01T05:54:15+00:00,naver_알파인레스토랑_20260901T055008Z#23
naver,알파인레스토랑,1678026825,https://pcmap.place.naver.com/restaurant/1678026825/review/visitor,68c6429066eade6b41d05b2b,모모뮤,4CPDQ,https://m.place.naver.com/my/5f7fa9d6124482946fa21d6d/review?v=2,,김치찌개맛있다,2025-09-14,2025-09-12,1,,,0,"[""음식이 맛있어요"", ""재료가 신선해요"", ""양이 많아요"", ""매장이 넓어요""]",,true,2026-09-01T05:54:15+00:00,naver_알파인레스토랑_20260901T055008Z#24
naver,알파인레스토랑,1678026825,https://pcmap.place.naver.com/restaurant/1678026825/review/visitor,68c63966ebb4382bacb51f55,닥치고달려54,5tgty,https://m.place.naver.com/my/60cc672161a1453f0fe82e50/review?v=2,,맛있어요,2025-09-14,2025-09-12,1,,,0,"[""음식이 맛있어요"", ""재료가 신선해요"", ""양이 많아요"", ""특별한 메뉴가 있어요"", ""매장이 넓어요""]",,true,2026-09-01T05:54:15+00:00,naver_알파인레스토랑_20260901T055008Z#25
naver,알파인레스토랑,1678026825,https://pcmap.place.naver.com/restaurant/1678026825/review/visitor,6922df5783d1d15aa5f8ab65,권정훈55,9XFO9,https://m.place.naver.com/my/5e5f17648f87a842bca28ff4/review?v=2,,좋아요,2025-11-23,2025-11-23,1,,,0,"[""음식이 맛있어요""]",,true,2026-09-01T05:54:15+00:00,naver_알파인레스토랑_20260901T055008Z#26
naver,알파인레스토랑,1678026825,https://pcmap.place.naver.com/restaurant/1678026825/review/visitor,6915438d8905fca17e179a5b,OH SEUNG,6Griw,https://m.place.naver.com/my/5cc9e2cb71d046139bfe9330/review?v=2,,굿,2025-11-13,2025-11-13,1,,,0,"[""음식이 맛있어요""]",,true,2026-09-01T05:54:15+00:00,naver_알파인레스토랑_20260901T055008Z#27
naver,알파인레스토랑,1678026825,https://pcmap.place.naver.com/restaurant/1678026825/review/visitor,690f085d48bfab66aa3721b4,류조교,1SXvE,https://m.place.naver.com/my/5eecc7788f87a842bca3ba09/review?v=2,,만족합니다,2025-11-08,2025-11-08,1,1,"[""https://pup-review-phinf.pstatic.net/MjAyNTExMDhfMjg0/MDAxNzYyNTkyODU5MjU2.fcsONtwn442s4rZrDsWT9MsOcGTy8cBGWpJnw1z8gysg.CplHZ86cml2KnMSWUU9Jj11bXv5ZyA2WJXrRM-rO2Lcg.JPEG/20251108_180326.jpg.jpg?type=w1500_60_sharpen""]",0,"[""음식이 맛있어요""]",,true,2026-09-01T05:54:15+00:00,naver_알파인레스토랑_20260901T055008Z#28
naver,알파인레스토랑,1678026825,https://pcmap.place.naver.com/restaurant/1678026825/review/visitor,68fceb6898ca23ef43ba5590,미야하니,bBO26,https://m.place.naver.com/my/5cdc1950b38e41b0474ef021/review?v=2,,"품절돼서 못먹은 김뽁
배고파서 먹은 등심돈가스",2025-10-26,2025-10-25,1,,,0,"[""단체모임 하기 좋아요""]",,true,2026-09-01T05:54:15+00:00,naver_알파인레스토랑_20260901T055008Z#29
naver,알파인레스토랑,1678026825,https://pcmap.place.naver.com/restaurant/1678026825/review/visitor,674c4e977466dc327133a053,myt****,1LqSY,https://m.place.naver.com/my/5e8671b98f87a842bc6c703f/review?v=2,,,,2024-11-13,1,,,0,"[""음식이 맛있어요"", ""재료가 신선해요"", ""양이 많아요""]",,true,2026-09-01T05:54:15+00:00,naver_알파인레스토랑_20260901T055008Z#30
naver,KFC 용인에버랜드,37747059,https://pcmap.place.naver.com/restaurant/37747059/review/visitor,6a9236fc4800561a25c8c5d2,오월감성,2idSY,https://m.place.naver.com/my/5f0579264d1cf87540aafbc1/review?v=2,5.0,종일 걷고 지쳤을 때 저녁 해결하러 들르기 딱 좋아요. 첫째가 먹고 싶어 하던 버거 세트로 시켜줬더니 순식간에 하나 다 비웠습니다. 자리도 편하고 음식도 빠르게 나와서 피로 풀면서 든든하게 배 채우고 갑니다!🥰,2026-08-29,2026-08-24,1,2,"[""https://pup-review-phinf.pstatic.net/MjAyNjA4MjlfMTUz/MDAxNzg3OTY3MjI3MzUz.Az0RNTpz9_iVq0XKjMRChx2tOSudAw2Oj7o11QmUj-Qg.MgoNdUKaJDXrUNeV6hy5etScM3cXCT_qDCUeCI_gpI0g.JPEG/D49C4137-DBB8-4069-9B71-C1A8596FC312.jpeg?type=w1500_60_sharpen"", ""https://pup-review-phinf.pstatic.net/MjAyNjA4MjlfMTUz/MDAxNzg3OTY3MjI3MTIx.4fJWABh4rW8tpWcRKnHOo-_vr9bHqRpoPDp0JtnGEKIg.p1n19ox4n0lbfnz9KReR48H0H1SuW8m2dIxQWCZJCrgg.JPEG/A405F75C-AFC3-4CAD-A28D-60B696569FE9.jpeg?type=w1500_60_sharpen""]",0,"[""음식이 맛있어요""]",,true,2026-09-01T05:56:11+00:00,naver_kfc-용인에버랜드_20260901T055008Z#0
naver,KFC 용인에버랜드,37747059,https://pcmap.place.naver.com/restaurant/37747059/review/visitor,6a7001b9467e0b26f1570d38,로컬가이드J,2fYBC,https://m.place.naver.com/my/5b66b9c28098608fdb0591ae/review?v=2,3.5,"에버랜드 안에 있는 KFC에요.
이날은 날씨도 덥고 시간도 늦어서 다행히 사람이 별로 없었는데, 평소에는 자리 잡는거 자체가 너무 어려워요.
프렘차이즈다보니 메뉴나 맛은 동일합니다.",2026-08-03,2026-08-02,1,1,"[""https://pup-review-phinf.pstatic.net/MjAyNjA4MDNfOTgg/MDAxNzg1NzI1MzY3Njk1.ilvWrwJ8b1zD6Nmsb-RwrMourng5W0ry1gks0emKgoYg.glHV5023DrqlHGagwYEDGUiJmRPg744wQJ37s9OQYSMg.JPEG/F27AF1A9-BAA4-4DA8-B425-281D571485F2.jpeg?type=w1500_60_sharpen""]",0,"[""가성비가 좋아요"", ""양이 많아요"", ""음식이 맛있어요""]",,true,2026-09-01T05:56:11+00:00,naver_kfc-용인에버랜드_20260901T055008Z#1
naver,KFC 용인에버랜드,37747059,https://pcmap.place.naver.com/restaurant/37747059/review/visitor,6a6f53d73b2ff14398ec5611,마녀자까,22hOr,https://m.place.naver.com/my/5e202f148f87a842bc42812c/review?v=2,4.0,,2026-08-02,2026-08-02,1,2,"[""https://pup-review-phinf.pstatic.net/MjAyNjA4MDJfMTEw/MDAxNzg1NjgwODU0NTYx.KkxfuhzSqA7ke8POEU1CpOet27CvOg06JDL5O8eD9Dcg.zTGk4dawq9pJeeGxWsqzwcxuZtRBXElK0WQwBHzlVxcg.JPEG/1785680741982.jpg.jpg?type=w1500_60_sharpen"", ""https://pup-review-phinf.pstatic.net/MjAyNjA4MDJfOTUg/MDAxNzg1NjgwODU0NTU5.keB8gmYWOOf5_yO4JStSr8LlucA4gsvbP47Pt8CoR_wg.bOTPDI2jYrOJpl-Nl7m81Kq0_DSVm0kqkaoAzgz3Ma4g.JPEG/1785680741678.jpg.jpg?type=w1500_60_sharpen""]",0,"[""음식이 맛있어요"", ""특별한 메뉴가 있어요""]",,true,2026-09-01T05:56:11+00:00,naver_kfc-용인에버랜드_20260901T055008Z#2
naver,KFC 용인에버랜드,37747059,https://pcmap.place.naver.com/restaurant/37747059/review/visitor,6a052fa349df9c1dcd998bae,경찰27,40sh9,https://m.place.naver.com/my/5da135978f87a842bcc32e7f/review?v=2,4.0,에버랜드 넘 더워~~  밀크폰으로 먹는 버거ㅋ 좀 부족하다,2026-05-14,2026-05-14,1,2,"[""https://pup-review-phinf.pstatic.net/MjAyNjA1MTRfMzMg/MDAxNzc4NzI0NzY5NDE3.CRPYDld-hdn0lC0XQ2CBI6xWI0UOzeTfUdq6fE5QJ2Ag.kjDaKXES9NXWMLZv-74ciReDbe-ZMgIvA0AlQSQQG-Ig.JPEG/20260514_111104.jpg.jpg?type=w1500_60_sharpen"", ""https://pup-review-phinf.pstatic.net/MjAyNjA1MTRfMTc1/MDAxNzc4NzI0NzY5NjIw.FD-jy85rvME6WshqVzLOOK6i0Qzrhn3O30BslVWizbsg.y-UZIwA0dDEpGpEmFnzD1Z502SX_g7lRzftFWXr0yUcg.JPEG/20260514_111059.jpg.jpg?type=w1500_60_sharpen""]",0,"[""음식이 맛있어요"", ""가성비가 좋아요""]",,true,2026-09-01T05:56:11+00:00,naver_kfc-용인에버랜드_20260901T055008Z#3
naver,KFC 용인에버랜드,37747059,https://pcmap.place.naver.com/restaurant/37747059/review/visitor,6a073d3a0eede82c43b79623,ns****,4uTCV,https://m.place.naver.com/my/5effe81d05187f79123b2472/review?v=2,4.0,밖보단 못하지만 에버랜드에서 여기가 괜찮은 편 아닐까요. 자리잡기가 너무 힘들어서 문제지만.,2026-05-16,2026-04-29,1,1,"[""https://pup-review-phinf.pstatic.net/MjAyNjA1MTZfMjgx/MDAxNzc4ODU5MzIwOTU3.HkYEaWvaDdTT5D_Rp67iq46srlznaLnFxfTKdtln-xUg.1TaOdYgkrIxWbaBVtNMfkBq4HR3PHYZ67B78HV-ClwIg.JPEG/2E1D8258-0EE0-4F1A-A573-5556895CFA1D.jpeg?type=w1500_60_sharpen""]",0,"[""가성비가 좋아요""]",,true,2026-09-01T05:56:11+00:00,naver_kfc-용인에버랜드_20260901T055008Z#4
naver,KFC 용인에버랜드,37747059,https://pcmap.place.naver.com/restaurant/37747059/review/visitor,6a3013ef6521836713474e66,물고기맹구,9VgoH,https://m.place.naver.com/my/5e9fe1f28f87a842bc96df54/review?v=2,5.0,친절하셔요 ㅎㅎ,2026-06-16,2026-06-15,1,1,"[""https://pup-review-phinf.pstatic.net/MjAyNjA2MTZfODMg/MDAxNzgxNTM1NzI0OTQx.axZC9Zne5daeO5li30QWTzUiI4zBi3gTSSdmhY-Q2FEg.MbpML-KiICSECdfMmS0vB4WxEKc4v8txl0mF_5WcOR0g.JPEG/20260615_200921.heic.jpg?type=w1500_60_sharpen""]",0,"[""음식이 맛있어요"", ""친절해요"", ""매장이 넓어요"", ""혼밥하기 좋아요"", ""뷰가 좋아요""]",,true,2026-09-01T05:56:11+00:00,naver_kfc-용인에버랜드_20260901T055008Z#5
naver,KFC 용인에버랜드,37747059,https://pcmap.place.naver.com/restaurant/37747059/review/visitor,6989bdaf0d4b3e62e07566b8,붉은개미파워뚜르,3ADAm,https://m.place.naver.com/my/5b83a9e104a5442bc533f80c/review?v=2,,"냠냠냠 에버랜드 가면 꼭 가는 KFC에요 
롤링X트레인 앞에 있어서 아이들 타고올때 들어가서 좀 쉬면서 기다리고 있어요 ㅋㅋㅋㅋ 아쉬운점 !!!!!
노후화되어있긴한데 그것보단 닭껍질튀김이 !!!!!!! 없어툐오오오오오오오오오오 ㅠㅠ 흑흑 사람 많아서 알긴 하지만 아쉬웠어요 하지만 그냥 다 존맛탱임 요기 꼭가세용 ㅋㅋㅋ 이거 먹고 밥 또 먹은건 비밀",2026-02-09,2026-02-05,1,1,"[""https://pup-review-phinf.pstatic.net/MjAyNjAyMDlfMTg2/MDAxNzcwNjM0NjY5MzA1.CbSSmP2bSsLXSsBm_KYizuy5Aj0qwnzFIDnladrXoQUg.pvpXbjO4enHTafJNf7tVOZINPgkLZllsubSSbdJa2zkg.JPEG/20260205_134922.jpg.jpg?type=w1500_60_sharpen""]",0,"[""디저트가 맛있어요"", ""특별한 메뉴가 있어요"", ""혼밥하기 좋아요"", ""아이와 가기 좋아요"", ""오래 머무르기 좋아요""]",,true,2026-09-01T05:56:11+00:00,naver_kfc-용인에버랜드_20260901T055008Z#6
naver,KFC 용인에버랜드,37747059,https://pcmap.place.naver.com/restaurant/37747059/review/visitor,6a6cb28d7b3ed931827e990c,깍뀽,78BX1,https://m.place.naver.com/my/5eff15eb1c9b02e1ea3c5ef3/review?v=2,5.0,치킨 사진이 없네용,2026-07-31,2026-07-31,3,1,"[""https://pup-review-phinf.pstatic.net/MjAyNjA3MzFfNCAg/MDAxNzg1NTA4NDkyNzYz.7MYh-iktwCr0dm1yp2kV7D9mEta3YeNYJJtUKf5XqQwg.twi0sgZOdJEv7mbzlFUyY6cSgciLTTFQAdjb6DzxmH8g.JPEG/20260731_191114.jpg.jpg?type=w1500_60_sharpen""]",0,"[""음식이 맛있어요"", ""매장이 넓어요""]",,true,2026-09-01T05:56:11+00:00,naver_kfc-용인에버랜드_20260901T055008Z#7
naver,KFC 용인에버랜드,37747059,https://pcmap.place.naver.com/restaurant/37747059/review/visitor,699e9380209bba3976f4be42,맛난맛굿굿,2z2wm,https://m.place.naver.com/my/5ba443114555640e1d555cf9/review?v=2,,맛있어요 맛있어요 맛있어요,2026-02-25,2026-02-25,2,1,"[""https://pup-review-phinf.pstatic.net/MjAyNjAyMjVfOTAg/MDAxNzcyMDAwMTI2MjU3.vZ4eg7FuHuMrJw8anj2r-s1GZAyfK01Xip1diRRlweEg._UBaBihldiWikmeLBB3MeX3Nm1VWyJSwa8eYTUlOrHgg.JPEG/CYMERA_20260225_144017.jpg.jpg?type=w1500_60_sharpen""]",0,"[""음식이 맛있어요""]",,true,2026-09-01T05:56:11+00:00,naver_kfc-용인에버랜드_20260901T055008Z#8
naver,KFC 용인에버랜드,37747059,https://pcmap.place.naver.com/restaurant/37747059/review/visitor,69eda64eed3c3be747ba598d,서린57,3pFp8,https://m.place.naver.com/my/5bfba7f49057c156f0f71487/review?v=2,5.0,편하고 좋아요,2026-04-26,2026-04-26,1,,,0,"[""음식이 맛있어요""]",,true,2026-09-01T05:56:11+00:00,naver_kfc-용인에버랜드_20260901T055008Z#9
naver,KFC 용인에버랜드,37747059,https://pcmap.place.naver.com/restaurant/37747059/review/visitor,69e3381f354a44a9314eaaf9,햄스터3230,bEvLv,https://m.place.naver.com/my/5e84ed408f87a842bce81dc8/review?v=2,5.0,,,2026-04-18,1,,,0,"[""음식이 빨리 나와요""]",,true,2026-09-01T05:56:11+00:00,naver_kfc-용인에버랜드_20260901T055008Z#10
naver,KFC 용인에버랜드,37747059,https://pcmap.place.naver.com/restaurant/37747059/review/visitor,69e35426574d7c09d415a1c7,수달30,21eRs,https://m.place.naver.com/my/5efe20e5854ca92931132d34/review?v=2,4.0,,,2026-04-16,1,,,0,"[""특별한 날 가기 좋아요""]",,true,2026-09-01T05:56:11+00:00,naver_kfc-용인에버랜드_20260901T055008Z#11
naver,KFC 용인에버랜드,37747059,https://pcmap.place.naver.com/restaurant/37747059/review/visitor,69a51359244a93149c7c1caf,likeru,2pVIC,https://m.place.naver.com/my/5d57ce231fcbb63ec3f91ef6/review?v=2,,,,2026-02-28,3,,,0,"[""음식이 맛있어요""]",,true,2026-09-01T05:56:11+00:00,naver_kfc-용인에버랜드_20260901T055008Z#12
naver,KFC 용인에버랜드,37747059,https://pcmap.place.naver.com/restaurant/37747059/review/visitor,69550a91bc83926f0fdac67a,파란기관차,gOM1,https://m.place.naver.com/my/5d55f239cfdb83345990239e/review?v=2,,,,2025-12-30,1,,,0,"[""음식이 맛있어요""]",,true,2026-09-01T05:56:11+00:00,naver_kfc-용인에버랜드_20260901T055008Z#13
naver,KFC 용인에버랜드,37747059,https://pcmap.place.naver.com/restaurant/37747059/review/visitor,69f40c67d556c72ecf093510,초코초코80,3ity5,https://m.place.naver.com/my/5efe8d1735e32560edab0874/review?v=2,5.0,,,2026-05-01,1,,,0,"[""음식이 맛있어요""]",,true,2026-09-01T05:56:11+00:00,naver_kfc-용인에버랜드_20260901T055008Z#14
naver,KFC 용인에버랜드,37747059,https://pcmap.place.naver.com/restaurant/37747059/review/visitor,68a993b994b635b6b1525988,플라잉뇽,1VobK,https://m.place.naver.com/my/5fff70d4b278f15f2b324171/review?v=2,,,,2025-08-23,1,,,0,"[""음식이 맛있어요""]",,true,2026-09-01T05:56:11+00:00,naver_kfc-용인에버랜드_20260901T055008Z#15
naver,KFC 용인에버랜드,37747059,https://pcmap.place.naver.com/restaurant/37747059/review/visitor,68a9938d99d37335cccc12a9,쏘쿨정29,2ljtM,https://m.place.naver.com/my/5bfa9f73e168e06c4fbdf945/review?v=2,,,,2025-08-23,1,,,0,"[""음식이 빨리 나와요""]",,true,2026-09-01T05:56:11+00:00,naver_kfc-용인에버랜드_20260901T055008Z#16
naver,KFC 용인에버랜드,37747059,https://pcmap.place.naver.com/restaurant/37747059/review/visitor,68f0d9eb91af70dcf4d90a9a,영원맘75,ZQ0I,https://m.place.naver.com/my/5eace86f8f87a842bc67aa49/review?v=2,,,,2025-10-14,1,,,0,"[""음식이 맛있어요""]",,true,2026-09-01T05:56:11+00:00,naver_kfc-용인에버랜드_20260901T055008Z#17
naver,KFC 용인에버랜드,37747059,https://pcmap.place.naver.com/restaurant/37747059/review/visitor,684ceb5da5ed84333e9a9de3,현재지인행형,4e6tH,https://m.place.naver.com/my/5dc501b28f87a842bc931778/review?v=2,,,,2025-06-14,1,,,0,"[""음식이 맛있어요""]",,true,2026-09-01T05:56:11+00:00,naver_kfc-용인에버랜드_20260901T055008Z#18
naver,KFC 용인에버랜드,37747059,https://pcmap.place.naver.com/restaurant/37747059/review/visitor,68bad01b5297d7b39d9cf3ed,댕스룸,ckLll,https://m.place.naver.com/my/5e6dbca78f87a842bc010c7b/review?v=2,,,,2025-08-26,1,,,0,"[""매장이 넓어요"", ""친절해요""]",,true,2026-09-01T05:56:11+00:00,naver_kfc-용인에버랜드_20260901T055008Z#19
naver,KFC 용인에버랜드,37747059,https://pcmap.place.naver.com/restaurant/37747059/review/visitor,6a01bad6a16fb264407374dd,sjhan701,2nAZN,https://m.place.naver.com/my/60a860354245d592a939560a/review?v=2,4.5,좋아요,2026-05-11,2026-04-25,1,,,0,"[""음식이 맛있어요"", ""재료가 신선해요""]",,true,2026-09-01T05:56:11+00:00,naver_kfc-용인에버랜드_20260901T055008Z#20
naver,KFC 용인에버랜드,37747059,https://pcmap.place.naver.com/restaurant/37747059/review/visitor,69e30d32479a3b3fe4264983,dydgus0691,uRMG,https://m.place.naver.com/my/5dae57248f87a842bc2553a7/review?v=2,5.0,,2026-04-18,2026-04-13,1,1,"[""https://pup-review-phinf.pstatic.net/MjAyNjA0MThfMTcx/MDAxNzc2NDg3NzI4MzEw.20_KalCBOAVIGFyefa-lsVR6RWFfqh8RGr5rTBm6GKEg.wY8fCkPDRzINB3OrjA_3Y1EHOG5ZvkTAIGW48EMPcWIg.JPEG/D6AE1C82-D6F5-43F5-88BD-47549F59E271.jpeg?type=w1500_60_sharpen""]",0,"[""매장이 넓어요"", ""친절해요"", ""좌석이 편해요""]",,true,2026-09-01T05:56:11+00:00,naver_kfc-용인에버랜드_20260901T055008Z#21
naver,KFC 용인에버랜드,37747059,https://pcmap.place.naver.com/restaurant/37747059/review/visitor,686a14ef3a66a9fc5f12a93f,yasuda,3RznQ,https://m.place.naver.com/my/5d0c8adfe773a8ee890c6dfe/review?v=2,,,,2025-06-23,1,,,0,"[""음식이 맛있어요""]",,true,2026-09-01T05:56:11+00:00,naver_kfc-용인에버랜드_20260901T055008Z#22
naver,온더보더 에버랜드점,1125315649,https://pcmap.place.naver.com/restaurant/1125315649/review/visitor,6a6f93a239535e685ae6361e,꼬꼬나S2,5V4Fc,https://m.place.naver.com/my/5efeae2fafcca6e20afdb08e/review?v=2,5.0,"에버랜드에 놀러갔다가 내부에 위치한 온더보더에 저녁식사를 하러 방문했어요! 무척이나 더운 여름이었는데 에어컨이 정말 시원하게 틀어져있어서 너무너무 반갑게 들어갔습니다 🥵🥵🥵 매장도 굉장히 넓어서, 주말이었는데도 자리잡기 수월했어요! 저희는 또띠아4장, 스테이크샐러드, 퀘사디아가 나오는 커플세트를 주문했는데 기본으로 나쵸도 나와서 세명이었는데도 양이 충분했어요. 특히 나쵸와 곁들일 토마토소스가 타음식점들과는 다르게 조미료가 별로 안들어간것처럼 생토마토의 향이 많이 느껴져서 더 상큼하고 물리지 않았던 것 같아요 👍🏻👍🏻 퀘사디아도 정말 맛있었고 샐러드 드레싱도 기본드레싱 이외에 다른 종류로 더 챙겨주셨어요! 다들 정말 친절하셨고 멕시칸 스타일의 내부 인테리어도 귀여웠습니다! 에버랜드 맛집으로 추천해요 👍🏻👍🏻",2026-08-03,2026-08-01,1,3,"[""https://pup-review-phinf.pstatic.net/MjAyNjA4MDNfMTIw/MDAxNzg1Njk2NzU4NjM1.fsrbdO9xF-98JFuqE97I-laTXyV-m9tCLoJlCu8xikcg.ERnMN7jr6pSiSAd4wzOExNPYn-GQS5MqiwB-DPmdFNQg.JPEG/IMG_1006.jpeg?type=w1500_60_sharpen"", ""https://pup-review-phinf.pstatic.net/MjAyNjA4MDNfMjA1/MDAxNzg1Njk2NzU4NjI3.rPsTxRtMuSVpvVX-AZzfP_mnzsgGH1F4mgopLsYJCZYg.v2dghVx6uyfOSDESNhoxQcvE-coWJKU-S-Q4RiScBwYg.JPEG/IMG_1004.jpeg?type=w1500_60_sharpen"", ""https://pup-review-phinf.pstatic.net/MjAyNjA4MDNfMTc5/MDAxNzg1Njk2NzU4NzAw.z9_U62ds0sk6a4sg9QyGqUMMDXiBCcISaRNNrv0eK3sg.ORrbAP32p8eA_0VPsGuvAEuUw38HOHKpsDD3qR9aXsog.JPEG/IMG_1007.jpeg?type=w1500_60_sharpen""]",0,"[""음식이 맛있어요"", ""특별한 메뉴가 있어요"", ""메뉴 구성이 알차요"", ""매장이 넓어요"", ""인테리어가 멋져요""]",,true,2026-09-01T05:58:07+00:00,naver_온더보더-에버랜드점_20260901T055008Z#0
naver,온더보더 에버랜드점,1125315649,https://pcmap.place.naver.com/restaurant/1125315649/review/visitor,6a842ab539580a63a7b5689f,뾰로로롱65,2buPHp,https://m.place.naver.com/my/633237992bfe11242232f22a/review?v=2,5.0,아이가 나가기전 뭔가 먹고 싶어해서 입구쪽 타코가 땡긴다기에 먹으며 걷기는 어려울듯하여 물어보니 홀에서 드셔도된다기에 타코 두개 주문!! 아이 후딱 먹이고 가려고했는데 나쵸도 챙겨주셔서 감동~ 서비스 짱이고 친절하셔요♡ 넘맛있게 먹었다고해서 담에또오면 요기로 식사할곳 찜꽁 입니다,2026-08-18,2026-08-15,1,3,"[""https://pup-review-phinf.pstatic.net/MjAyNjA4MThfMTY1/MDAxNzg3MDQ2NTgwMjA0.O3B6W3UAUyjfq98QHKlWx3Dt2-GccpMlllHbS67YQ-Mg.WzZ59CU8k7d4gE5FjVsEvPdYul41E0lU_CJY3AWsAOYg.JPEG/20260815_190647.jpg.jpg?type=w1500_60_sharpen"", ""https://pup-review-phinf.pstatic.net/MjAyNjA4MThfMjA4/MDAxNzg3MDQ2NTgwMTAy.UxbadX2CeOMm3Hr7v_5GRs3rLsOM2YUtAdsDFlw3CvYg.uOWVG72oXydm5mNFD7afYlM4HePqlETiFTsRO5pdgZcg.JPEG/20260815_190454.jpg.jpg?type=w1500_60_sharpen"", ""https://pup-review-phinf.pstatic.net/MjAyNjA4MThfNTgg/MDAxNzg3MDQ2NTgwMjEx.OlBWiqhQRuhL1-20xY6pnuS3TnZJ-eMPKiy0VEmCJFEg.Y3NiTGitLWrUlYz6TBgN_p17yQrXHDv3W1qvFhosMUAg.JPEG/20260815_190649.jpg.jpg?type=w1500_60_sharpen""]",0,"[""음식이 맛있어요"", ""매장이 넓어요"", ""친절해요"", ""매장이 청결해요"", ""아이와 가기 좋아요""]",,true,2026-09-01T05:58:07+00:00,naver_온더보더-에버랜드점_20260901T055008Z#1
naver,온더보더 에버랜드점,1125315649,https://pcmap.place.naver.com/restaurant/1125315649/review/visitor,6a8e68d20a753eb24730f2aa,Lllmm,lz47,https://m.place.naver.com/my/5ec22ef58f87a842bc5eabba/review?v=2,0.5,"부리또 스테이크, 타코, 무알콜음료 주문했습니다. 타코는 포크가 가장 맛있었고 나머지는 전반적으로 무난했어요.
그런데 부리또 스테이크는 정말 아쉬웠습니다. 남편이 먼저 한입 먹었는데 육회 맛이 난다고 해서 확인해보니 고기가 거의 익지 않은 상태였어요. 직원분께서는 미디움레어 정도라고 하셨지만, 제가 보기에는 미디움레어라고 하기 어려울 정도로 생고기로 보였습니다.
그래서 다시 조리해달라고 요청했고 기다렸다가 받았는데, 상태가 거의 그대로였습니다. 한 번 더 말씀드렸는데도 결국 사진과 비슷한 상태였고, 두번이나 말했는데  제대로 다시 조리한 게 아니라 오븐에 잠깐 넣었다 나온 것처럼 보였어요. 음식 자체도 따뜻하지 않았고요.
결국 귀찮기도 해서 그냥 나왔는데 아무리생각해도 조리방식이나 대처가 이해가 안가네요",2026-08-26,2026-08-19,1,3,"[""https://pup-review-phinf.pstatic.net/MjAyNjA4MjZfMTcx/MDAxNzg3NzE3ODQwMDIz.n68Ao3gT3FBbdQHstGaSBdgKlc6GdHrSY3K5zX3nPY8g.egEVqDqE3zK9XYUzBxQnynWhJls-Fcm9XcCq6UjgitUg.JPEG/20260819_192151.jpg.jpg?type=w1500_60_sharpen"", ""https://pup-review-phinf.pstatic.net/MjAyNjA4MjZfNzkg/MDAxNzg3NzE3ODM5OTg1.G_e885RYbftV7MV68Jmvem9NfykohEAc2dfDRNqfIlYg.pLSTjhihHVzxeqbq-6HJbverqPTtrfMhnGmQNzLDOT0g.JPEG/video_thumbnail.jpg"", ""https://pup-review-phinf.pstatic.net/MjAyNjA4MjZfMjU5/MDAxNzg3NzE3ODQwMDIz.mJ7UjVcu0U4Ah8Dpviu9wMG3xsHlUCGl_0wcD-S7xcAg.MtHReovMy7UTB2kJHXI_cOdbp6nWaA1A9RQRuc5UbWMg.JPEG/video_thumbnail.jpg""]",1,"[""인테리어가 멋져요""]",,true,2026-09-01T05:58:07+00:00,naver_온더보더-에버랜드점_20260901T055008Z#2
naver,온더보더 에버랜드점,1125315649,https://pcmap.place.naver.com/restaurant/1125315649/review/visitor,6a3e1ad04d78ebc9e99b7236,단감이아빠,32YFQ,https://m.place.naver.com/my/5e982ea18f87a842bc343f7d/review?v=2,5.0,"이틀동안 두번 갔습니다.
맛있고 좋습니다.
추천합니다.",2026-06-26,2026-06-25,1,2,"[""https://pup-review-phinf.pstatic.net/MjAyNjA2MjZfMTU5/MDAxNzgyNDU0OTkwMTM4.5dzUgmfApjZZNtFrG6gXXIT2hNrBymMlCPB8bHCgW84g.9yewMXgu4RSvzHvzKRFtcHFAZPRpjwz1TgX4yobUUNog.JPEG/2CF06502-EB75-4109-8D01-7FA79750C7CC.jpeg?type=w1500_60_sharpen"", ""https://pup-review-phinf.pstatic.net/MjAyNjA2MjZfMTc0/MDAxNzgyNDU0OTg5NDk5.Qnz6RAh-ShUwWbaYsL6gdGgQm-hK0Brq5kwtM2Zn-VEg.YTdgR7-Rk4eHrPsVPk1f5WCQ_LUnhwNrZO7SkRIru8Yg.JPEG/BB98EF1B-7E8E-4E25-8F83-6EBDC0AC4E74.jpeg?type=w1500_60_sharpen""]",0,"[""음식이 맛있어요"", ""재료가 신선해요"", ""양이 많아요"", ""기본 안주가 좋아요"", ""메뉴 구성이 알차요""]",,true,2026-09-01T05:58:07+00:00,naver_온더보더-에버랜드점_20260901T055008Z#3
naver,온더보더 에버랜드점,1125315649,https://pcmap.place.naver.com/restaurant/1125315649/review/visitor,6a2abc436dc7693f848264d4,또떠나유,XZ0s,https://m.place.naver.com/my/5eff09c97a3924f9464c2a15/review?v=2,3.0,"와 이곳은..방문 다시는 안할거같아요^^;;
일단 사람 수 대비 직원분이 너무 부족해요

뭔가 기본적인 것도 챙기기가 너무 어려운..?
테이블 남는데 직원분 부족해서 웨이팅이 발생합니다..

뭔가 휑한느낌이 나고 음식도 알찬느낌이 아니라서..웨이팅 대비 조금 아쉽다고 느꼈습니다",2026-06-11,2026-05-04,1,3,"[""https://pup-review-phinf.pstatic.net/MjAyNjA2MTFfMTA3/MDAxNzgxMTg1NjAxNTQz.od-DDHBdgiWR8cAgIzrH6d-6gC-xz5mJVz6DifSgG9Ig.FezNiBKPLuNgqraqh-0Y-qOOcbly3HH2zVus2za1IVkg.JPEG/C34BE335-6C95-47B9-BDCD-C3C840D191BC.jpeg?type=w1500_60_sharpen"", ""https://pup-review-phinf.pstatic.net/MjAyNjA2MTFfMjYz/MDAxNzgxMTg1NjAxNjYx.JPQ9hYH8ZGi3y5-r30qFkDeuoiKZrgrBJ9brHEwC4LAg.5ZTLLx2-g9t9M2h3MuvXUg-EaHCpjPGzGosA7cLwoMUg.JPEG/95B41A86-907A-40F1-993B-114E082AEE45.jpeg?type=w1500_60_sharpen"", ""https://pup-review-phinf.pstatic.net/MjAyNjA2MTFfOTcg/MDAxNzgxMTg1NjAxNjc4.KV_U-aK9UsExtO3-AOGLmeq6HQZIyEx4KgBROFgvwZsg.FVz_C10cVwiFZzYRDNFrArKZLXrmMG6yHH2tjDXqjjog.JPEG/55959B9D-E2BD-4034-B4B1-3677E51635F5.jpeg?type=w1500_60_sharpen""]",0,"[""매장이 넓어요""]",,true,2026-09-01T05:58:07+00:00,naver_온더보더-에버랜드점_20260901T055008Z#4
naver,온더보더 에버랜드점,1125315649,https://pcmap.place.naver.com/restaurant/1125315649/review/visitor,69fad6bc68ac5d619c4cea65,shi****,5mqzz,https://m.place.naver.com/my/5da48b7f8f87a842bcad63c0/review?v=2,5.0,매장이 넓고 음식 빨리 나와요. 맛있움!,2026-05-06,2026-05-04,1,1,"[""https://pup-review-phinf.pstatic.net/MjAyNjA1MDZfMyAg/MDAxNzc4MDQ2NjUwMzU0.xWcXPbJOBq9-lcWo3OeBB5usG5RNcibHqUdXMp5ARUAg.E4OfxxFGl-7TH7QGtr3NlJ6AafPmXcEu-1ChxxoYNmYg.JPEG/F1736F34-771B-4DFB-8CDA-D6BC9C1C3F1A.jpeg?type=w1500_60_sharpen""]",0,"[""음식이 맛있어요"", ""재료가 신선해요"", ""양이 많아요"", ""특별한 메뉴가 있어요"", ""컨셉이 독특해요""]",,true,2026-09-01T05:58:07+00:00,naver_온더보더-에버랜드점_20260901T055008Z#5
naver,온더보더 에버랜드점,1125315649,https://pcmap.place.naver.com/restaurant/1125315649/review/visitor,69e9c95b77230ef7f235b617,honeynic7,3d9bI,https://m.place.naver.com/my/5d0c7f85f79f664e329f8a20/review?v=2,5.0,"정신없이 먹느라 다 비운사진 뿐입니다 ㅜㅜ
작년에 넘 친절하셔서 감동받았던 직원분 썸머님 올해도 여전히 이쁘고 친절하시네요 바싹한 타코가 넘 맛나서 세접시를 비우고도 또 리필해주셔서 넘넘 감사해요 존맛탱",2026-04-23,2026-04-23,1,,,1,"[""음식이 맛있어요"", ""양이 많아요"", ""매장이 넓어요"", ""친절해요""]",,true,2026-09-01T05:58:07+00:00,naver_온더보더-에버랜드점_20260901T055008Z#6
naver,온더보더 에버랜드점,1125315649,https://pcmap.place.naver.com/restaurant/1125315649/review/visitor,693ec2515fd32bb7a3898f88,홍쏘맘,2QPJj,https://m.place.naver.com/my/5e4ca1e68f87a842bc4b13a2/review?v=2,,"에버랜드갔다가 키즈메뉴 입간판에 홀려 입장했어요
키즈메뉴는 함박스테이크 버전과 퀘사디아+텐더 세트 2가지였는데 퀘사디아는 치즈만 들어있어서 치즈튀김 느낌입니다
볶음밥은..반찬 느낌이예요
한식파 아들은 간식느낌으로 드시더라구요🤣
타코는 사진을 못찍었는데 양이 좀 당황스러웠네요😅
그래도 부리또는 꽤 든든합니다! (배고플땐 브리또 추천해요)
에버랜드 내 식당이다보니 가성비는 기대하지 않고 방문했는데 음식은 맛있었고 솜할인되서 그래도 괜찮았어요!
남은 음식이나 음료는 포장해주셔서 좋았습니다",2025-12-14,2025-12-14,1,2,"[""https://pup-review-phinf.pstatic.net/MjAyNTEyMTRfMTY0/MDAxNzY1NzIwNjU1NDM1.LsH4aI7Aoc-IVRHLUbArl92TEX7GNsJfckWL_yuu-A4g.apxPOqQzmnhzoY0Ix39zmr9iUd4E4Jsfv_oNVRPSctcg.JPEG/1000055422.jpg.jpg?type=w1500_60_sharpen"", ""https://pup-review-phinf.pstatic.net/MjAyNTEyMTRfMjg1/MDAxNzY1NzIwNjU1NDAy.mmQ8rMxEMllwqM5LmR3HF_J0n7x2heL09QWL-XUOqywg.mOVbm-g03WDivC_yZ8CtfmiGzJdAHbPtH1G_oPtyvAcg.JPEG/1000055421.jpg.jpg?type=w1500_60_sharpen""]",1,"[""음식이 맛있어요"", ""매장이 넓어요"", ""아이와 가기 좋아요""]",,true,2026-09-01T05:58:07+00:00,naver_온더보더-에버랜드점_20260901T055008Z#7
naver,온더보더 에버랜드점,1125315649,https://pcmap.place.naver.com/restaurant/1125315649/review/visitor,69dcee6af31e2439b39b9fb1,맥시멀리스트 쮸,auBQx,https://m.place.naver.com/my/5cb70ad82fd85703ac8d7d56/review?v=2,0.5,"에버랜드를 1년에 8번갑니다. 
갈때마다 온더보더를 갑니다. 
이제다시는안갑니다. 

최악중에 최악
온더보더를 가고싶으면 다른지점을 가세요. 
제발제발",2026-04-13,2026-04-10,1,,,0,"[""컨셉이 독특해요""]",,true,2026-09-01T05:58:07+00:00,naver_온더보더-에버랜드점_20260901T055008Z#8
naver,온더보더 에버랜드점,1125315649,https://pcmap.place.naver.com/restaurant/1125315649/review/visitor,69072bf01690dea8469d1585,맛집따라길따라,3dWI5,https://m.place.naver.com/my/5c1f774b17ee35ab4c0fd757/review?v=2,,"에버랜드 입구에 있는 맥시코음식 식당이에요. 
아르바이트생이 아주 친절합니다.
에이드주문하면 탄산음료로 리필가능하고, 
탄산음료만 주문해도 리필가능합니다. 
맛있습니다.",2025-11-02,2025-11-01,1,5,"[""https://pup-review-phinf.pstatic.net/MjAyNTExMDJfMTE5/MDAxNzYyMDc3NTY1ODIw.FmbU7vOnJ67H1sh0Yqy1b4IrV81OTw0vuVZQHKOhiWog.145Kt0IM8vplakGYOXVSnGLn553kAZagbk1Mgy_r0xUg.JPEG/20251101_124431.jpg.jpg?type=w1500_60_sharpen"", ""https://pup-review-phinf.pstatic.net/MjAyNTExMDJfNDQg/MDAxNzYyMDc3NTY2MTEx.4f65yWdHWJC6pzpLyIBIlibtELN6XVwooO5EXUoi6S8g.Y4CTWOOQCpr-YJlZUTwok4h_Elj3elXLcGzj0TZWv7sg.JPEG/20251101_124324.jpg.jpg?type=w1500_60_sharpen"", ""https://pup-review-phinf.pstatic.net/MjAyNTExMDJfMjc3/MDAxNzYyMDc3Njc4Mzk0.rPDy9I2yuDkWuCv19a6Og186JC3Sx_Fs4Y-nhUoz_cIg.OWU_pXyI6yBb065eyt2mSl2WW9ORU8JssealyqyL0Csg.JPEG/20251101_132516.jpg.jpg?type=w1500_60_sharpen"", ""https://pup-review-phinf.pstatic.net/MjAyNTExMDJfMzQg/MDAxNzYyMDc3NTY0NDQ2.Qno3TmVJOTJK8zFIZ7gkwhg7oXIwEaAdI96hfbnORe8g.nbQGavw0bzWq_cJ5wwLrJn2mYZFxkh3JYZW9I8i6Yk0g.JPEG/1761970883635.jpg.jpg?type=w1500_60_sharpen"", ""https://pup-review-phinf.pstatic.net/MjAyNTExMDJfMTMw/MDAxNzYyMDc3NTY2Mzk2.L3l0-4FY9kmpCx-wO6Vzv98TWpCBHlwTO5lpKbRs9Rcg.ZmCJP9kZU4rhIqp6p5LWEYnA2e1NeahwXtdutNxZbzsg.JPEG/20251101_131620.jpg.jpg?type=w1500_60_sharpen""]",0,"[""음식이 맛있어요"", ""양이 많아요"", ""특별한 메뉴가 있어요"", ""매장이 넓어요"", ""좌석이 편해요""]",,true,2026-09-01T05:58:07+00:00,naver_온더보더-에버랜드점_20260901T055008Z#9
naver,온더보더 에버랜드점,1125315649,https://pcmap.place.naver.com/restaurant/1125315649/review/visitor,6a1127e0e35e80b8949a8ba5,iam지은,4kiAy,https://m.place.naver.com/my/5dd8871e9ec8258e4acdcab1/review?v=2,5.0,,,2026-05-23,1,,,0,"[""음식이 맛있어요""]",,true,2026-09-01T05:58:07+00:00,naver_온더보더-에버랜드점_20260901T055008Z#10
naver,온더보더 에버랜드점,1125315649,https://pcmap.place.naver.com/restaurant/1125315649/review/visitor,699d085eaf188f95e5bb712a,미리내조은쌤,2BAiN,https://m.place.naver.com/my/609376fb973b3fc2461e6f9e/review?v=2,,,,2026-02-19,1,,,0,"[""양이 많아요""]",,true,2026-09-01T05:58:07+00:00,naver_온더보더-에버랜드점_20260901T055008Z#11
naver,온더보더 에버랜드점,1125315649,https://pcmap.place.naver.com/restaurant/1125315649/review/visitor,689efe52edb6dde7f6b1448e,mickaa,1ok7y,https://m.place.naver.com/my/5c1477ba95b550577499e8c4/review?v=2,,,,2025-08-15,1,,,0,"[""음식이 맛있어요""]",,true,2026-09-01T05:58:07+00:00,naver_온더보더-에버랜드점_20260901T055008Z#12
naver,온더보더 에버랜드점,1125315649,https://pcmap.place.naver.com/restaurant/1125315649/review/visitor,684c0ddaf6e8569a75c46d9e,파란또잉,2r3hm,https://m.place.naver.com/my/5f0558212f90b7de3537409f/review?v=2,,,,2025-04-24,1,,,0,"[""음식이 맛있어요""]",,true,2026-09-01T05:58:07+00:00,naver_온더보더-에버랜드점_20260901T055008Z#13
naver,온더보더 에버랜드점,1125315649,https://pcmap.place.naver.com/restaurant/1125315649/review/visitor,68b9b81cca5950c2e9c0a00a,JH2097,aV95m,https://m.place.naver.com/my/5e0719c98f87a842bc05efdd/review?v=2,,,,2025-09-04,1,,,0,"[""음식이 맛있어요""]",,true,2026-09-01T05:58:07+00:00,naver_온더보더-에버랜드점_20260901T055008Z#14
naver,온더보더 에버랜드점,1125315649,https://pcmap.place.naver.com/restaurant/1125315649/review/visitor,6730ba5d2a1bc93df473c823,강숑키,A3sj,https://m.place.naver.com/my/5d29b07a7e8b908fce252b71/review?v=2,,,,2024-11-08,1,,,0,"[""음식이 맛있어요"", ""재료가 신선해요"", ""매장이 넓어요"", ""친절해요"", ""매장이 청결해요""]",,true,2026-09-01T05:58:07+00:00,naver_온더보더-에버랜드점_20260901T055008Z#15
naver,온더보더 에버랜드점,1125315649,https://pcmap.place.naver.com/restaurant/1125315649/review/visitor,67b1c5b5f0288eac655567da,연이101동,jyG3,https://m.place.naver.com/my/5eeffa8c8f87a842bcd0b6f5/review?v=2,,,,2025-02-16,1,,,0,"[""매장이 넓어요""]",,true,2026-09-01T05:58:07+00:00,naver_온더보더-에버랜드점_20260901T055008Z#16
naver,온더보더 에버랜드점,1125315649,https://pcmap.place.naver.com/restaurant/1125315649/review/visitor,671a5d7bf287ce73063ede03,재리1938,4Wv44,https://m.place.naver.com/my/5b9b3b213d4695e6232f6988/review?v=2,,,,2024-10-16,1,,,0,"[""음식이 맛있어요"", ""매장이 넓어요"", ""친절해요""]",,true,2026-09-01T05:58:07+00:00,naver_온더보더-에버랜드점_20260901T055008Z#17
naver,온더보더 에버랜드점,1125315649,https://pcmap.place.naver.com/restaurant/1125315649/review/visitor,675e5605d98d56c948c01e44,방방곡곡돌순이,1TsP6,https://m.place.naver.com/my/5efeae1b670bd5c7e12121f9/review?v=2,,,,2024-10-30,1,,,0,"[""음식이 맛있어요""]",,true,2026-09-01T05:58:07+00:00,naver_온더보더-에버랜드점_20260901T055008Z#18
naver,온더보더 에버랜드점,1125315649,https://pcmap.place.naver.com/restaurant/1125315649/review/visitor,66f40f5a6a88d6d5fdfe40e0,코튼김,6KUaX,https://m.place.naver.com/my/5d88d0d08f87a842bcd19562/review?v=2,,,,2024-09-23,1,,,0,"[""매장이 넓어요"", ""음식이 맛있어요""]",,true,2026-09-01T05:58:07+00:00,naver_온더보더-에버랜드점_20260901T055008Z#19
naver,온더보더 에버랜드점,1125315649,https://pcmap.place.naver.com/restaurant/1125315649/review/visitor,69511f03f229656b8140d8aa,히그히그왕국,387yf,https://m.place.naver.com/my/5e1084618f87a842bc15c91d/review?v=2,,좋아용,2025-12-28,2025-12-25,1,1,"[""https://pup-review-phinf.pstatic.net/MjAyNTEyMjhfMjM2/MDAxNzY2OTI0MDMzNjEw.LWm619Ns7EegmvM7X96yB8qfse6lN0ZfShvYWCWvrY4g.-TPn1nCg9mKWcg_M9UqLNPpebCP6rIqAMjif6Oa4O0Mg.JPEG/137EBC2A-18DE-494D-A778-8B7E066DD02F.jpeg?type=w1500_60_sharpen""]",0,"[""음식이 맛있어요"", ""양이 많아요""]",,true,2026-09-01T05:58:07+00:00,naver_온더보더-에버랜드점_20260901T055008Z#20
naver,온더보더 에버랜드점,1125315649,https://pcmap.place.naver.com/restaurant/1125315649/review/visitor,66fe2f6f3201b24448ae8c75,yalgae,48Pyd,https://m.place.naver.com/my/5f053663cdcc351128b89f44/review?v=2,,,,2024-10-01,1,,,0,"[""인테리어가 멋져요"", ""매장이 넓어요""]",,true,2026-09-01T05:58:07+00:00,naver_온더보더-에버랜드점_20260901T055008Z#21
naver,쿠치나마리오,1401139141,https://pcmap.place.naver.com/restaurant/1401139141/review/visitor,6950b40b84a6208b22f509f6,절대미각미식가,4pMxJ,https://m.place.naver.com/my/5d6c8b398f87a842bc5b655f/review?v=2,,에버랜드 왔다가 피자 생각 나서 왔어요. 피자가 맛있어요.,2025-12-28,2025-12-28,1,3,"[""https://pup-review-phinf.pstatic.net/MjAyNTEyMjhfMjA2/MDAxNzY2ODk2NjQ5NzAz.DXYHt2AaIddFn0rN3AzK14FYc_xSTF7HC5y82jS9pgsg.dPnD47p3CFVwS-wtQMXdFoKMZ2Nfykqv-B-0U8X2a3Ig.JPEG/20251228_124107.jpg.jpg?type=w1500_60_sharpen"", ""https://pup-review-phinf.pstatic.net/MjAyNTEyMjhfMyAg/MDAxNzY2ODk2NjQ5NDIy.RdZKVicuNSaNPQwzBwhJFhn0nvEQOolyaajVKN_pH24g.qdDJz9FM9ggOvN5zR5W0PHFyJLXFPVFIBj0T3zujmpAg.JPEG/20251228_124310.jpg.jpg?type=w1500_60_sharpen"", ""https://pup-review-phinf.pstatic.net/MjAyNTEyMjhfMjkx/MDAxNzY2ODk2NjQ5NDU1.CReI35ojy5Nx9D20mrrOjkUpoG4QZecxOUZ1aVUnmzYg.wNf8mJktVtLPVhW5WQYGIizxZXBwTtUqC6WXQ9NSyJAg.JPEG/20251228_124104.jpg.jpg?type=w1500_60_sharpen""]",0,"[""음식이 맛있어요"", ""친절해요"", ""매장이 청결해요""]",,true,2026-09-01T06:01:17+00:00,naver_쿠치나마리오_20260901T055008Z#0
naver,쿠치나마리오,1401139141,https://pcmap.place.naver.com/restaurant/1401139141/review/visitor,68308782d3c9b62397bd1900,미라클언니50,68Vps,https://m.place.naver.com/my/5c2e2618af30567f14fd7d60/review?v=2,,에버랜드는 영원함과 자연의포근함을 결합한이름으로  항상 휴일처럼 즐거운 공간을 의미합니다😍🥰💙꿈과 환상의나라   아이들의즐거움과추억을 만들수있는곳  에버랜드입니다💙🥰놀이기구도많고 다양하며 볼거리가많아서  아이들이 가장가고싶어하는곳 1위 에버랜드죠😇에버랜드에 한국의꽃  축제와 정윈 아름다운 테마정원을 즐길수 있어요🤩🩵네이버로 예약도 가능하고  평일에오면 할인도 도니 좋아요ㆍ볼걸이 많아도 대기시간은 있을수있으니  오시면 하루종일 노는게 좋은것같아요ㆍ 아이와 추억도만들어주고 평일에가니  사람도 아주 많치않아서 좋았어요ㆍ 연인과커플데이트 가족모임 단체도 오니 즐거워보여요😇🤩,2025-05-23,2025-05-21,1,20,"[""https://video-phinf.pstatic.net/20250523_195/1748010845748VzuQa_JPEG/2q7cnO78ry_03.jpg"", ""https://video-phinf.pstatic.net/20250523_175/1748010847344iKv1s_JPEG/BqjqR88peE_03.jpg"", ""https://video-phinf.pstatic.net/20250523_183/1748010849980HOeDU_JPEG/mArzniutAo_03.jpg"", ""https://video-phinf.pstatic.net/20250523_283/1748010851119VmEqQ_JPEG/96aKHmeVS1_03.jpg"", ""https://video-phinf.pstatic.net/20250523_171/1748010852294p7WsR_JPEG/SRNqSgdkw2_03.jpg"", ""https://video-phinf.pstatic.net/20250523_136/1748010860313YS36H_JPEG/pTVu6oDx7n_03.jpg"", ""https://video-phinf.pstatic.net/20250523_214/1748010864089iipWh_JPEG/dehFPayW9G_03.jpg"", ""https://pup-review-phinf.pstatic.net/MjAyNTA1MjNfMTEw/MDAxNzQ4MDEwODYyMTUx._OU5ZuOAXSe7T-hiv5QWGHhBUOZGQ0Os36FbXE6SNb8g.rK78pz484fqGl5UHZLY0PxsIIsrJI3fX0oxSPhh4I0wg.JPEG/1748002574804.jpg.jpg?type=w1500_60_sharpen"", ""https://pup-review-phinf.pstatic.net/MjAyNTA1MjNfODUg/MDAxNzQ4MDEwODYzNDMx.Kw1-XrGcCMVsde-wmH-bR3B_XKowkbmJHp920DOAtN0g.GNHf6Hb8YL6uhm3tt8HvYmI617aWTM9eQWsvth5FJgQg.JPEG/1748002579924.jpg.jpg?type=w1500_60_sharpen"", ""https://pup-review-phinf.pstatic.net/MjAyNTA1MjNfMjcx/MDAxNzQ4MDEwODY0MjAx.aB0OkZtri9ABEN1uYHBMPoYgl5hdf_lrZosZd4sfHcwg.ArW-h1qBaaWrco5pREeJMKRpVslurk-7OgV9IROtC2Eg.JPEG/1748002588222.jpg.jpg?type=w1500_60_sharpen"", ""https://pup-review-phinf.pstatic.net/MjAyNTA1MjNfOTgg/MDAxNzQ4MDEwODY1MDQ1.D20KLdqManmx8IjXZBQo3freMaSjAsglHKtz8peCb9Eg.7HmLCvzKTy-l2sg3Vg2u7b96S8F_Bg7kN8aPTjQwCYIg.JPEG/1748002572197.jpg.jpg?type=w1500_60_sharpen"", ""https://pup-review-phinf.pstatic.net/MjAyNTA1MjNfMTEg/MDAxNzQ4MDEwODY1MDY2.SqAlPEZ3swHV0TX9h0Z8o855g03hSXsS0ASxRpjJEMwg.52QiPByNVoQ-RkDYszG_N68ROhxscKCWmecISi9XUEwg.JPEG/1748002604339.jpg.jpg?type=w1500_60_sharpen"", ""https://pup-review-phinf.pstatic.net/MjAyNTA1MjNfMjcw/MDAxNzQ4MDEwODY1Njkz.yFEv435csEACwBf62ekQrmj3agxTfGNtG0-9Pl1nV34g.r6emi9Cpc2gqtCSg7w5fAtCTE-VjDo_1Rh4b6zgG8jUg.JPEG/1748002609122.jpg.jpg?type=w1500_60_sharpen"", ""https://pup-review-phinf.pstatic.net/MjAyNTA1MjNfMjk3/MDAxNzQ4MDEwODY1ODIz.maWQyWpyzR3sbb_9iwU2maX-Y3jjcVQV6veiUW2oVrog.gEzzAliIYHeJS4aZzly8bfTnLLt6_vkLdclO35I290Ug.JPEG/1748002606575.jpg.jpg?type=w1500_60_sharpen"", ""https://pup-review-phinf.pstatic.net/MjAyNTA1MjNfMTY2/MDAxNzQ4MDEwODY2MzYx.V4-9mcCwWeecD-hV2QLmrfwETwlv8dcfynMsuuzAT88g.8s8kW6-k9adqBh24RFkrdWiC9a2kJiT2kG98YAWMqn0g.JPEG/1748002591491.jpg.jpg?type=w1500_60_sharpen"", ""https://pup-review-phinf.pstatic.net/MjAyNTA1MjNfMjQ1/MDAxNzQ4MDEwODY3Mjg3.FDL9Kd4MtRSSfX4af0GTmcLhmUeroWOs9iSwSdebJRog.D_6OhVQ_a3-w1Hmoc8Zq2RW0kG3dWtYkf31IDfq2J6wg.JPEG/1748002618784.jpg.jpg?type=w1500_60_sharpen"", ""https://pup-review-phinf.pstatic.net/MjAyNTA1MjNfODUg/MDAxNzQ4MDEwODY3MzU4.AZo4cfG90CIlc-C3gbOMtaoTx4J_1cRYXgbF69Q_46sg.9IIjBsl7c31jBWzF-GSOxLC3IQCU7qxshNNaH2WmiKEg.JPEG/1748002625691.jpg.jpg?type=w1500_60_sharpen"", ""https://pup-review-phinf.pstatic.net/MjAyNTA1MjNfMjc4/MDAxNzQ4MDEwODY4MDkw.mJ2vpbrf2wTld4dDXpYZSIeKNBtfxZzGVSK8GadErLMg.fp1mnae6r0TPdKXfCABEHnw9n10aiKtVVZwes1-iTUcg.JPEG/1748002630493.jpg.jpg?type=w1500_60_sharpen"", ""https://pup-review-phinf.pstatic.net/MjAyNTA1MjNfMjgz/MDAxNzQ4MDEwODY4MzAz.1bPHrWhcdDguuiCdcmVSTtwfQ2pwm96wTP_24JgZWfog.jX8Ij9H8A8neRwtY4Z0_L-dvQdVSB5ZsFpwWf1P1-Fsg.JPEG/1748002637202.jpg.jpg?type=w1500_60_sharpen"", ""https://pup-review-phinf.pstatic.net/MjAyNTA1MjNfMjA1/MDAxNzQ4MDEwODY4NDUx.OM1-VsibR3Me9bOusjG87vKNvNj3Sch519dluj2MDtcg.NyeBQfeZQUgVBo_RApwGHp3hgRupTGFqLmt5yfLYGAog.JPEG/1748002633093.jpg.jpg?type=w1500_60_sharpen""]",3,"[""음식이 맛있어요"", ""재료가 신선해요"", ""뷰가 좋아요"", ""친절해요"", ""특별한 날 가기 좋아요""]",,true,2026-09-01T06:01:17+00:00,naver_쿠치나마리오_20260901T055008Z#1
naver,쿠치나마리오,1401139141,https://pcmap.place.naver.com/restaurant/1401139141/review/visitor,688c2d29eb43c935899d0549,예민한 포메,bo9Kn,https://m.place.naver.com/my/5decf9dd8f87a842bcd9634c/review?v=2,,"일모카드 50%할인되고 맛있고 재료가 풍부해서 에버 갈때마다 찾는 곳이에요
한켠에 판매가능한 상품이 전시되어 있어 음식 기다릴때 지루하지 않게 구경할 수 있어서 좋았어요",2025-08-01,2025-06-14,3,3,"[""https://pup-review-phinf.pstatic.net/MjAyNTA4MDFfMjQx/MDAxNzU0MDE3MDYzNjYz.AiUPs9X6WLDjkIVf-uhYSzYBkQMbw69ThIWBZH0RG9Mg.k5rwZuSQoIybbWEB1ienYat8rVyqE5_STzY2TVwimWgg.JPEG/20250614_142131.jpg.jpg?type=w1500_60_sharpen"", ""https://pup-review-phinf.pstatic.net/MjAyNTA4MDFfMjk3/MDAxNzU0MDE3MDYzOTQw.I4XHqWfER5dk6IH77QqbE0bJ0LiE4HUVhNDACjxBdeQg.8OLvbJX_JI1YJiLgTb474zoEMePKJTWzXxLAx-YlEOgg.JPEG/20250614_140812.jpg.jpg?type=w1500_60_sharpen"", ""https://pup-review-phinf.pstatic.net/MjAyNTA4MDFfNTQg/MDAxNzU0MDE3MDYzNjg2.1AXjKHm3mf3BBfwqyzQWUTssmq814xKkhBH2td_Zt-sg.u-cVE0cbhKmXV1FYNQslKxu1z2duNVewmjULKownRiwg.JPEG/20250614_140822.jpg.jpg?type=w1500_60_sharpen""]",0,"[""음식이 맛있어요"", ""재료가 신선해요"", ""양이 많아요"", ""가성비가 좋아요"", ""인테리어가 멋져요""]",,true,2026-09-01T06:01:17+00:00,naver_쿠치나마리오_20260901T055008Z#2
naver,쿠치나마리오,1401139141,https://pcmap.place.naver.com/restaurant/1401139141/review/visitor,6825246894ae8c17a41f9c72,gio07,20zmo,https://m.place.naver.com/my/5ee5f4de8f87a842bc7f12bb/review?v=2,,좋아요.,2025-05-15,2025-05-10,1,,,0,"[""음식이 맛있어요""]",,true,2026-09-01T06:01:17+00:00,naver_쿠치나마리오_20260901T055008Z#3
naver,쿠치나마리오,1401139141,https://pcmap.place.naver.com/restaurant/1401139141/review/visitor,6700a9607ce7e234f83f88c0,꼬다봐,1djas,https://m.place.naver.com/my/5eff4b262b86491bc1c88e81/review?v=2,,"테이블 벨이 없어  직원들 부를때 불편합니다
크림스파게티 맛있고 피자는  고르곤졸라 피자가 맛  있음  새로운 콘스위트포테이토  피자 먹어 봤는데  별로임 콘에서 아무맛도 않납니다",2024-10-05,2024-10-04,1,7,"[""https://pup-review-phinf.pstatic.net/MjAyNDEwMDVfMjc5/MDAxNzI4MDk2NTkzNzI3.JKaI5mwdrJoahv1hWL5SO1Ia65ediMEE0LUNPumV-asg.Z0ujzZLdVyupEX-KjZOxgFGAu26NKT6qFWRuSPq_ZGwg.JPEG/1000042126.jpg.jpg?type=w1500_60_sharpen"", ""https://pup-review-phinf.pstatic.net/MjAyNDEwMDVfMTc3/MDAxNzI4MDk2NTk5MDg5.ZVClPQ09ucvuomy39TpPiaMptjQh5E9W5A_qGrPj_k0g.WgH7UiJLoX_kgNzlman5FFv0JKA6rq0u3x-8bTZTne4g.JPEG/1000042125.jpg.jpg?type=w1500_60_sharpen"", ""https://pup-review-phinf.pstatic.net/MjAyNDEwMDVfOTEg/MDAxNzI4MDk2NjA2Mzkz.5Ig1vlxP4jz7aiOKTrtzm-B7qWot6L1PKPgZucR7S5cg.AgI29cAPoZxqYK6eQ-TTkimYjZLUcOAPNamj2v2xSVog.JPEG/1000042124.jpg.jpg?type=w1500_60_sharpen"", ""https://pup-review-phinf.pstatic.net/MjAyNDEwMDVfMTE5/MDAxNzI4MDk2NjA1ODQ3.ELpdSQT-DiqJCLkmJ6p99SY47fG67BD9gieKW3yp26Ig.Eg8T_r8Z0YgOzH40OmWzNOKeJf-FD7--zhfcARL7jacg.JPEG/1000042123.jpg.jpg?type=w1500_60_sharpen"", ""https://pup-review-phinf.pstatic.net/MjAyNDEwMDVfNjIg/MDAxNzI4MDk2NjA2MzUx.JYBjaOTG85GwJwz1Csb9uxPc9dpZF0LubSplY3sP08Ug.ZlkLFB91rIOf-qSZH4Nf6x5PDkiK6HQsRghQCqyOFq0g.JPEG/1000042122.jpg.jpg?type=w1500_60_sharpen"", ""https://pup-review-phinf.pstatic.net/MjAyNDEwMDVfMjY2/MDAxNzI4MDk2NjA2Njcz.ak8jmFaZp7pDco_VGCMu11dd08V6pCiV_Qw2CYrEGUMg.0nWVUEEHhWolDxYK8Y92sCG1q6Z_zkBh4qQZD-MBP94g.JPEG/1000042121.jpg.jpg?type=w1500_60_sharpen"", ""https://pup-review-phinf.pstatic.net/MjAyNDEwMDVfMjUw/MDAxNzI4MDk2NjA1MDc1.JwqMVxxFNpoJEPg033HienS8q4zD6lMumjBc7FTeMmYg.NGz0cHkZUXS4wLoNjzha1xVuGJ4nIXB-_9GzMOm14Nsg.JPEG/1000042120.jpg.jpg?type=w1500_60_sharpen""]",1,"[""음식이 맛있어요"", ""매장이 넓어요""]",,true,2026-09-01T06:01:17+00:00,naver_쿠치나마리오_20260901T055008Z#4
naver,쿠치나마리오,1401139141,https://pcmap.place.naver.com/restaurant/1401139141/review/visitor,664ec103575f5246394b08c6,Sunny911,2rYPX,https://m.place.naver.com/my/5cedf1c4a60744ea759942f5/review?v=2,,"꺄악♡에버랜드 방문할 때마다 오는 거 같아요♡
맛집 인정^~^)/날좋은 오늘은 대기 1시간이상 걸려서 입장했어요!그래도 포기 못하죠♡",2024-05-23,2024-05-23,1,13,"[""https://pup-review-phinf.pstatic.net/MjAyNDA1MjNfMTA3/MDAxNzE2NDM3MjQxODI1.DBfA3Xdy268tUCUzB4YLLdxraDKlplvX8tYMaVUYwfIg.hbbPoS5rfdDUzD21LNs9JGmdPn8BwpXM4Fg-bhooEoUg.JPEG/20240523_095408.jpg.jpg?type=w1500_60_sharpen"", ""https://pup-review-phinf.pstatic.net/MjAyNDA1MjNfMTUz/MDAxNzE2NDM3MjQ5NjQx.1z6JXtdRwyG3uD9TcQZtQ9q3vCU1ON07Bp8w3p5jVfAg.hNfkpuDczctG3TC898GBLcFOeYd-uaGclAFBGHFk3NMg.JPEG/20240523_130445.jpg.jpg?type=w1500_60_sharpen"", ""https://pup-review-phinf.pstatic.net/MjAyNDA1MjNfMTQ5/MDAxNzE2NDM5NTk5Mjc3.oiLV5eneWaIwAUlx4KSY72W9Qr9OSFfvTRM-tOuXbZIg.EEqNkKm8H0uzaGGW_fXv-2l2mnaFvKVKIR2-z8fV6Egg.JPEG/20240523_132013.jpg.jpg?type=w1500_60_sharpen"", ""https://pup-review-phinf.pstatic.net/MjAyNDA1MjNfMTIy/MDAxNzE2NDM5NTk5MjM1.WDEvq_3hjChJgRWZQs2GlFwe-Y88ID1NA1Z4tDdih8Qg.LQTX-TIy40cw_SfCSTbP-o47EwbKJmjrSdh-DuIkFt0g.JPEG/20240523_132144.jpg.jpg?type=w1500_60_sharpen"", ""https://pup-review-phinf.pstatic.net/MjAyNDA1MjNfMTQz/MDAxNzE2NDM5NTk5NDQy.ld2ljB7Z5ynk7N9Jb5b6Yl0pNsgp0yMp-m74QbNHY9cg.gpiCgvoqfp8ekI-JvSNEa3Zrnp-9ykTBpbyoV7jYDlog.JPEG/20240523_131644.jpg.jpg?type=w1500_60_sharpen"", ""https://pup-review-phinf.pstatic.net/MjAyNDA1MjNfMTIg/MDAxNzE2NDM5NTk5NDgz.aeepN2rdOgdGMEjHcYUL1rLXFoncYqe3fEHQrZ9N6zMg.Xx8700wE3LblgZHBIRnpLf3M0Og-h-PoShgn5lX_cRYg.JPEG/20240523_131647.jpg.jpg?type=w1500_60_sharpen"", ""https://pup-review-phinf.pstatic.net/MjAyNDA1MjNfNjMg/MDAxNzE2NDM5NTk5NTc1.820VXuu7Kxeg48kb_sF5XymghiqgHumj6sTC5ezCy4sg.6KdF8tPpHioEf3u7XnxO1huXzsa4j7TqQsywAzTQi8Eg.JPEG/pic_20240523_130821.jpg.jpg?type=w1500_60_sharpen"", ""https://video-phinf.pstatic.net/20240523_74/1716439602366OCYVg_JPEG/u9cRlCPOTr_03.jpg"", ""https://pup-review-phinf.pstatic.net/MjAyNDA1MjNfMTcw/MDAxNzE2NDM5NjAwNzQ3.s9pNIWPA37Sj39QoIXf7uuCYwInwHpnlKedv578TT7Mg.SZTFSgRllT57B1DZP9iuK1EpAD-5FrNOnd6FzVUKIj0g.JPEG/20240523_131942.jpg.jpg?type=w1500_60_sharpen"", ""https://pup-review-phinf.pstatic.net/MjAyNDA1MjNfMjQw/MDAxNzE2NDM5NjAwODU5.1qKN-Db6045mKF5FVD7rDdxCfJflimbzzklhH3b3p9sg.200q10MgzwCI-OcgUJLjMJAGZsU257XUIsuAEwRhNmUg.JPEG/20240523_134111.jpg.jpg?type=w1500_60_sharpen"", ""https://pup-review-phinf.pstatic.net/MjAyNDA1MjNfMTgw/MDAxNzE2NDM5NjAwODky.3KN-7nFhyP9r5QD-vw88uczEqRlpC0Y49MtMp3n9PfIg.2WPQhV9feZkY7THn15GYXyZTgAnO9B93-a29rkzOIocg.JPEG/20240523_134100.jpg.jpg?type=w1500_60_sharpen"", ""https://pup-review-phinf.pstatic.net/MjAyNDA1MjNfMTg4/MDAxNzE2NDM5NjAxMDMy.wOi5tvgxSn36mv_Rf_bHFZQehahmv0VojOGFGv6vpTcg.Qcd0s6N7bWws91qRk4czYx3ev12EJNQFBt3fW1psWhIg.JPEG/20240523_130445.jpg.jpg?type=w1500_60_sharpen"", ""https://pup-review-phinf.pstatic.net/MjAyNDA1MjNfMjg4/MDAxNzE2NDM5NjAxNzI3.fJjCRzx3TyST3JSEjaTcHZFABDylDhD5hW4TMvSZkIMg.iuNzHviAZVl3F9OORZTBFuR-hWuwmL85U87ZJzPSG2gg.JPEG/20240523_120900.jpg.jpg?type=w1500_60_sharpen""]",1,"[""음식이 맛있어요"", ""재료가 신선해요"", ""가성비가 좋아요"", ""매장이 넓어요"", ""친절해요""]",,true,2026-09-01T06:01:17+00:00,naver_쿠치나마리오_20260901T055008Z#5
naver,쿠치나마리오,1401139141,https://pcmap.place.naver.com/restaurant/1401139141/review/visitor,671e24016c4bc2de2f348566,해와달과별과바람,Axyb,https://m.place.naver.com/my/5eb78bc78f87a842bcd86002/review?v=2,,맛있어요~~ ^^,2024-10-27,2024-10-27,1,3,"[""https://pup-review-phinf.pstatic.net/MjAyNDEwMjdfMjc4/MDAxNzMwMDI4NTQ0Mjg5.E6mKws7u5r086_-ORuKLBRJa-4IOge7G4LcU0D0-vGAg.-hJqJKMQ03WfJagL_nLOcWjuRdLayxB12cdrvIYaxAYg.JPEG/1000017583.jpg.jpg?type=w1500_60_sharpen"", ""https://pup-review-phinf.pstatic.net/MjAyNDEwMjdfMzkg/MDAxNzMwMDI4NTQ0Nzc3.Y1DPHwT5crbZvxHk1j6NAnwCbh_CfC0hJcxiWEqW4_Ug.1oh1UjPzZJCUY6STJXau6bSOJzHHWvNWq1l5yJKs4HAg.JPEG/1000017582.jpg.jpg?type=w1500_60_sharpen"", ""https://pup-review-phinf.pstatic.net/MjAyNDEwMjdfNyAg/MDAxNzMwMDI4NTQ0MzQw.9uw2NMXmCsZNmsdd85rGlkQEeHB9CNjCfsWMo-j8n44g.sRRAjG7qc8VQkghhyOWLLUhp9muJwPcH0g_nIYyrAbog.JPEG/1000017581.jpg.jpg?type=w1500_60_sharpen""]",0,"[""음식이 맛있어요""]",,true,2026-09-01T06:01:17+00:00,naver_쿠치나마리오_20260901T055008Z#6
naver,쿠치나마리오,1401139141,https://pcmap.place.naver.com/restaurant/1401139141/review/visitor,67499981a52133b45e5bd6e3,캬라멜54,1mViT,https://m.place.naver.com/my/5c37e9f4b8f8b595e98637d3/review?v=2,,굿,2024-11-29,2024-10-24,1,1,"[""https://pup-review-phinf.pstatic.net/MjAyNDExMjlfNjQg/MDAxNzMyODc2NjcyODY0.Jif2bAYEsnjzWeecC0Y2FViBLvMRofzJwwR0AgnV4o0g.0f-BSjhvuocUGgbQYztMN_MYsY_w4G8l4GLegUyIdTIg.JPEG/1000030220.jpg.jpg?type=w1500_60_sharpen""]",0,"[""음식이 맛있어요""]",,true,2026-09-01T06:01:17+00:00,naver_쿠치나마리오_20260901T055008Z#7
naver,쿠치나마리오,1401139141,https://pcmap.place.naver.com/restaurant/1401139141/review/visitor,6743073c2a90991b75829535,JG_정재길,2DJUP,https://m.place.naver.com/my/5b9b3ee5f28595e6b5808a60/review?v=2,,굿,2024-11-24,2024-10-24,1,1,"[""https://pup-review-phinf.pstatic.net/MjAyNDExMjRfMjY0/MDAxNzMyNDQ2MDExNjYy.4KwRPGM2q29P3mwVq6rSXyTxqs5i3alSPNg0vprqGT8g.qoOydesHcsXuTdCb6xzmEqE7ylfplnA97iJcn8_Ggt4g.JPEG/1000008102.jpg.jpg?type=w1500_60_sharpen""]",0,"[""음식이 맛있어요""]",,true,2026-09-01T06:01:17+00:00,naver_쿠치나마리오_20260901T055008Z#8
naver,쿠치나마리오,1401139141,https://pcmap.place.naver.com/restaurant/1401139141/review/visitor,6608ba89c8a8b24fb29dfeff,와다다v,1LFlr,https://m.place.naver.com/my/5badf6911c3043313e0844ea/review?v=2,,"저녁 6시쯤 도착했는데 20분쯤 대기한 것 같아요. 엄청 특별한 맛은 아니지만 테마파크에서 먹을 수 있는 음식에서는 매우 훌륭한 맛이었고, 간이  부담스럽지 않아서 먹기 좋았어요 😃",2024-03-31,2024-03-30,1,3,"[""https://pup-review-phinf.pstatic.net/MjAyNDAzMzFfMjQ0/MDAxNzExODQ4MDcyMjg2.tWQxgsNIEAoAZrvzFjG_iFCz27sBmFAS-T_qHMbEhXgg.q5ez9kobf0jeAgAgVa5P7cfVkp7AO5FhZncfSDxBY7cg.JPEG/20240330_191749.jpg.jpg?type=w1500_60_sharpen"", ""https://pup-review-phinf.pstatic.net/MjAyNDAzMzFfMjQx/MDAxNzExODQ4MDcyMzM3.yRpMa94VuYj4u5SM9-1UbUawrRlNYjY-5r_ciOZNSp4g.uWpvvFEkLPN5wElnhVgiPOX1BL14iNV3849ZbsfyZWYg.JPEG/20240330_191734.jpg.jpg?type=w1500_60_sharpen"", ""https://pup-review-phinf.pstatic.net/MjAyNDAzMzFfODQg/MDAxNzExODQ4MDcyMjc2.dRpWHwB_9ob4YuaQlNvHvdOlo3byxSrxTF-ABIHhbCgg.Q9lOir-lOmOTdpBj3nw10LxFTBb_lOCERl2cVERB-uog.JPEG/20240330_191404.jpg.jpg?type=w1500_60_sharpen""]",13,"[""음식이 맛있어요"", ""매장이 넓어요""]",,true,2026-09-01T06:01:17+00:00,naver_쿠치나마리오_20260901T055008Z#9
naver,쿠치나마리오,1401139141,https://pcmap.place.naver.com/restaurant/1401139141/review/visitor,6a140be1b2250017f7ae753c,오늘도둥글게,qFPq,https://m.place.naver.com/my/5c34b49843ecc2dd59ca9a38/review?v=2,5.0,,,2026-05-25,1,,,0,"[""특별한 메뉴가 있어요""]",,true,2026-09-01T06:01:17+00:00,naver_쿠치나마리오_20260901T055008Z#10
naver,쿠치나마리오,1401139141,https://pcmap.place.naver.com/restaurant/1401139141/review/visitor,689d56d74f040963dd6baa03,나나야 85,duuIL,https://m.place.naver.com/my/6065820855190fb38d4977dd/review?v=2,,,,2025-08-14,1,,,0,"[""인테리어가 멋져요"", ""뷰가 좋아요"", ""사진이 잘 나와요"", ""음악이 좋아요"", ""친절해요""]",,true,2026-09-01T06:01:17+00:00,naver_쿠치나마리오_20260901T055008Z#11
naver,쿠치나마리오,1401139141,https://pcmap.place.naver.com/restaurant/1401139141/review/visitor,67eb61162177ae1dfe6df3b5,lvj****,4sffc,https://m.place.naver.com/my/5efe1287bd26bdc9a0688a6e/review?v=2,,,,2025-03-27,1,,,0,"[""음식이 맛있어요""]",,true,2026-09-01T06:01:17+00:00,naver_쿠치나마리오_20260901T055008Z#12
naver,쿠치나마리오,1401139141,https://pcmap.place.naver.com/restaurant/1401139141/review/visitor,66e8380b2fbf62c82ace2bda,kkkkk2727,3arfP,https://m.place.naver.com/my/5b9b71356f49170274dde9ab/review?v=2,,,,2024-09-16,1,,,0,"[""뷰가 좋아요""]",,true,2026-09-01T06:01:17+00:00,naver_쿠치나마리오_20260901T055008Z#13
naver,쿠치나마리오,1401139141,https://pcmap.place.naver.com/restaurant/1401139141/review/visitor,666d9a7b72297b12b1ea8302,nnyeoujj,15Td4,https://m.place.naver.com/my/5d3466781d2c5b798293bff1/review?v=2,,,,2024-06-12,1,,,0,"[""매장이 넓어요"", ""음식이 맛있어요""]",,true,2026-09-01T06:01:17+00:00,naver_쿠치나마리오_20260901T055008Z#14
naver,쿠치나마리오,1401139141,https://pcmap.place.naver.com/restaurant/1401139141/review/visitor,663c4b64dcb1f93d86e0a9f6,bibobibobibo,3izBu,https://m.place.naver.com/my/5cd1639d8f87a842bc436ffd/review?v=2,,,,2024-05-01,1,,,0,"[""뷰가 좋아요""]",,true,2026-09-01T06:01:17+00:00,naver_쿠치나마리오_20260901T055008Z#15
naver,쿠치나마리오,1401139141,https://pcmap.place.naver.com/restaurant/1401139141/review/visitor,66134e560c669ab7397450c8,agadaroh,wTKj,https://m.place.naver.com/my/5fc04e4456d68ef939467c33/review?v=2,,,,2024-04-07,1,,,0,"[""음식이 맛있어요"", ""재료가 신선해요"", ""뷰가 좋아요""]",,true,2026-09-01T06:01:17+00:00,naver_쿠치나마리오_20260901T055008Z#16
naver,쿠치나마리오,1401139141,https://pcmap.place.naver.com/restaurant/1401139141/review/visitor,663784fda58ab06da6353aa5,동동이D,bXsyO,https://m.place.naver.com/my/61ec9da7b22a0f949d6581a3/review?v=2,,,,2024-04-26,1,,,0,"[""음식이 맛있어요"", ""재료가 신선해요"", ""양이 많아요""]",,true,2026-09-01T06:01:17+00:00,naver_쿠치나마리오_20260901T055008Z#17
naver,쿠치나마리오,1401139141,https://pcmap.place.naver.com/restaurant/1401139141/review/visitor,65c5b4c9f422bc6a7898a33b,045****,2zS8N,https://m.place.naver.com/my/5b6a73f219680a437e96b79f/review?v=2,,,,2024-02-09,1,,,0,"[""음식이 맛있어요""]",,true,2026-09-01T06:01:17+00:00,naver_쿠치나마리오_20260901T055008Z#18
naver,쿠치나마리오,1401139141,https://pcmap.place.naver.com/restaurant/1401139141/review/visitor,65d0493aace048b6ced90b2c,달토끼토끼야어디를가느냐,J78W,https://m.place.naver.com/my/5e1ed29a8f87a842bce6f5e4/review?v=2,,,,2024-02-17,1,,,0,"[""음식이 맛있어요"", ""재료가 신선해요"", ""매장이 청결해요"", ""친절해요""]",,true,2026-09-01T06:01:17+00:00,naver_쿠치나마리오_20260901T055008Z#19
naver,쿠치나마리오,1401139141,https://pcmap.place.naver.com/restaurant/1401139141/review/visitor,6665c5026aec0c4382facdcc,딤플스타,2mD0d,https://m.place.naver.com/my/5f0672b09127dcb4fc6822c1/review?v=2,,양송이스프가 맛있었어요. 직원분들이 영혼 없이 근무하는듯..  에버랜드 내에 있는 식당이라 그런지..,2024-06-10,2024-06-07,1,,,0,"[""음식이 맛있어요""]",,true,2026-09-01T06:01:17+00:00,naver_쿠치나마리오_20260901T055008Z#20
naver,쿠치나마리오,1401139141,https://pcmap.place.naver.com/restaurant/1401139141/review/visitor,666393b68dfee52745d69d9e,yun****,dLQ04,https://m.place.naver.com/my/61d180b20e74e646cd7197e2/review?v=2,,ㅎㅎ,2024-06-08,2024-06-04,1,,,0,,,true,2026-09-01T06:01:17+00:00,naver_쿠치나마리오_20260901T055008Z#21
naver,쿠치나마리오,1401139141,https://pcmap.place.naver.com/restaurant/1401139141/review/visitor,66d54e39bce7805c89c7dcc4,pw****,3GhA6,https://m.place.naver.com/my/5d8021fb8f87a842bc734d99/review?v=2,,,,2024-05-02,1,,,0,"[""음식이 맛있어요""]",,true,2026-09-01T06:01:17+00:00,naver_쿠치나마리오_20260901T055008Z#22
naver,쿠치나마리오,1401139141,https://pcmap.place.naver.com/restaurant/1401139141/review/visitor,65fe9e963cad8f020ae43e79,dkdlddldia12,5trTj,https://m.place.naver.com/my/5ca3174a6fdb6f204e372e43/review?v=2,,,,2024-03-23,1,,,0,"[""아늑해요""]",,true,2026-09-01T06:01:17+00:00,naver_쿠치나마리오_20260901T055008Z#23
naver,홀랜드빌리지,1081318402,https://pcmap.place.naver.com/restaurant/1081318402/review/visitor,6a14410e4664a80b5e7a9e06,업타운걸,1D0J1,https://m.place.naver.com/my/5c14b6a40227873ed3b575f2/review?v=2,4.0,에버랜드에서 2끼를 먹었는데 음식이 좀 비싸지만 맛있네요.날미 더워서 그런가 맥주가 맛있었습니다. 둥지 떡볶기도 함박도 맛있었어요.,2026-05-25,2026-05-23,1,2,"[""https://pup-review-phinf.pstatic.net/MjAyNjA1MjVfMjkw/MDAxNzc5NzEyMjY4NTc2.RmbBEkxwST6nsu9d16jfZFwhN47baXNZbK-3EF3fgkkg.lQBqTtfQNeHfQQfywwKRcjk8sVtF5hHSCh-hcjy6qSwg.JPEG/20260523_142423.jpg.jpg?type=w1500_60_sharpen"", ""https://pup-review-phinf.pstatic.net/MjAyNjA1MjVfMjE0/MDAxNzc5NzEyMjY4NTEy.dujgmM9JdojUAaAP3zXkanMCKAOVa8AfjfBAPPPQgR0g.AYuPM8qtZz9w07Rjn-vnce1G4BVU_nV6YT1jGC76KaMg.JPEG/20260523_142325.jpg.jpg?type=w1500_60_sharpen""]",0,"[""음식이 맛있어요"", ""야외공간이 멋져요"", ""오래 머무르기 좋아요""]",,true,2026-09-01T06:03:14+00:00,naver_홀랜드빌리지_20260901T055008Z#0
naver,홀랜드빌리지,1081318402,https://pcmap.place.naver.com/restaurant/1081318402/review/visitor,69d439e9518cfec056df42cc,two****,4VC6t,https://m.place.naver.com/my/5cc280bbbed631ac041d486a/review?v=2,4.0,애버랜드 산책하다 식사로도 안주로도 좋은 메뉴가 있어  맛좋다는 독일 맥주로 갈증과 시장기 달래기 좋은 곳,2026-04-07,2026-04-06,2,1,"[""https://pup-review-phinf.pstatic.net/MjAyNjA0MDdfMjM4/MDAxNzc1NTE2MTM1MzY2.T8HvUDilk6tHJ6Io4HD7s41Oxrm5FsbIL_EhUCXNZe4g.APGVFAkkqTOoTKL--xJrlPGZ787uD6KHLDR70F-hMJAg.JPEG/20260406_141117.jpg.jpg?type=w1500_60_sharpen""]",0,"[""음식이 맛있어요"", ""매장이 넓어요"", ""친절해요"", ""화장실이 깨끗해요""]",,true,2026-09-01T06:03:14+00:00,naver_홀랜드빌리지_20260901T055008Z#1
naver,홀랜드빌리지,1081318402,https://pcmap.place.naver.com/restaurant/1081318402/review/visitor,69db59d252f843d8ad03f5d1,꽉그냥,ycqm,https://m.place.naver.com/my/5d9a7f3c8f87a842bcf1d600/review?v=2,4.0,"맥주랑 먹으니깐 맛나네요
한산하고 좋네요  맛도 나름 겐찮네요
비싸긴해서 값을하네요~~^^
먹고 5시간동안 돌아다니니 소화다되네요ㅋ",2026-04-12,2026-04-12,1,9,"[""https://pup-review-phinf.pstatic.net/MjAyNjA0MTJfMTU5/MDAxNzc1OTgzMDU2NTEx.m8TO4hzv4BMYGH8RccTqY6ibNBJ4eVXfwigA7afcWK0g.tHImDUAas2z5__hQDt9dAb1MTWNfHSlTtUYqu4hHN60g.JPEG/20260412_122647.jpg.jpg?type=w1500_60_sharpen"", ""https://pup-review-phinf.pstatic.net/MjAyNjA0MTJfMTkw/MDAxNzc1OTgzMDU2MTAw.GOxzxwDEyJ9Wvx2wzmQYinCordXEnlHbGmzeGdzlFF8g.GMIsX21Mp6T7SWqGeZ6ceM_mh61_destgiUe4dVIphIg.JPEG/20260412_122644.jpg.jpg?type=w1500_60_sharpen"", ""https://pup-review-phinf.pstatic.net/MjAyNjA0MTJfMTM4/MDAxNzc1OTgzMTg2NjI0.vYcfNuRRqtoL4rnfwtGumONIe6rlKesJ96rDNU62XO8g.3baENIzSO6FGNOnQXoMs8sWps3nbcBEmhwIsYMHE1Lgg.JPEG/20260412_121208.jpg.jpg?type=w1500_60_sharpen"", ""https://pup-review-phinf.pstatic.net/MjAyNjA0MTJfMjYz/MDAxNzc1OTgzMTg2ODI2.8dOs-KUdhp5cwP4lbEdS8tc5GVGJHfDjk9V6YQiE15og.A1EZ4TmZujcaF78K_hh5Y5y_n2XBzVFnKCkxOlzGDNsg.JPEG/20260412_115855.jpg.jpg?type=w1500_60_sharpen"", ""https://pup-review-phinf.pstatic.net/MjAyNjA0MTJfMTM2/MDAxNzc1OTgzMTg3MzY0.Dp2lupwXC1AwFRbzWtkyG7Dhgc7G-s3cxQYCMqbqEZog.kD4MBnHjTj3dg3JbWRl1GF1UGbRnuMER6EXWxSc4Tz4g.JPEG/20260412_120949.jpg.jpg?type=w1500_60_sharpen"", ""https://pup-review-phinf.pstatic.net/MjAyNjA0MTJfNDAg/MDAxNzc1OTgzMTg2OTcz.lyDzLTlYURI13r7L3UJI7J-9HVJuPTLwna5Ajjpk27Ug.Kh-_PaWbhqSwAg_AZIGP5TN36qrhrgDDwFpk6es0NW0g.JPEG/20260412_120921.jpg.jpg?type=w1500_60_sharpen"", ""https://pup-review-phinf.pstatic.net/MjAyNjA0MTJfMjk5/MDAxNzc1OTgzMTg2MDk4.ZD6CRVwRf7R14ejM2j-EfFlam1ItDwY5trwhkRDfm7sg.4TO-k5wku5e0-bnMqxPUzLU5gucuTvy74qFEHidyMacg.JPEG/20260412_142319.jpg.jpg?type=w1500_60_sharpen"", ""https://pup-review-phinf.pstatic.net/MjAyNjA0MTJfMTcx/MDAxNzc1OTgzMTg4MjI1.vjw35mgYsKRIA7cigUXV8MNkYZXmtg681s1_cvoJeX8g.uERVu76nNhRFQAf9rfSV6RdGqpVHLG8eiBWb2R_42Lgg.JPEG/20260412_152303.jpg.jpg?type=w1500_60_sharpen"", ""https://pup-review-phinf.pstatic.net/MjAyNjA0MTJfMjI1/MDAxNzc1OTgzMTg4Njgy.2jiQyfzCHcplIijs-qS_bOynDPnwKtCEtsrbbVd9xN4g.t5nXGWzv9VxS0Oeb2IxSvzwj4fUvK9UjNGmoA3SAy7cg.JPEG/20260412_152427.jpg.jpg?type=w1500_60_sharpen""]",0,"[""음식이 맛있어요"", ""친절해요"", ""매장이 청결해요""]",,true,2026-09-01T06:03:14+00:00,naver_홀랜드빌리지_20260901T055008Z#2
naver,홀랜드빌리지,1081318402,https://pcmap.place.naver.com/restaurant/1081318402/review/visitor,69cb42b8716fe0c4f82a3cda,잇50,4KPwh,https://m.place.naver.com/my/5e0dd1228f87a842bc01d590/review?v=2,,"슬로우야드 바베큐 플래터 먹었어요.
성인 2인이 먹기 양이 적당하고 맛있어요!",2026-03-31,2026-03-31,1,1,"[""https://pup-review-phinf.pstatic.net/MjAyNjAzMzFfODMg/MDAxNzc0OTI4NTY2NDc3.hY4BfYYZlct-WCC0eMU5iSCBXmdRkahT-pYEjgQnge0g.ZCNvqx-d1KRcdBoALfz07gnALXsyukhp12OvRcTL0DYg.JPEG/20260331_122012.jpg.jpg?type=w1500_60_sharpen""]",1,"[""음식이 맛있어요""]",,true,2026-09-01T06:03:14+00:00,naver_홀랜드빌리지_20260901T055008Z#3
naver,홀랜드빌리지,1081318402,https://pcmap.place.naver.com/restaurant/1081318402/review/visitor,69fece3f988d32740a5c153c,백팩커 재구언,4a15F,https://m.place.naver.com/my/5d7bbda88f87a842bc23dd8e/review?v=2,5.0,누가 에버랜드 가서 놀이기구 탐? 홀랜드 빌리지에서 맥주 한 잔 마시고 쉬어 주는 게 에버랜드지,2026-05-09,2026-04-23,3,4,"[""https://pup-review-phinf.pstatic.net/MjAyNjA1MDlfMjM0/MDAxNzc4MzA2NjIxNTU3.IcEe13Db5D91GWr_tfBkvlFxGbMRecoexEvWn7gScZ0g.5MhdnDCKuC3QOr2AzCkA91yR1m9UXj6cFlONls6pox0g.JPEG/89A027D9-678A-42C5-91C3-65D4F2477434.jpeg?type=w1500_60_sharpen"", ""https://pup-review-phinf.pstatic.net/MjAyNjA1MDlfMTg0/MDAxNzc4MzA2NjIxMzc2.ov7dy0j6D8iKi9x-f89HRkq6cw45Jeg3CwibRXoijrsg.k0QOOfqM3GVcsQF_6xac5W_U6oSmjWBlP9j7IU32LOsg.JPEG/8A815979-CC98-4403-A7D2-FCFBC3E58396.jpeg"", ""https://pup-review-phinf.pstatic.net/MjAyNjA1MDlfMTYy/MDAxNzc4MzA2NjIxNjMx.isBj3YmDdigawSlWOawmXCObs4NOxa39eg2KvbRkxUsg.Ypndi9dZ4sdM6wKVcctAb3NauNbKgaeNiGp0LvxiqK0g.JPEG/C091D497-B122-4E98-B65C-482267B30872.jpeg?type=w1500_60_sharpen"", ""https://pup-review-phinf.pstatic.net/MjAyNjA1MDlfMTAx/MDAxNzc4MzA2NjIxNDg5.2lktYUShWWhLT18SgZUbRt8PG1Cj3VaQc3Iypii7JUgg.IoVEJH4dwM0slYgmK6HkhE7BoFggmQh9-r-LaVMbXEQg.JPEG/7687DB87-FCA0-48DC-971C-A75DDC5BB2DC.jpeg""]",0,"[""음식이 맛있어요"", ""재료가 신선해요"", ""양이 많아요"", ""인테리어가 멋져요"", ""매장이 넓어요""]",,true,2026-09-01T06:03:14+00:00,naver_홀랜드빌리지_20260901T055008Z#4
naver,홀랜드빌리지,1081318402,https://pcmap.place.naver.com/restaurant/1081318402/review/visitor,69c79caf7bd81cddd2efee69,백팩커 재구언,4a15F,https://m.place.naver.com/my/5d7bbda88f87a842bc23dd8e/review?v=2,,"이제 홀랜드빌리지를 즐길 날씨입니다 여러분✨
가격대가 좀 있지만 그래도 나쁘지 않아요~",2026-03-28,2026-03-27,2,3,"[""https://pup-review-phinf.pstatic.net/MjAyNjAzMjhfMzUg/MDAxNzc0Njg5NDUzNTc5.ktt76Nb2np3WSFuIQ61WFx6juykshr9l5p0U94KXaVsg.Yq2s3bQXkkegALJxOQ8xDK0L4gk2YYKi7KXG4vAqkv0g.JPEG/AAA1CD76-DC94-4271-99F4-34C9774878CB.jpeg"", ""https://pup-review-phinf.pstatic.net/MjAyNjAzMjhfMjk2/MDAxNzc0Njg5NDUzNzk3.a_JDyJgg1X4ZyMVjvpU7vmqhS77bTWrp7F7xuTOlbf0g.ogxv1IMEP4WL30LhL8kgBRcXsEWvwkWj82VR2XtTYu8g.JPEG/BEEF42F6-9E0E-450F-94CB-A4C13410A3A2.jpeg"", ""https://pup-review-phinf.pstatic.net/MjAyNjAzMjhfOTUg/MDAxNzc0Njg5NDUzNTU2.3b3Xz8UDH8uWd23Nh3RDL9LHqYLrXNsXrFABm_UTfKsg.3Wj5Dl4Ybmf5sx7DoyIuak3MfAFi7p7b563U7OmA2FMg.JPEG/8748DBC0-7159-4E21-BF6E-A86E507FC64D.jpeg""]",0,"[""음식이 맛있어요"", ""재료가 신선해요"", ""양이 많아요"", ""특별한 메뉴가 있어요"", ""매장이 넓어요""]",,true,2026-09-01T06:03:14+00:00,naver_홀랜드빌리지_20260901T055008Z#5
naver,홀랜드빌리지,1081318402,https://pcmap.place.naver.com/restaurant/1081318402/review/visitor,69f9ec5c719c88a0eb1d7a02,sol****,2Ezzd,https://m.place.naver.com/my/5d8473098f87a842bcd3383b/review?v=2,5.0,,2026-05-05,2026-05-04,1,1,"[""https://pup-review-phinf.pstatic.net/MjAyNjA1MDVfMTQz/MDAxNzc3OTg2NjUwODc0.17_JaTW5-RYbSxTDO-c4SsB9_n6TgYGc2WW-yYf1n6Qg.qTUZ3vXMS_9m5B_kqIqRNCvpq574X2PWZSz5gBbM9e8g.JPEG/55775.jpg.jpg?type=w1500_60_sharpen""]",0,"[""야외공간이 멋져요""]",,true,2026-09-01T06:03:14+00:00,naver_홀랜드빌리지_20260901T055008Z#6
naver,홀랜드빌리지,1081318402,https://pcmap.place.naver.com/restaurant/1081318402/review/visitor,69c90757ce77dea18e7624ea,올리브43,6OjF,https://m.place.naver.com/my/5f06a2d7200ffc9fb6626d38/review?v=2,,음식이 앗있어요~,2026-03-29,2026-03-26,1,3,"[""https://pup-review-phinf.pstatic.net/MjAyNjAzMjlfMzUg/MDAxNzc0NzgyMjkzNjA1.7_z-6fB4_h5fFe1F0W1Aq3cAFeBIOOu_gkY7JQJsT_og.JJVYXufV8H2OIs5b2-gc2v6HzKUKO3S7n--Bde280gUg.JPEG/20260326_125601.jpg.jpg?type=w1500_60_sharpen"", ""https://pup-review-phinf.pstatic.net/MjAyNjAzMjlfMTUw/MDAxNzc0NzgyMjkzNjk4.u8yLKqanU0ACzU5kmWmkgexeYgZvKMwr0nBlxruPyq0g.LvzztmlP5-FRBvIbQu9YzuxuYw3x1DSrJigafcT88Jog.JPEG/20260326_125556.jpg.jpg?type=w1500_60_sharpen"", ""https://pup-review-phinf.pstatic.net/MjAyNjAzMjlfMTE4/MDAxNzc0NzgyMjkzNzA0.uJN8PYcl-tQRVMkLv-AeXQQzf5Fih-TINWYgdqU_XOcg.XkDUXV1Wp78uuv6wXEwI4GUA2lC8w69QJ125Kb_IjYwg.JPEG/20260326_133304.jpg.jpg?type=w1500_60_sharpen""]",0,"[""음식이 맛있어요"", ""재료가 신선해요"", ""특별한 메뉴가 있어요"", ""친절해요""]",,true,2026-09-01T06:03:14+00:00,naver_홀랜드빌리지_20260901T055008Z#7
naver,홀랜드빌리지,1081318402,https://pcmap.place.naver.com/restaurant/1081318402/review/visitor,691a875c1683be56714e9a58,jja****,1EqM2,https://m.place.naver.com/my/5ccea574cb00bb4aa732c79a/review?v=2,,"3만원의 행복이었어요
평일이라 사람적고 여유를 느끼며 먹었어요",2025-11-17,2025-11-11,1,1,"[""https://pup-review-phinf.pstatic.net/MjAyNTExMTdfNjYg/MDAxNzYzMzQ2MjY2NzY2.xSIfXO9cZR3o9dRq4I398gG83-eJtJThEk7nh2aBfs4g.5GktxmtHHT_YGkAlp03dmM7oCCLleUC0VHghIRXjjBog.JPEG/1000034322.jpg.jpg?type=w1500_60_sharpen""]",0,"[""음식이 맛있어요"", ""특별한 메뉴가 있어요"", ""주차하기 편해요""]",,true,2026-09-01T06:03:14+00:00,naver_홀랜드빌리지_20260901T055008Z#8
naver,홀랜드빌리지,1081318402,https://pcmap.place.naver.com/restaurant/1081318402/review/visitor,68ff1887b6a6017785855be9,반짝2345,3iAxY,https://m.place.naver.com/my/5c0aff5c115ab0a3d151e48d/review?v=2,,메뉴에 성의가 넘 없짜나여,2025-10-27,2025-10-23,1,1,"[""https://pup-review-phinf.pstatic.net/MjAyNTEwMjdfMjEg/MDAxNzYxNTQ4NDIxODk5.n4re5joa_2I0q0Zyh8_dYr4Cjz4BXrqKy0_LIyTbb7Qg.QyJDzi0dHsWHIsgLQ1IbedTGKaSY0pEQMrfQIUtbxj8g.JPEG/A385DB22-D1E9-4078-BAEC-5D0C962354E6.jpeg?type=w1500_60_sharpen""]",0,"[""특별한 메뉴가 있어요"", ""매장이 넓어요""]",,true,2026-09-01T06:03:14+00:00,naver_홀랜드빌리지_20260901T055008Z#9
naver,홀랜드빌리지,1081318402,https://pcmap.place.naver.com/restaurant/1081318402/review/visitor,69c9c10bd32d9c7d6093e43e,luvsr,8zxYJ,https://m.place.naver.com/my/5edbaf218f87a842bc7ce15b/review?v=2,,,,2026-03-13,1,,,0,"[""매장이 넓어요"", ""뷰가 좋아요"", ""음식이 빨리 나와요"", ""아이와 가기 좋아요""]",,true,2026-09-01T06:03:14+00:00,naver_홀랜드빌리지_20260901T055008Z#10
naver,홀랜드빌리지,1081318402,https://pcmap.place.naver.com/restaurant/1081318402/review/visitor,6916a3d15b368752976845a9,없음5638,v97G,https://m.place.naver.com/my/5c681b863bebef289cb7b21a/review?v=2,,,,2025-09-22,1,,,0,"[""음식이 맛있어요"", ""재료가 신선해요""]",,true,2026-09-01T06:03:14+00:00,naver_홀랜드빌리지_20260901T055008Z#11
naver,홀랜드빌리지,1081318402,https://pcmap.place.naver.com/restaurant/1081318402/review/visitor,68502a281a98e7bdfe0195b9,lee****,5gjW9,https://m.place.naver.com/my/5b641f56c790fe54cfa5286c/review?v=2,,,,2025-06-06,1,,,0,"[""음식이 맛있어요""]",,true,2026-09-01T06:03:14+00:00,naver_홀랜드빌리지_20260901T055008Z#12
naver,홀랜드빌리지,1081318402,https://pcmap.place.naver.com/restaurant/1081318402/review/visitor,685159a187f5886538b0c2ea,나나11,5WOLu,https://m.place.naver.com/my/5e3399018f87a842bceba28d/review?v=2,,,,2025-06-04,1,,,0,"[""친절해요""]",,true,2026-09-01T06:03:14+00:00,naver_홀랜드빌리지_20260901T055008Z#13
naver,홀랜드빌리지,1081318402,https://pcmap.place.naver.com/restaurant/1081318402/review/visitor,6847f484e08b2b6413b1c4fd,yukarurururu,8IlhC,https://m.place.naver.com/my/683566fa73736e3dcf172f13/review?v=2,,,,2025-06-03,1,,,0,"[""음식이 맛있어요"", ""뷰가 좋아요"", ""야외공간이 멋져요""]",,true,2026-09-01T06:03:14+00:00,naver_홀랜드빌리지_20260901T055008Z#14
naver,홀랜드빌리지,1081318402,https://pcmap.place.naver.com/restaurant/1081318402/review/visitor,6844ed75663237314389b2dc,신비2076,1gK8Q,https://m.place.naver.com/my/5c04ce3ec03a0d7c55bdf5cc/review?v=2,,,,2025-05-31,1,,,0,"[""가성비가 좋아요""]",,true,2026-09-01T06:03:14+00:00,naver_홀랜드빌리지_20260901T055008Z#15
naver,홀랜드빌리지,1081318402,https://pcmap.place.naver.com/restaurant/1081318402/review/visitor,68a9435fa17da1e7c46a8f50,Nina99,42DYf,https://m.place.naver.com/my/5f062603de46936b67397081/review?v=2,,,,2025-07-11,1,,,0,"[""음식이 맛있어요""]",,true,2026-09-01T06:03:14+00:00,naver_홀랜드빌리지_20260901T055008Z#16
naver,홀랜드빌리지,1081318402,https://pcmap.place.naver.com/restaurant/1081318402/review/visitor,6835a1e143676b31dff1f7c6,히히70,1PYAM,https://m.place.naver.com/my/5efe9b24670bd5c7e121084f/review?v=2,,,,2025-05-07,1,,,0,"[""음식이 맛있어요"", ""재료가 신선해요""]",,true,2026-09-01T06:03:14+00:00,naver_홀랜드빌리지_20260901T055008Z#17
naver,홀랜드빌리지,1081318402,https://pcmap.place.naver.com/restaurant/1081318402/review/visitor,6832bc84851378ec72a2d065,gml****,1s09i,https://m.place.naver.com/my/5f1130139ec8258e4ab152c2/review?v=2,,,,2025-05-21,1,,,0,"[""혼밥하기 좋아요""]",,true,2026-09-01T06:03:14+00:00,naver_홀랜드빌리지_20260901T055008Z#18
naver,홀랜드빌리지,1081318402,https://pcmap.place.naver.com/restaurant/1081318402/review/visitor,67e21c26efde46e204f6fef6,민트모카,2j13X,https://m.place.naver.com/my/5b9a7b3031776b49d5066e53/review?v=2,,,,2025-03-24,1,,,0,"[""야외공간이 멋져요""]",,true,2026-09-01T06:03:14+00:00,naver_홀랜드빌리지_20260901T055008Z#19
naver,홀랜드빌리지,1081318402,https://pcmap.place.naver.com/restaurant/1081318402/review/visitor,699b03c00efc0923f4dece0f,hwwwwwww,HiBm,https://m.place.naver.com/my/5d8af0508f87a842bc35ab1d/review?v=2,,좋아요,2026-02-22,2026-02-22,1,,,0,"[""매장이 넓어요"", ""친절해요"", ""매장이 청결해요""]",,true,2026-09-01T06:03:14+00:00,naver_홀랜드빌리지_20260901T055008Z#20
naver,홀랜드빌리지,1081318402,https://pcmap.place.naver.com/restaurant/1081318402/review/visitor,681af8a33789e36ce4314643,qhr****,7E5Dw,https://m.place.naver.com/my/5cefe13fcb80954db48998bd/review?v=2,,,,2025-05-07,1,,,0,"[""음식이 맛있어요""]",,true,2026-09-01T06:03:14+00:00,naver_홀랜드빌리지_20260901T055008Z#21
naver,스노우피크 카페앤다이닝,1451740778,https://pcmap.place.naver.com/restaurant/1451740778/review/visitor,6a6d692a3e568e513e7187c2,연연6,1mmpF,https://m.place.naver.com/my/5dcea09f8f87a842bc23fb58/review?v=2,5.0,"지난번에 유키코리멜론이 맛있어서 이번에 딸기로 시켜봤어요 스크류바가 통째로 들어있어서 넘 신기하고 맛있어요

말차빙수도 양도많고 진하니 좋네요
여름이지만 나무그늘은 아직 시원해요
최애 카페입니다",2026-08-01,2026-08-01,3,2,"[""https://pup-review-phinf.pstatic.net/MjAyNjA4MDFfMTY4/MDAxNzg1NTU1MjQxMjU2.avAQHWTuScCfE5sIsv6YmKzHY8SsQC6wApU45jJOJiMg.uWiV3ch4dEOPzU65sa6ikAdEE4lRS_djHyff8aUkKkAg.JPEG/20260801_122932.jpg.jpg?type=w1500_60_sharpen"", ""https://pup-review-phinf.pstatic.net/MjAyNjA4MDFfMTAw/MDAxNzg1NTU1MjQxNjA1.CEqcq7XK63wgUNF5Eiz8jZW5Nw4HtvbfPPgscZI5OLEg.Cgoqwx0zDVw5hJm1YYB724DxaihYlYtoK6V2zM-Tagsg.JPEG/20260801_122942.jpg.jpg?type=w1500_60_sharpen""]",0,"[""음식이 맛있어요"", ""특별한 메뉴가 있어요"", ""인테리어가 멋져요"", ""뷰가 좋아요"", ""야외공간이 멋져요""]",,true,2026-09-01T06:05:00+00:00,naver_스노우피크-카페앤다이닝_20260901T055008Z#0
naver,스노우피크 카페앤다이닝,1451740778,https://pcmap.place.naver.com/restaurant/1451740778/review/visitor,6a8a91fcbb94a076a4984358,조용근,iv4e,https://m.place.naver.com/my/5efe7a63afcca6e20afd6ba9/review?v=2,5.0,"각 계절마다 그 계절대로 좋은 곳입니다! 카페라고만 하기엔 아쉽고 저희 가족은 아지트라고 부르고 있어요! 요즘엔 많이 유명해져서…자리가 없는 경우도 가끔 있지만, 밖에서 조금 경치보며 놀고 있으면 금방 자리 납니다!ㅎㅎ",2026-08-23,2026-08-23,2,2,"[""https://pup-review-phinf.pstatic.net/MjAyNjA4MjNfMTgw/MDAxNzg3NDY2MjMyODYx.GkovTyX3HJ55k4UlgNEP07v5M9dA2xWYmdJ2dXvfsY0g.y_rXMSmGaP7fy1XBzr63FuJGcny0ASPBJsUAaVo6vZ4g.JPEG/7C2896E9-2D0A-4D28-9D12-AE29DFF28C5C.jpeg?type=w1500_60_sharpen"", ""https://pup-review-phinf.pstatic.net/MjAyNjA4MjNfNTgg/MDAxNzg3NDY2MjM0NjEw.NPF4iMkMj3zQ5DwT-ig1DZHT3WPqRwlaaYciS5FNTTQg.XwEBSIcNvCdqixDqJC-ne04T6HL3YSSSlXwmaW-8XJwg.JPEG/EB4DA2B4-2EB9-46CD-8F83-2EB03352518E.jpeg?type=w1500_60_sharpen""]",0,"[""음식이 맛있어요"", ""디저트가 맛있어요"", ""인테리어가 멋져요"", ""뷰가 좋아요"", ""사진이 잘 나와요""]",,true,2026-09-01T06:05:00+00:00,naver_스노우피크-카페앤다이닝_20260901T055008Z#1
naver,스노우피크 카페앤다이닝,1451740778,https://pcmap.place.naver.com/restaurant/1451740778/review/visitor,6a924de999f66dfbfbcedd5d,뭉쓰쓰,1opFv,https://m.place.naver.com/my/5b9b7532b1f5883a79f95a75/review?v=2,5.0,커피가 정말 맛있어요 캠핑온거 같은 느낌이고 자연이 주는 편안함이 좋은 카페에요 다음에는 다이닝을 이용해보려고 합니다,2026-08-29,2026-08-29,1,2,"[""https://pup-review-phinf.pstatic.net/MjAyNjA4MjlfMjY0/MDAxNzg3OTczMDk1OTY2.JTIGBf_vv8Re-k3ideQtDhg151g1TWfoObBk-_AznFAg.vU1VLIYhkleuWsA511j3VnT0DkzOfVtrwucZZJcaYSMg.JPEG/F711024D-7809-4F01-9735-E05418017FD1.jpeg?type=w1500_60_sharpen"", ""https://pup-review-phinf.pstatic.net/MjAyNjA4MjlfMjE4/MDAxNzg3OTczMDk2MDUx.AZaxMKjJHM-adO1uTqZd8RbW6ASPC26OoFZZyxN7nvIg.KYVCev47WtYMUk0I7ojQvq2pHm_scPM-YcKRpp7Nqr4g.JPEG/3721CE81-914D-4B72-8458-2101C4A8D5C8.jpeg?type=w1500_60_sharpen""]",0,"[""특별한 메뉴가 있어요"", ""인테리어가 멋져요"", ""매장이 넓어요"", ""컨셉이 독특해요"", ""주차하기 편해요""]",,true,2026-09-01T06:05:00+00:00,naver_스노우피크-카페앤다이닝_20260901T055008Z#2
naver,스노우피크 카페앤다이닝,1451740778,https://pcmap.place.naver.com/restaurant/1451740778/review/visitor,6a37677ca4764ec3ab28030a,대니얼과제이미,2jPKT,https://m.place.naver.com/my/5c16630027383f576ad827b6/review?v=2,4.0,리뷰 후기에 불친절하다는 평이 많아서 걱정했지만 스텝 직원 모두 친절했어요. 음식도 가격대비 맛이 좋지 않다는 후기들이 많았지만 라구 크림 파스타와 스모크ㅜ바비큐 플래터는 맛과 퀄리티 모두 좋았어요. 다만 영업 초반인데 스테이크 소스가 떨어져서 제공이 안된다는 부분은 아쉬웠네요.,2026-06-21,2026-06-21,1,11,"[""https://pup-review-phinf.pstatic.net/MjAyNjA2MjFfMTc0/MDAxNzgyMDE1NjQ5NjQ2.1EJDK87SPsdnGq-IZ5iYI4GZcLHEvIOXRTHNYULTPHYg.7Oq9Jw37EB3A76XJ3ZkAxXVNfIjDAVFwZLd6Kq2-u_gg.JPEG/IMG_0432.jpeg?type=w1500_60_sharpen"", ""https://pup-review-phinf.pstatic.net/MjAyNjA2MjFfMjM1/MDAxNzgyMDE1NjQ4NDYw.5rUFKRnkkJokUTsm9jIl2H1B4ocY_cWNMMP_ixpLNYQg.evlOMyIvMysQO1dCJi3EddfAKgobTBv74MA1l8xUKQQg.JPEG/IMG_0439.jpeg?type=w1500_60_sharpen"", ""https://pup-review-phinf.pstatic.net/MjAyNjA2MjFfMjUg/MDAxNzgyMDE1NjQ3MDQ1.jzHAekDofhrpODc6QPCQtNHoos4uGsRvkfo_W2Usmeog.vya5b6n1GU7wuzzY9MCIkqfiEVXuVAdhYA-w_qGt50kg.JPEG/IMG_0441.jpeg?type=w1500_60_sharpen"", ""https://pup-review-phinf.pstatic.net/MjAyNjA2MjFfMzcg/MDAxNzgyMDE1NjQ4Njcz.qBZR3Rqyp0dwl5qUM79VjGOghJMehcTXtVZ84cffJ74g.4U1ynwGYbDGzhkR17QfnqiF-iyTKmKgKfN89zHr5rSAg.JPEG/IMG_0442.jpeg?type=w1500_60_sharpen"", ""https://pup-review-phinf.pstatic.net/MjAyNjA2MjFfMjA5/MDAxNzgyMDE1NjU5NjMw.9frlI2nCNhTdw2l2Q1mSpc13X6C9YltY7l31eavMTqAg.w2RheQxJeLc2EUCFOVDd9G7xgKAf_43YI1ZxaY2y3Xsg.JPEG/IMG_0443.jpeg?type=w1500_60_sharpen"", ""https://pup-review-phinf.pstatic.net/MjAyNjA2MjFfMTU2/MDAxNzgyMDE1NjU5NjU1.nmpkNV9-VauNMcqK-mT2F_h-muhcqNyaqefLPunfMBMg.cMbpGh5EM4uKHIozKZoasf3DvDtslBV1oMa-VTLr1EIg.JPEG/IMG_0446.jpeg?type=w1500_60_sharpen"", ""https://pup-review-phinf.pstatic.net/MjAyNjA2MjFfNjkg/MDAxNzgyMDE1NjU3MDY0.9V-m_wQAZTej_S-KHkyP8nkUjpCqYZ7ftYwZjHLP6dUg.yTUalyLbCIm5IQ8otSG6GMebjy7mzzlKBhwWSZm4Iq0g.JPEG/IMG_0449.jpeg?type=w1500_60_sharpen"", ""https://pup-review-phinf.pstatic.net/MjAyNjA2MjFfOTkg/MDAxNzgyMDE1NjU3ODM0.LOOfg1cgFJ__w5iktDQWYl_uUSpjlSyWJpkcgm07T84g.LWgvXxISfptEdVDiAS2JAkOOkHmUgBaq3oFiugnChHcg.JPEG/IMG_0452.jpeg?type=w1500_60_sharpen"", ""https://pup-review-phinf.pstatic.net/MjAyNjA2MjFfMTMw/MDAxNzgyMDE1NjY2ODY2.Y-FqFjEhdTCXgcUhjuF1TzzNOGXwQo5BLaLu9mQ6QHcg.eczyA03wsVhfkmVbkadYalKZBJtazvNoORxniwZXaZQg.JPEG/IMG_0454.jpeg?type=w1500_60_sharpen"", ""https://pup-review-phinf.pstatic.net/MjAyNjA2MjFfMjg4/MDAxNzgyMDE1NjY3MTk1.vFCleai30fXPDvStY-ZHJLn7b9AgiX0cRCw-gRY8qI8g.j1ZJOQgV_AOZI0xMvoHhE_MHkeygQVG7SI3pAqkuV30g.JPEG/IMG_0458.jpeg?type=w1500_60_sharpen"", ""https://pup-review-phinf.pstatic.net/MjAyNjA2MjFfMTE4/MDAxNzgyMDE1NjY4MzIy.DjI2PUBdjcVTQ7hY5LmFqw7gEu3luTLj0cEyllrkZsYg.0oBruMh5WqduM0N_wg0tOaUb3rrXlX3kkXegW0UZOfQg.JPEG/IMG_0459.jpeg?type=w1500_60_sharpen""]",0,"[""음식이 맛있어요"", ""양이 많아요"", ""메뉴 구성이 알차요"", ""인테리어가 멋져요""]",,true,2026-09-01T06:05:00+00:00,naver_스노우피크-카페앤다이닝_20260901T055008Z#3
naver,스노우피크 카페앤다이닝,1451740778,https://pcmap.place.naver.com/restaurant/1451740778/review/visitor,6a813a8a490a193dcda5347a,앙버터맘,2R0J6,https://m.place.naver.com/my/5dc4a0be8f87a842bcef01dc/review?v=2,5.0,"연휴 맞이 점심 먹으러 왔어요.
즐거웠어요!",2026-08-16,2026-08-16,3,7,"[""https://pup-review-phinf.pstatic.net/MjAyNjA4MTZfNzQg/MDAxNzg2ODU0MDE3MDk0.gRI7X7S5yU-wraAQW9L2xqvBvgmPK95IcFipI-kRqC4g.B0q8LDgH1Rwzpruhde-1uh1d7Ax8vuvcd4-TopAwlHUg.JPEG/C0A47C18-946B-4A34-ABFA-4E8E568AA0A5.jpeg?type=w1500_60_sharpen"", ""https://pup-review-phinf.pstatic.net/MjAyNjA4MTZfMjM2/MDAxNzg2ODU0MDIwMzk1.XvNBpdKNSKdatAPmFObw7od8w-bhM4N2yhamKwkV1bcg.kSUHEvS9BQT7RJ6kJnZmkiy_7dno3yTDGFQUZRRraTIg.JPEG/3BE35B4A-412D-44C0-A4C5-8911E491FC49.jpeg?type=w1500_60_sharpen"", ""https://pup-review-phinf.pstatic.net/MjAyNjA4MTZfMTYy/MDAxNzg2ODU0MDE5MzQz.sLcRIiw4Ur01T09Geeo4Qsgw85y2dGIcXwPgyB42G-cg.ma691ZQccZEFppavAUNQHLE7C97utJby36tpEY-CziEg.JPEG/600F8FEC-D7CC-4635-A910-344ECC55966D.jpeg?type=w1500_60_sharpen"", ""https://pup-review-phinf.pstatic.net/MjAyNjA4MTZfMTUg/MDAxNzg2ODU0MDE3OTAw.DFHv8jlwQoxsLzL0C6xb-0rUeNm4hG6W3HvFjKaZESkg.TDiYKr0-sc5BXd4lm1FHpto683uCQ9gNYyrO-dXzFusg.JPEG/7012565C-866A-461A-9F4F-589E587164A8.jpeg?type=w1500_60_sharpen"", ""https://pup-review-phinf.pstatic.net/MjAyNjA4MTZfODEg/MDAxNzg2ODU0MDIxNzcw.KZaOAb9SRisirw_MIqKcjb1jbRWTj8J5Pr98g2uaEwQg.q7HzyiFxFR7C83tgihlCtuq-s8ruOM917gPxO0BtarQg.JPEG/AFE4336F-A3BB-4D49-AA7E-6490D9146A15.jpeg?type=w1500_60_sharpen"", ""https://pup-review-phinf.pstatic.net/MjAyNjA4MTZfMjgz/MDAxNzg2ODU0MDIzMzYz.q7fODHUDa9wQeSnkRBeHrZq5_oo5IlNCHRbCmlhOYjQg.CAs0VpdDQ_K94nGLcIXexLKuuRVjhFEFiz4Oo_g49kAg.JPEG/0E76C3CD-9859-4CC2-AD4A-ABD90134C861.jpeg?type=w1500_60_sharpen"", ""https://pup-review-phinf.pstatic.net/MjAyNjA4MTZfMjA4/MDAxNzg2ODU0MDI0Njk4.ACscFswFMIkpFnSNd0cRrcfiPNjxDNY44KHWgX5zvL8g.t7GiL4SkIlYfS04krvokbcmqL_d88DE6YMKyza1TQ28g.JPEG/9A2439F6-532E-44EE-9882-92D905848502.jpeg?type=w1500_60_sharpen""]",0,"[""음식이 맛있어요"", ""메뉴 구성이 알차요"", ""뷰가 좋아요"", ""반려동물과 가기 좋아요"", ""친절해요""]",,true,2026-09-01T06:05:00+00:00,naver_스노우피크-카페앤다이닝_20260901T055008Z#4
naver,스노우피크 카페앤다이닝,1451740778,https://pcmap.place.naver.com/restaurant/1451740778/review/visitor,6a8d18a6b01210a4db612028,저낫,cHpE8,https://m.place.naver.com/my/5f1135329ec8258e4a3d4ee3/review?v=2,5.0,"캠핑 후 퇴실하면서 먹었는데
너무너무 맛있어요 ! !
강아지랑 동반도 되서 너무 편하고 좋았습니다",2026-08-25,2026-08-25,1,2,"[""https://pup-review-phinf.pstatic.net/MjAyNjA4MjVfMTEy/MDAxNzg3NjMxNzgwODU4.N5N0gFZajXDCEzPCzoc5gYeLD0H-gm3aqTDbaIa-ar8g.3CjfKbfiaFaA1bgl9u5IcHrMa0aIKmvmD7Vo3441ZDkg.JPEG/E2267FC6-6932-4E09-97B4-6366394C0CB7.jpeg?type=w1500_60_sharpen"", ""https://pup-review-phinf.pstatic.net/MjAyNjA4MjVfMTkw/MDAxNzg3NjMxNzc4NDg1.IEHcAlrlQlrE4WnRg1YOXyDAz2ATxxX_eGuO8OEr-FAg.PDg7NtliyqO55gA4FrSkK8395yYrjNC3-rZw-zvYXh0g.JPEG/688B0717-E102-4F03-95F5-93D3BF104D14.jpeg?type=w1500_60_sharpen""]",0,"[""음식이 맛있어요"", ""매장이 넓어요"", ""친절해요"", ""매장이 청결해요""]",,true,2026-09-01T06:05:00+00:00,naver_스노우피크-카페앤다이닝_20260901T055008Z#5
naver,스노우피크 카페앤다이닝,1451740778,https://pcmap.place.naver.com/restaurant/1451740778/review/visitor,6a8a713452b837d7be3d44ac,LTTSY,rQNI,https://m.place.naver.com/my/5fe13a0aa5f6806b5a8da8fa/review?v=2,5.0,음식이 맛있었고 아이와 함께 오기 좋은 곳입니다🥰 뷰도 좋고 에버랜드 오면서 같이 방문하면 좋을 것 같아요 추천드립니다🫶,2026-08-23,2026-08-23,1,4,"[""https://pup-review-phinf.pstatic.net/MjAyNjA4MjNfMjY2/MDAxNzg3NDU4MjQ5MjIx.SIuwDc9Cdu5Z5sl9D-dyPzSK9oi9QzmZzq6NeYUT5L0g.2OvRD0Mx4Yqp_AzvXAPVLqTWjBFLTlMr_PeAquuIwKEg.JPEG/A91F34A2-3945-4E93-ADAA-E4C061361CAF.jpeg?type=w1500_60_sharpen"", ""https://pup-review-phinf.pstatic.net/MjAyNjA4MjNfMjkx/MDAxNzg3NDU4MjQ4NzUx.K0xboHfbAU7_iyg2elyEEMshRmkoJrMPcrb-mg4-h3og.zrlJ2Od3NRFl8lisN8Ujsxv_2tHxW_AJWT6Qwo0ZzIYg.JPEG/6A5DB86B-D60C-442E-A6B9-4085177C003E.jpeg?type=w1500_60_sharpen"", ""https://pup-review-phinf.pstatic.net/MjAyNjA4MjNfMTEw/MDAxNzg3NDU4MjUwMTU4.S24dxP_wXHKfXHHp2Xx8rvGlPk5wcLD-C5tC0CP1Q4Eg.YxcaTgVQfFe9fLBMO3qIHvp6eX22XAdOmrH_z0oJxqIg.JPEG/CE79FA36-DDF5-4361-BA97-CFE46213C71E.jpeg?type=w1500_60_sharpen"", ""https://pup-review-phinf.pstatic.net/MjAyNjA4MjNfMjg3/MDAxNzg3NDU4MjUwNjI3.bRTODFjCgIwsFbjUwoY9JGWfgzaO3Z6q-Ufd5ebUM78g.DNAEj-TGv4RlSs8IK7E8iMuMmezeIPhwLlXYhEIywH0g.JPEG/26677261-7F9C-4C26-9FFD-8D0468C3EE8D.jpeg?type=w1500_60_sharpen""]",0,"[""음식이 맛있어요"", ""인테리어가 멋져요"", ""뷰가 좋아요"", ""특별한 날 가기 좋아요""]",,true,2026-09-01T06:05:00+00:00,naver_스노우피크-카페앤다이닝_20260901T055008Z#6
naver,스노우피크 카페앤다이닝,1451740778,https://pcmap.place.naver.com/restaurant/1451740778/review/visitor,6a6d7cfaefc9379b24526cdc,ejs****,etQ8X,https://m.place.naver.com/my/61fbd4767bac1928ea61f08f/review?v=2,5.0,"스노우피크 카페만 와보다가 식당 이용은 처음 해봤는데
음식 양도 많고 맛있네요👍🏻
밥먹고 바로 옆 카페에서 커피마시기 좋아요",2026-08-01,2026-08-01,1,2,"[""https://pup-review-phinf.pstatic.net/MjAyNjA4MDFfMTEg/MDAxNzg1NTYwMzA2MjE0.TjEv5BrTWdoJ2fBY6dnGTCoYfFo5fuxZJz-hgnS7sGUg.iU5Ip8d-Rd90pEJEcjGddZaK0yINuFmRwCkh_0jZQlog.JPEG/0F34702F-7755-4581-A21E-A331A5DAE619.jpeg?type=w1500_60_sharpen"", ""https://pup-review-phinf.pstatic.net/MjAyNjA4MDFfMTQw/MDAxNzg1NTYwMzExOTUx.iyq9lWI_deq__CYXKctpSq7l2_uIsI5WC6mQYCGitOEg.qVLAG0XJhNExhNaD0hItfEJ86WoZ0QfTddznrG-MCycg.JPEG/213F6650-6B78-4534-B5D2-AC74121BF621.jpeg?type=w1500_60_sharpen""]",0,"[""음식이 맛있어요"", ""양이 많아요"", ""인테리어가 멋져요"", ""매장이 넓어요"", ""뷰가 좋아요""]",,true,2026-09-01T06:05:00+00:00,naver_스노우피크-카페앤다이닝_20260901T055008Z#7
naver,스노우피크 카페앤다이닝,1451740778,https://pcmap.place.naver.com/restaurant/1451740778/review/visitor,6a78037504ad2aefe127009f,wng****,Mb35,https://m.place.naver.com/my/5d200fb012f326ed3f8d1350/review?v=2,5.0,"음료도 디저트도 맛있어요! 
스노우피크 제품들을 직접 보고 체험해볼수있어서 좋습니다!",2026-08-09,2026-08-09,1,3,"[""https://pup-review-phinf.pstatic.net/MjAyNjA4MDlfNjEg/MDAxNzg2MjUwMTAwMDMw.Wl_p9L0UA2SUV8SeRfD3K1Fs65g0VPoyOJTE87v-lxsg.lMqWM7eAWmGCRpBETU1SkRGv1ACq1iFugh3-LSMnHTIg.JPEG/40EB116D-7BE3-4973-A823-B9F96AAF6185.jpeg?type=w1500_60_sharpen"", ""https://pup-review-phinf.pstatic.net/MjAyNjA4MDlfNjIg/MDAxNzg2MjUwMDk5OTA0.QyaSjTaEGmFWbMFToO5sVwyyiUfOBSjvdLLx_4xkLJsg.ojKts0wWhyVgrHypEnpJnpe_ZKhr6BF5CoaOfJbNphog.JPEG/C62DA754-D684-4A32-83BE-9A6C7C5C9CC3.jpeg?type=w1500_60_sharpen"", ""https://pup-review-phinf.pstatic.net/MjAyNjA4MDlfMjQ2/MDAxNzg2MjUwMDk5OTkx.Nl7EaV3UV0JuKPHMOmTSlCrCLqHTEphuPmhhPanMI_wg.WcW0956bhPO1Ps5F4jEL8cjMRIXuBOxdP4wt3GBmAHwg.JPEG/B4BD6DE2-D506-4B65-AF5D-391F9FDA716C.jpeg?type=w1500_60_sharpen""]",0,"[""음식이 맛있어요"", ""인테리어가 멋져요"", ""매장이 넓어요"", ""매장이 청결해요"", ""화장실이 깨끗해요""]",,true,2026-09-01T06:05:00+00:00,naver_스노우피크-카페앤다이닝_20260901T055008Z#8
naver,스노우피크 카페앤다이닝,1451740778,https://pcmap.place.naver.com/restaurant/1451740778/review/visitor,6a92596d39fd11e80ecfcd04,JIHEE10,4NTy9,https://m.place.naver.com/my/5c547dcc33839b651759517b/review?v=2,5.0,"아이들과 함께가기 좋고 음식도 맛있네요!
일상에도 오면 좋을거같고 특별한 날 와도 너무 좋을거같아요~
아이들과 놀기도 좋아요^^",2026-08-29,2026-08-29,1,1,"[""https://pup-review-phinf.pstatic.net/MjAyNjA4MjlfMjQ1/MDAxNzg3OTc2MDQ0Mjg4.KpUGhwMWBTWdWRj0G45awaLP_Zp0pg-XXi6BiHvhQLIg.62c-LuAXq_OHTKcddAyLkC87KdhnSGXyG0Lfu_gLMY0g.JPEG/CFEE3BF3-2870-4525-8728-7F9E024517C9.jpeg?type=w1500_60_sharpen""]",0,"[""음식이 맛있어요"", ""특별한 메뉴가 있어요"", ""야외공간이 멋져요"", ""뷰가 좋아요"", ""특별한 날 가기 좋아요""]",,true,2026-09-01T06:05:00+00:00,naver_스노우피크-카페앤다이닝_20260901T055008Z#9
naver,스노우피크 카페앤다이닝,1451740778,https://pcmap.place.naver.com/restaurant/1451740778/review/visitor,6a813f04f1da9a6b5762c425,도우너1880,1XlSS,https://m.place.naver.com/my/5e117b0f8f87a842bcb9593f/review?v=2,4.5,,,2026-08-16,2,,,0,"[""음식이 맛있어요"", ""인테리어가 멋져요""]",,true,2026-09-01T06:05:00+00:00,naver_스노우피크-카페앤다이닝_20260901T055008Z#10
naver,스노우피크 카페앤다이닝,1451740778,https://pcmap.place.naver.com/restaurant/1451740778/review/visitor,6a6d876386b40f29cc7b98e6,jms****,6A26K,https://m.place.naver.com/my/5df34cef8f87a842bc1893b3/review?v=2,5.0,,,2026-08-01,1,,,0,"[""음식이 맛있어요"", ""재료가 신선해요"", ""매장이 넓어요"", ""인테리어가 멋져요""]",,true,2026-09-01T06:05:00+00:00,naver_스노우피크-카페앤다이닝_20260901T055008Z#11
naver,스노우피크 카페앤다이닝,1451740778,https://pcmap.place.naver.com/restaurant/1451740778/review/visitor,6a5dd1bd41295310f29dfb92,goyjchoi41,2jAhA,https://m.place.naver.com/my/5ba222751b8eac4defe8bf6c/review?v=2,5.0,,,2026-07-19,2,,,0,"[""음식이 맛있어요"", ""인테리어가 멋져요"", ""뷰가 좋아요"", ""친절해요"", ""주차하기 편해요""]",,true,2026-09-01T06:05:00+00:00,naver_스노우피크-카페앤다이닝_20260901T055008Z#12
naver,스노우피크 카페앤다이닝,1451740778,https://pcmap.place.naver.com/restaurant/1451740778/review/visitor,6a288709d7ba6e8bdf63231b,guseotkd,RAPq,https://m.place.naver.com/my/5c0dfe49b4c65df1bb06178c/review?v=2,5.0,,,2026-05-30,2,,,0,"[""음식이 맛있어요"", ""인테리어가 멋져요"", ""매장이 넓어요"", ""단체모임 하기 좋아요""]",,true,2026-09-01T06:05:00+00:00,naver_스노우피크-카페앤다이닝_20260901T055008Z#13
naver,스노우피크 카페앤다이닝,1451740778,https://pcmap.place.naver.com/restaurant/1451740778/review/visitor,69dee8ad6f7e56a0badc32cf,kim****,3eSZj,https://m.place.naver.com/my/5d8de9358f87a842bce257a6/review?v=2,3.5,,,2026-04-14,1,,,0,"[""음식이 맛있어요"", ""매장이 넓어요"", ""매장이 청결해요""]",,true,2026-09-01T06:05:00+00:00,naver_스노우피크-카페앤다이닝_20260901T055008Z#14
naver,스노우피크 카페앤다이닝,1451740778,https://pcmap.place.naver.com/restaurant/1451740778/review/visitor,69db16d80f8d8b4af983aa55,체지인,3OS72,https://m.place.naver.com/my/634cb5349ae68c000616383c/review?v=2,5.0,,,2026-04-12,1,,,0,"[""양이 많아요"", ""가성비가 좋아요"", ""뷰가 좋아요""]",,true,2026-09-01T06:05:00+00:00,naver_스노우피크-카페앤다이닝_20260901T055008Z#15
naver,스노우피크 카페앤다이닝,1451740778,https://pcmap.place.naver.com/restaurant/1451740778/review/visitor,69c7aadaaed905dd4fcf0372,rio****,Pfns,https://m.place.naver.com/my/5be154dbec2b777a97263853/review?v=2,,,,2026-03-28,1,,,0,"[""단체모임 하기 좋아요"", ""인테리어가 멋져요"", ""화장실이 깨끗해요"", ""음식이 맛있어요"", ""양이 많아요""]",,true,2026-09-01T06:05:00+00:00,naver_스노우피크-카페앤다이닝_20260901T055008Z#16
naver,스노우피크 카페앤다이닝,1451740778,https://pcmap.place.naver.com/restaurant/1451740778/review/visitor,69993a5bf02c2d4715b32f04,ssin789,1qXj7,https://m.place.naver.com/my/5cdc41e341c2866b20c6d70e/review?v=2,,,,2026-02-21,1,,,0,"[""음식이 맛있어요"", ""매장이 넓어요"", ""인테리어가 멋져요"", ""친절해요"", ""매장이 청결해요""]",,true,2026-09-01T06:05:00+00:00,naver_스노우피크-카페앤다이닝_20260901T055008Z#17
naver,스노우피크 카페앤다이닝,1451740778,https://pcmap.place.naver.com/restaurant/1451740778/review/visitor,697eceace8b50b3f3611dcb6,sevenjsh,3kduw,https://m.place.naver.com/my/5efdd83e854ca9293112adc2/review?v=2,,,,2026-01-31,10,,,0,"[""음식이 맛있어요"", ""재료가 신선해요"", ""인테리어가 멋져요""]",,true,2026-09-01T06:05:00+00:00,naver_스노우피크-카페앤다이닝_20260901T055008Z#18
naver,스노우피크 카페앤다이닝,1451740778,https://pcmap.place.naver.com/restaurant/1451740778/review/visitor,696af09230c4fcdc731eb771,drslump0831,6OsxK,https://m.place.naver.com/my/5caeefadcade1842f57b8329/review?v=2,,,,2026-01-16,2,,,0,"[""음식이 맛있어요"", ""인테리어가 멋져요"", ""친절해요""]",,true,2026-09-01T06:05:00+00:00,naver_스노우피크-카페앤다이닝_20260901T055008Z#19
naver,스노우피크 카페앤다이닝,1451740778,https://pcmap.place.naver.com/restaurant/1451740778/review/visitor,6a93b7c5dedf5e9d34360a67,dgu****,3aV34,https://m.place.naver.com/my/5f0415b607df30f9d675dab1/review?v=2,5.0,아이가 놀기 좋고 직원분들이 친절해요,2026-08-30,2026-08-30,1,1,"[""https://pup-review-phinf.pstatic.net/MjAyNjA4MzBfMiAg/MDAxNzg4MDY1NzE1ODIw.goOJnnNYnL96XMM-VLnoBBScmmjnjqcykYeaPwi0mOwg.t9UvG2r9GiXNFn9sloteqADoANMssr9V2NY3FfGSEcEg.JPEG/20260830_135302.jpg?type=w1500_60_sharpen""]",0,"[""음식이 맛있어요"", ""인테리어가 멋져요"", ""친절해요""]",,true,2026-09-01T06:05:00+00:00,naver_스노우피크-카페앤다이닝_20260901T055008Z#20
naver,스노우피크 카페앤다이닝,1451740778,https://pcmap.place.naver.com/restaurant/1451740778/review/visitor,6a93b6f0afc25355ee3b7aa1,김진리,20BDF,https://m.place.naver.com/my/5b9de80a2e94ee029c938c90/review?v=2,5.0,야외에서 분위기좋게 아이들과 잘놀았습니다!,2026-08-30,2026-08-30,1,,,0,"[""음식이 맛있어요"", ""친절해요""]",,true,2026-09-01T06:05:00+00:00,naver_스노우피크-카페앤다이닝_20260901T055008Z#21
naver,스노우피크 카페앤다이닝,1451740778,https://pcmap.place.naver.com/restaurant/1451740778/review/visitor,6a939ff8b3b5de038bee4c03,HYKo,21cjk,https://m.place.naver.com/my/5ba09ed4070a394df0cc8640/review?v=2,5.0,맛있게 먹고갑니당,2026-08-30,2026-08-30,2,,,0,"[""음식이 맛있어요""]",,true,2026-09-01T06:05:00+00:00,naver_스노우피크-카페앤다이닝_20260901T055008Z#22
naver,스노우피크 카페앤다이닝,1451740778,https://pcmap.place.naver.com/restaurant/1451740778/review/visitor,6a9273324f557a9173fa91df,gud****,3HzgB,https://m.place.naver.com/my/5dc536a58f87a842bccb25aa/review?v=2,5.0,분위기 맛 모두 좋아요~!!!!!,2026-08-29,2026-08-29,1,1,"[""https://pup-review-phinf.pstatic.net/MjAyNjA4MjlfMTE5/MDAxNzg3OTgyNjQwNjcx.63XwQzPj4jzX03_sd_yPs3ON_Xm3u85W8YbdJX6wP28g.tthixA7cDr41QNeHi8STl6Cm_4a1dgf2hjIzM7rPV-og.JPEG/99CAA4E3-29E8-44AD-899C-2464F7369D49.jpeg?type=w1500_60_sharpen""]",0,"[""음식이 맛있어요"", ""재료가 신선해요"", ""매장이 넓어요"", ""단체모임 하기 좋아요""]",,true,2026-09-01T06:05:00+00:00,naver_스노우피크-카페앤다이닝_20260901T055008Z#23
naver,스노우피크 카페앤다이닝,1451740778,https://pcmap.place.naver.com/restaurant/1451740778/review/visitor,6a926ffd658196a5cd11cc07,12342499,B2wr,https://m.place.naver.com/my/5c6e559b9b90dc048b3c0634/review?v=2,5.0,캠핑 용품 사러 왔다가 먹었는데 맛도 좋고 쾌적했어요 에이드가 너무 귀여웠어요,2026-08-29,2026-08-29,1,1,"[""https://pup-review-phinf.pstatic.net/MjAyNjA4MjlfNjEg/MDAxNzg3OTgxNzg0MzY3.7HgZC24q-qnKAmQE9zM4vFP3Dc4IbuJGGwzou3aeC_kg.9JMFDiJ1SmnRhdnZqHOiXP3iIa_v2Jc4btn8qmZrYiQg.JPEG/IMG_1541.jpeg?type=w1500_60_sharpen""]",0,"[""음식이 맛있어요"", ""인테리어가 멋져요"", ""뷰가 좋아요"", ""친절해요"", ""주차하기 편해요""]",,true,2026-09-01T06:05:00+00:00,naver_스노우피크-카페앤다이닝_20260901T055008Z#24
naver,스노우피크 카페앤다이닝,1451740778,https://pcmap.place.naver.com/restaurant/1451740778/review/visitor,6a924fcc82b3645117d44c7e,한양인63,2Uqif,https://m.place.naver.com/my/5efdc9b4c8819e06c65f18b6/review?v=2,5.0,"애버랜드 가는길에 있는데 쾌적하고 인테리어도잘돼있어요
캠핑장 분위기에 애들데리고 오기 좋네요",2026-08-29,2026-08-29,1,,,0,"[""음식이 맛있어요"", ""단체모임 하기 좋아요"", ""인테리어가 멋져요""]",,true,2026-09-01T06:05:00+00:00,naver_스노우피크-카페앤다이닝_20260901T055008Z#25
naver,스노우피크 카페앤다이닝,1451740778,https://pcmap.place.naver.com/restaurant/1451740778/review/visitor,6a924fc819f8e974805ff2b7,mph****,6CGoB,https://m.place.naver.com/my/5ed1f4db8f87a842bcf618d6/review?v=2,5.0,"자연 풍경이 넘 멋진 곳 입니다
힐링 맘껏 하고 좋아요~^^^",2026-08-29,2026-08-29,1,,,0,"[""음식이 맛있어요"", ""특별한 메뉴가 있어요"", ""단체모임 하기 좋아요"", ""매장이 넓어요"", ""친절해요""]",,true,2026-09-01T06:05:00+00:00,naver_스노우피크-카페앤다이닝_20260901T055008Z#26
naver,스노우피크 카페앤다이닝,1451740778,https://pcmap.place.naver.com/restaurant/1451740778/review/visitor,6a924d5798abbfbc825f48f7,Thinkcommuate,4WycV,https://m.place.naver.com/my/5e76e4708f87a842bc2d471a/review?v=2,5.0,$,2026-08-29,2026-08-29,1,,,0,"[""인테리어가 멋져요"", ""뷰가 좋아요"", ""야외공간이 멋져요"", ""아늑해요"", ""특별한 메뉴가 있어요""]",,true,2026-09-01T06:05:00+00:00,naver_스노우피크-카페앤다이닝_20260901T055008Z#27
naver,스노우피크 카페앤다이닝,1451740778,https://pcmap.place.naver.com/restaurant/1451740778/review/visitor,697dc719c94b874a3851e356,cho****,agsaW,https://m.place.naver.com/my/5d78d9718f87a842bcec89a6/review?v=2,,,,2026-01-31,1,,,0,"[""음식이 맛있어요"", ""반려동물과 가기 좋아요"", ""차분한 분위기예요""]",,true,2026-09-01T06:05:00+00:00,naver_스노우피크-카페앤다이닝_20260901T055008Z#28
naver,마드리드,1188708686,https://pcmap.place.naver.com/restaurant/1188708686/review/visitor,6a421060f5721f82d7bd9c11,ESSENTIAL,31Aun,https://m.place.naver.com/my/5dc2db3d8f87a842bc20fe26/review?v=2,5.0,"캐리비안베이에서 놀다가 배고파서 마드리드식당 들러 바비큐치킨&돈가스 콤보에 탄산까지 같이 주문했습니다.
물놀이하고 먹어서 그런지 평소보다 훨씬 맛있게 느껴지더라고요.
바비큐치킨은 달달한 소스가 잘 어울렸고, 돈가스는 바삭해서 아이랑 같이 먹기에도 괜찮았습니다.
양도 생각보다 든든한 편이라 둘이 나눠 먹기 좋았고, 탄산까지 같이 마시니까 제대로 쉬는 느낌이 들었어요. 
물놀이 중간에 체력 충전하기 괜찮은 한 끼였습니다.",2026-06-29,2026-06-29,1,7,"[""https://pup-review-phinf.pstatic.net/MjAyNjA2MjlfMjM2/MDAxNzgyNzE0NDYxMDYy.UiPFWQyOIF_YkVcb_GM3ik3Ah1XW_3q6gmhE8NROKNog.jFuotNCsx5KhZCBb_GR8TSFgD_MeYVbxL4imdpQJ2RUg.JPEG/BD1A2C76-BFE9-4E0B-A2E7-10ABC9CBE9FF.jpeg?type=w1500_60_sharpen"", ""https://pup-review-phinf.pstatic.net/MjAyNjA2MjlfMjIy/MDAxNzgyNzE0NDYxMjQz.QBUD1yBrnIcAsdVd_I4G33upNrhRsuUe8YJtl9b6MoQg.rc65kiJbaI_6ajW9-EpRr8M5z-Ky56i2MCTPeZZtR7gg.JPEG/CA221F02-C634-429F-913C-8C1FD2AB9616.jpeg?type=w1500_60_sharpen"", ""https://pup-review-phinf.pstatic.net/MjAyNjA2MjlfMTg3/MDAxNzgyNzE0NDYwODky.pf0Z7FjLzMQNUhJn8uQFfON79Org_-TY_fTcEwwtyocg.vA-LtxRrQ25e9N9VvGM4kRtCwhQcvzmeA-IKGHYtCIAg.JPEG/63E17825-8890-4DA5-9789-E63B407BC2D3.jpeg?type=w1500_60_sharpen"", ""https://pup-review-phinf.pstatic.net/MjAyNjA2MjlfNTAg/MDAxNzgyNzE0NDYxMjIy.ggOHmhZERxzW3DeUOB-XlN6k9cirojZk6mG2yhG5Jlwg.ROBQhaZ02KiVKIsAiPgma-B9PM3_HPqvQ6piRw4Huvgg.JPEG/9710B3D4-B8FA-44B9-A28F-45CDD39912DD.jpeg?type=w1500_60_sharpen"", ""https://pup-review-phinf.pstatic.net/MjAyNjA2MjlfNzEg/MDAxNzgyNzE0NDYxMzU0.lquURFvQwRvmR_5TpiHOUupoHxHu0lqUq6uBFpRnvHMg.gFguv6P_Pm7ASHGrnfjuV5DWQpSM-WR6bw8Zw_gTWUsg.JPEG/6D4568D5-56B5-4781-AEA8-6F52B9ABE2DC.jpeg?type=w1500_60_sharpen"", ""https://pup-review-phinf.pstatic.net/MjAyNjA2MjlfMSAg/MDAxNzgyNzE0NDYyNDI2.NZQ5OluMk9BS13cN-qruv06DiHd3dSiZZlrnfRJ1P64g.qIw61JPr1G2tUSo2sgRuIwsN2rxajndER57q__pRQ9Yg.JPEG/41A6684F-BB50-4772-88F3-5D9200F485A3.jpeg?type=w1500_60_sharpen"", ""https://pup-review-phinf.pstatic.net/MjAyNjA2MjlfNDAg/MDAxNzgyNzE0NDYyNTQx.V6lwp7059fTaS82r_o5QSfwohTGa-vXUFfnTwdso2KYg.EPTd1CDWlY4ZEnAGE39wzOQWcVJV2fBODdy_rfqTh48g.JPEG/170F93A7-156C-427F-9AC9-25E0B4D0B3E9.jpeg?type=w1500_60_sharpen""]",0,"[""음식이 맛있어요"", ""양이 많아요"", ""뷰가 좋아요"", ""매장이 넓어요"", ""매장이 청결해요""]",,true,2026-09-01T06:06:45+00:00,naver_마드리드_20260901T055008Z#0
naver,마드리드,1188708686,https://pcmap.place.naver.com/restaurant/1188708686/review/visitor,6a7af5bdb1c5f8870cc0ce22,밍구의일기장,2duKE9,https://m.place.naver.com/my/68c20ca173736e3dcfdcf4ea/review?v=2,4.0,가격이 좀 비싸긴 하지만 비싼만큼 국밥에 건더기도 많고 물놀이에 지쳤을 때 좋은 고열량 및 단백질 식단이라 마음에 들었어요,2026-08-11,2026-08-11,1,3,"[""https://pup-review-phinf.pstatic.net/MjAyNjA4MTFfMjgg/MDAxNzg2NDQzMTk1OTkx.aDWw65tF6eT-e_LgeLOyJoDHzT-H948eTj31n1DbfNgg.LM7hDPtF_vnnm9vUmPf5Y-XZQat2DUkxGI772xtFy3Ug.JPEG/C060973B-12EC-4407-9536-F35B456E5291.jpeg?type=w1500_60_sharpen"", ""https://pup-review-phinf.pstatic.net/MjAyNjA4MTFfNDEg/MDAxNzg2NDQzMTk2MTgy.XUU4sSc17bFFGWmELAoyw523yNKZ3YsZRrDomF_F6lYg.Ta8XL1iU9yClrjU1x79xaobmAWh22k2U-Sdxh4wVAGUg.JPEG/A33D67AF-F78D-40B0-9DC9-F8208811D99F.jpeg?type=w1500_60_sharpen"", ""https://pup-review-phinf.pstatic.net/MjAyNjA4MTFfNjgg/MDAxNzg2NDQzMTk2MzA3.htqssHPSxglk2rvudcfoJxYWLuUTAUP4nAZEe5z222og.TVOhWBRdg4aEYx5DzWv2QVOP-TOdGOWcyUGhKFMN-R4g.JPEG/D4B963DA-5439-4040-AE22-A7CAA4BD9186.jpeg?type=w1500_60_sharpen""]",0,"[""음식이 맛있어요"", ""재료가 신선해요"", ""양이 많아요"", ""특별한 메뉴가 있어요""]",,true,2026-09-01T06:06:45+00:00,naver_마드리드_20260901T055008Z#1
naver,마드리드,1188708686,https://pcmap.place.naver.com/restaurant/1188708686/review/visitor,6a6d7e293f650ee62e87d6eb,bam****,2cXuB2,https://m.place.naver.com/my/674757ab73736e3dcfbec0ed/review?v=2,5.0,캐리비안베이에서 든든히 먹었어요. 돈까스 맛나네요. 3번메뉴 추천!,2026-08-01,2026-08-01,1,3,"[""https://pup-review-phinf.pstatic.net/MjAyNjA4MDFfMjA1/MDAxNzg1NTYwNjE0MjE3.ILNzupe5ZzsmrU1lZQgKxmp0eXy0MAerQbv2G6rzgoEg.Hde-zXEX7j0-4KP8gQYxITlqNzDQQf23HaNYM-6tbL4g.JPEG/20260801_134019.jpg.jpg?type=w1500_60_sharpen"", ""https://pup-review-phinf.pstatic.net/MjAyNjA4MDFfMTI4/MDAxNzg1NTYwNjE2Mjg0.wCc44sIV1myabWty6Yfba_yxwoRtdX75lNKGb1dBv4Qg.PQUnpp2U8yH2U8gQUlQzIpSEyB1Ca9Lb0ydqShUWE1Eg.JPEG/20260801_134016.jpg.jpg?type=w1500_60_sharpen"", ""https://pup-review-phinf.pstatic.net/MjAyNjA4MDFfMzcg/MDAxNzg1NTYwNjE1OTIz.CeKlXnTVFATeKvb1S-gXIY4B5_hctkl3Nt166jZkTQ8g.C6Ke7qVuC-S-9ZQzZ_tJIGqifi6Jj2Pd8eM_NbeHX5Ig.JPEG/20260801_134010.jpg.jpg?type=w1500_60_sharpen""]",0,"[""음식이 맛있어요"", ""양이 많아요"", ""친절해요""]",,true,2026-09-01T06:06:45+00:00,naver_마드리드_20260901T055008Z#2
naver,마드리드,1188708686,https://pcmap.place.naver.com/restaurant/1188708686/review/visitor,6a79a2cd9200c0a6c0f2fdb9,별빵맘,7aUsW,https://m.place.naver.com/my/5b937f2b3e7cf5c40a0c8e8b/review?v=2,4.5,❤️🧡,2026-08-10,2026-08-10,1,2,"[""https://pup-review-phinf.pstatic.net/MjAyNjA4MTBfODUg/MDAxNzg2MzU2NDI4Mzc0.tKWsF5wQaVcxoKWW0RSl4PI4T775w5Zdf6OskExQMA8g.7uSAnnqL9cKbu6IXhoNgVL5m2rOx-kKi20_0GWei8Twg.JPEG/20260810_160648.jpg.jpg?type=w1500_60_sharpen"", ""https://pup-review-phinf.pstatic.net/MjAyNjA4MTBfMjA1/MDAxNzg2MzU2NDI4NDEz.wjiXP8wiHxokV4zEcJIkw3G2o5hAZYnkdigyfPLK96Eg.VBDZzIklXJY1LXpnEMsW0UB8yZf99h4DHp241y-RXa8g.JPEG/Screenshot_20260810_190133_NAVER.jpg.jpg?type=w1500_60_sharpen""]",0,"[""음식이 맛있어요""]",,true,2026-09-01T06:06:45+00:00,naver_마드리드_20260901T055008Z#3
naver,마드리드,1188708686,https://pcmap.place.naver.com/restaurant/1188708686/review/visitor,6a34fc734cf916bfa039f348,아카디아Hey,elka,https://m.place.naver.com/my/5cc8872bc49d6d5799d122e3/review?v=2,4.0,조금 가격대가 있긴하지만. 워터파크 가갹대비 음식도 맛나고 치킨과 어포 튀김은 맥주안주로 딱이네요,2026-06-19,2026-06-13,1,3,"[""https://pup-review-phinf.pstatic.net/MjAyNjA2MTlfMTUz/MDAxNzgxODU3Mzk0MTYx.3VKLie8uHA0ykksc0JE2wERXfZ3sxu4tVBeNevmnGzYg.OA-Rj4VOthCcrAYz7R8Lf3oU9mb0sXZ51gM5DwGajDIg.JPEG/223590FF-5FA8-456A-B8C1-E2102479E38E.jpeg?type=w1500_60_sharpen"", ""https://pup-review-phinf.pstatic.net/MjAyNjA2MTlfMjUy/MDAxNzgxODU3Mzk0MTQ2.6V1hxUO7uSnAkDYTSyxR2DRuvnddLBLAC-WmUIOZYikg.0DSi5YVUAnt4dctDwstLetpWFo8dAH2RocX4Kher9r8g.JPEG/0D09F7D0-6E3E-4D67-B644-0CBB08B3BF48.jpeg?type=w1500_60_sharpen"", ""https://pup-review-phinf.pstatic.net/MjAyNjA2MTlfMjgz/MDAxNzgxODU3Mzk0MTgy.PPLvFY9cS0npcTJtsq8_yu5xNFQzw8ejoRvXIS0fQQIg.cBYBtFf5ZSvf_vX047ZuMKysx8IzDdkBk5WZEeqiJtQg.JPEG/DA03FF0E-E00D-4DD9-8A29-8672433107C4.jpeg?type=w1500_60_sharpen""]",0,"[""음식이 맛있어요"", ""단체모임 하기 좋아요"", ""매장이 청결해요""]",,true,2026-09-01T06:06:45+00:00,naver_마드리드_20260901T055008Z#4
naver,마드리드,1188708686,https://pcmap.place.naver.com/restaurant/1188708686/review/visitor,6a095d46a40db9eabfd21f5b,Steadfast3,5pYge,https://m.place.naver.com/my/5ca8b17d742f218124a1f249/review?v=2,5.0,로시즌엔 메뉴가 한정적😩 그래도 일단 먹어 배 채워,2026-05-17,2026-05-17,1,1,"[""https://pup-review-phinf.pstatic.net/MjAyNjA1MTdfMTM4/MDAxNzc4OTk4NTk2NDY5.l_boik72q2yGMmO-YxtfetwgpNBZ7JHKuJtDNsXfg1og.y7VLvnLnMXcG2U_VVQJ5f1AIp4qGbANASKBVBPFiUpgg.JPEG/C51C849E-44AC-4EC5-B257-DF111A4F8177.jpeg?type=w1500_60_sharpen""]",0,"[""음식이 맛있어요""]",,true,2026-09-01T06:06:45+00:00,naver_마드리드_20260901T055008Z#5
naver,마드리드,1188708686,https://pcmap.place.naver.com/restaurant/1188708686/review/visitor,6a7db39077ceafa870ebad09,온푸냥,3oMOv,https://m.place.naver.com/my/5effae6680dd0fa8cd66d471/review?v=2,4.0,,2026-08-13,2026-08-01,2,1,"[""https://pup-review-phinf.pstatic.net/MjAyNjA4MTNfMTY2/MDAxNzg2NjIyODYzNjQ3.pTNHWwp11X2WW_jvH1b9rt0-a20qNlsYJ62BY64Qqr8g.4QP9XVt8XzjHggLvYpOPoCxJV0IejjPQtbpzd0Ruo0Yg.JPEG/85A93B46-8C86-46C0-AFDD-F412F6060EB2.jpeg?type=w1500_60_sharpen""]",0,,,true,2026-09-01T06:06:45+00:00,naver_마드리드_20260901T055008Z#6
naver,마드리드,1188708686,https://pcmap.place.naver.com/restaurant/1188708686/review/visitor,69a1ac13130da8dd14c1bb5a,ns****,4uTCV,https://m.place.naver.com/my/5effe81d05187f79123b2472/review?v=2,,캐리비안베이 두번 갔는데 다 여기서만 먹었어요. 맛있고 다양해서 좋아요. 어차피 다 비싼 곳이니 여기가 제일 나은 것 같습니다.,2026-02-27,2026-02-27,1,1,"[""https://pup-review-phinf.pstatic.net/MjAyNjAyMjdfMTU3/MDAxNzcyMjAzMDI1MDA3.484-g2UkKOtsOi16u8i-Gidt_iBt4XnopYOJK9TPdq4g.JLAFhNMqciQhK3OUd1VVLsdiad-a9fri2Bprre61hKYg.JPEG/025CD37D-7075-408F-A8A2-B0ECDF4A9A13.jpeg?type=w1500_60_sharpen""]",0,"[""음식이 맛있어요""]",,true,2026-09-01T06:06:45+00:00,naver_마드리드_20260901T055008Z#7
naver,마드리드,1188708686,https://pcmap.place.naver.com/restaurant/1188708686/review/visitor,69a54f4c4f4593a295b0d10a,꽃신꽃신,2DVSk,https://m.place.naver.com/my/60d1a431a866f79d44ee507b/review?v=2,,자장면도 짬뽕도 군만두도 맛있었어요^^,2026-03-02,2026-03-01,1,1,"[""https://pup-review-phinf.pstatic.net/MjAyNjAzMDJfMTYz/MDAxNzcyNDQxNDE4ODYw.og9jagtSMZeOi3nX-4_VAfIVQpzFbNxVof2PyBWE_Fkg.onkczwbYmQL3ZQdUoUKq-3gH7QF5uW2Whvx4sIPszQcg.JPEG/20260301_190157.jpg.jpg?type=w1500_60_sharpen""]",0,"[""음식이 맛있어요"", ""재료가 신선해요"", ""양이 많아요"", ""매장이 넓어요"", ""친절해요""]",,true,2026-09-01T06:06:45+00:00,naver_마드리드_20260901T055008Z#8
naver,마드리드,1188708686,https://pcmap.place.naver.com/restaurant/1188708686/review/visitor,69477045425836c248c835d3,gol****,2cM2FB,https://m.place.naver.com/my/6707203c73736e3dcf86ae9f/review?v=2,,캐리비안베이 마드리드 식당,2025-12-21,2025-12-19,1,2,"[""https://pup-review-phinf.pstatic.net/MjAyNTEyMjFfMTEz/MDAxNzY2Mjg5NDczNTA5.GD2bbiJYiuM3B8Dm1aC1LZoE0ZaEDVcc2D8FU93w0Jwg.UHmelc1joqqYeuwKA2KCVv0X8_XMhuccQFXYcJZISg0g.JPEG/20251219_115356.jpg.jpg?type=w1500_60_sharpen"", ""https://pup-review-phinf.pstatic.net/MjAyNTEyMjFfMTcg/MDAxNzY2Mjg5NDc1MDQ0.hv80R7Z1pVpRMat_f6t2aZJn6C3KDyweavD2FnFmjYMg.dPCYjRpNzfIf2Nzry1pL6lkMSwCVBaKXzjVCK_jIfeEg.JPEG/20251219_115358.jpg.jpg?type=w1500_60_sharpen""]",0,"[""음식이 맛있어요""]",,true,2026-09-01T06:06:45+00:00,naver_마드리드_20260901T055008Z#9
naver,마드리드,1188708686,https://pcmap.place.naver.com/restaurant/1188708686/review/visitor,69a67faeec598d7c272deb6b,해피냥8,2yQKk,https://m.place.naver.com/my/5e10065e8f87a842bc28f52d/review?v=2,,,,2026-03-01,2,,,0,"[""음식이 빨리 나와요""]",,true,2026-09-01T06:06:45+00:00,naver_마드리드_20260901T055008Z#10
naver,마드리드,1188708686,https://pcmap.place.naver.com/restaurant/1188708686/review/visitor,6991c8854b7dbcc705a38e1f,동동이D,bXsyO,https://m.place.naver.com/my/61ec9da7b22a0f949d6581a3/review?v=2,,,,2026-02-08,1,,,0,"[""가성비가 좋아요"", ""특별한 메뉴가 있어요"", ""양이 많아요""]",,true,2026-09-01T06:06:45+00:00,naver_마드리드_20260901T055008Z#11
naver,마드리드,1188708686,https://pcmap.place.naver.com/restaurant/1188708686/review/visitor,68c3b3234bc00128a070605d,loveis076476,1sl7W,https://m.place.naver.com/my/5f0596c482d9f26c95eeeafa/review?v=2,,,,2025-09-09,1,,,0,"[""특별한 날 가기 좋아요""]",,true,2026-09-01T06:06:45+00:00,naver_마드리드_20260901T055008Z#12
naver,마드리드,1188708686,https://pcmap.place.naver.com/restaurant/1188708686/review/visitor,687452294351249b0c090258,양지68,15HGk,https://m.place.naver.com/my/5c6e6ad24bb61f68d9a4d144/review?v=2,,,,2025-07-12,1,,,0,"[""친절해요"", ""음식이 맛있어요""]",,true,2026-09-01T06:06:45+00:00,naver_마드리드_20260901T055008Z#13
naver,마드리드,1188708686,https://pcmap.place.naver.com/restaurant/1188708686/review/visitor,68622de43619828275c57c04,조선간장56,9jinJ,https://m.place.naver.com/my/5dc7b1728f87a842bc65db35/review?v=2,,,,2025-06-30,1,,,0,"[""음식이 맛있어요"", ""인테리어가 멋져요""]",,true,2026-09-01T06:06:45+00:00,naver_마드리드_20260901T055008Z#14
naver,마드리드,1188708686,https://pcmap.place.naver.com/restaurant/1188708686/review/visitor,6819896a07349038a3c1a89e,hyungmi89,1lf0m,https://m.place.naver.com/my/5e2bc4448f87a842bcf94790/review?v=2,,,,2025-05-03,1,,,0,"[""음식이 맛있어요"", ""재료가 신선해요""]",,true,2026-09-01T06:06:45+00:00,naver_마드리드_20260901T055008Z#15
naver,마드리드,1188708686,https://pcmap.place.naver.com/restaurant/1188708686/review/visitor,67b808caf80510fdcd918599,해피냥8,2yQKk,https://m.place.naver.com/my/5e10065e8f87a842bc28f52d/review?v=2,,,,2025-02-15,1,,,0,"[""음식이 맛있어요"", ""양이 많아요""]",,true,2026-09-01T06:06:45+00:00,naver_마드리드_20260901T055008Z#16
naver,마드리드,1188708686,https://pcmap.place.naver.com/restaurant/1188708686/review/visitor,67a63a8640e82e69665c89b7,라미0221,2qADE,https://m.place.naver.com/my/5da8f6f68f87a842bc25a5de/review?v=2,,,,2025-02-06,2,,,0,"[""음식이 맛있어요""]",,true,2026-09-01T06:06:45+00:00,naver_마드리드_20260901T055008Z#17
naver,마드리드,1188708686,https://pcmap.place.naver.com/restaurant/1188708686/review/visitor,67bd66fb4145fb0aabd89f49,미밍8322,199bt,https://m.place.naver.com/my/5d9edd2a8f87a842bcbe9a91/review?v=2,,,,2025-02-09,1,,,0,"[""음식이 맛있어요""]",,true,2026-09-01T06:06:45+00:00,naver_마드리드_20260901T055008Z#18
naver,마드리드,1188708686,https://pcmap.place.naver.com/restaurant/1188708686/review/visitor,677beb5834fd008459ea3c45,내가짱이다70,2SlU3,https://m.place.naver.com/my/5d00b1ad935997c1012e707f/review?v=2,,,,2024-12-06,1,,,0,"[""음식이 맛있어요""]",,true,2026-09-01T06:06:45+00:00,naver_마드리드_20260901T055008Z#19
naver,마드리드,1188708686,https://pcmap.place.naver.com/restaurant/1188708686/review/visitor,69f93e1b585354bdd9ff3eac,마가렛79,36sSu,https://m.place.naver.com/my/5c62ce733381c66400dc51f3/review?v=2,5.0,맛있게 먹었어요,2026-05-05,2026-05-03,2,,,0,"[""음식이 맛있어요""]",,true,2026-09-01T06:06:45+00:00,naver_마드리드_20260901T055008Z#20
naver,마드리드,1188708686,https://pcmap.place.naver.com/restaurant/1188708686/review/visitor,69f83cfd74573395947b53e5,오륙도다,1vrbr,https://m.place.naver.com/my/5f06e3b8d6ec8fd5cc9c9ee4/review?v=2,5.0,사람이 많이 몰릴때는 어쩔수없이 많이 기다림,2026-05-04,2026-05-03,1,,,0,"[""단체모임 하기 좋아요"", ""화장실이 깨끗해요"", ""매장이 청결해요""]",,true,2026-09-01T06:06:45+00:00,naver_마드리드_20260901T055008Z#21
naver,마드리드,1188708686,https://pcmap.place.naver.com/restaurant/1188708686/review/visitor,6871c26a0774ec0fe20305c8,hugosun,1bFEK,https://m.place.naver.com/my/5d9073228f87a842bc1815e4/review?v=2,,,,2025-07-12,1,,,0,"[""특별한 메뉴가 있어요""]",,true,2026-09-01T06:06:45+00:00,naver_마드리드_20260901T055008Z#22
naver,마드리드,1188708686,https://pcmap.place.naver.com/restaurant/1188708686/review/visitor,683c7eda32ccacb49a869bc6,gadria83,2LtBf,https://m.place.naver.com/my/5d036635f2b140e17c54d778/review?v=2,,,,2025-05-24,1,,,0,"[""음식이 맛있어요""]",,true,2026-09-01T06:06:45+00:00,naver_마드리드_20260901T055008Z#23
naver,가든테라스,1839013733,https://pcmap.place.naver.com/restaurant/1839013733/review/visitor,6a142392e8b36df11a5e8ba0,JayorJY,2MeZK,https://m.place.naver.com/my/5d647f128f87a842bc3482b0/review?v=2,5.0,소시지 & 카레라이스,2026-05-25,2026-05-22,1,1,"[""https://pup-review-phinf.pstatic.net/MjAyNjA1MjVfNCAg/MDAxNzc5NzA0NzIwNTg5.tT5MQT4urjf1Aok9KWeAOZSUGM_oJKi523M42DV9z4cg.h9bfqqw8weagjL7Va0oenvAFD_4ziwJal9fByCJ7oRkg.JPEG/D36A3413-A2CC-4DCE-911D-5C655757ECC9.jpeg?type=w1500_60_sharpen""]",0,"[""음식이 맛있어요""]",,true,2026-09-01T06:08:42+00:00,naver_가든테라스_20260901T055008Z#0
naver,가든테라스,1839013733,https://pcmap.place.naver.com/restaurant/1839013733/review/visitor,6a1ea81e49f2e2f8feaa87c4,boa7272,lnU2,https://m.place.naver.com/my/5db5b2348f87a842bc8c5e33/review?v=2,5.0,굿,2026-06-02,2026-05-31,1,1,"[""https://pup-review-phinf.pstatic.net/MjAyNjA2MDJfMzQg/MDAxNzgwMzk0MDEyMDM1.gt0g3E1IGBMmsrXx_jC_YTdymqjL56N7qzEdio6xGYcg.OhFHfYjeNf3BLOTG47K4omDmKSDA3gGbhu2LXU8qdRsg.JPEG/20260531_161501.jpg.jpg?type=w1500_60_sharpen""]",0,"[""뷰가 좋아요"", ""인테리어가 멋져요""]",,true,2026-09-01T06:08:42+00:00,naver_가든테라스_20260901T055008Z#1
naver,가든테라스,1839013733,https://pcmap.place.naver.com/restaurant/1839013733/review/visitor,69e30621b4bc7d2223f5dd59,dydgus0691,uRMG,https://m.place.naver.com/my/5dae57248f87a842bc2553a7/review?v=2,3.0,,2026-04-18,2026-04-13,1,1,"[""https://pup-review-phinf.pstatic.net/MjAyNjA0MThfMjE3/MDAxNzc2NDg1OTIwNzEy.vrJWkyT7Z3S7g9G5v8VNZbztS_RaR59_rJnfR8PslN4g.6NFV_C8Wq2IrbWQyAUUZHAHp_Iwiy_ip7ek1Z6VrAFgg.JPEG/0B310688-931E-43CC-95B3-AF0460A608F1.jpeg?type=w1500_60_sharpen""]",0,"[""친절해요"", ""좌석이 편해요"", ""매장이 청결해요"", ""매장이 넓어요"", ""대화하기 좋아요""]",,true,2026-09-01T06:08:42+00:00,naver_가든테라스_20260901T055008Z#2
naver,가든테라스,1839013733,https://pcmap.place.naver.com/restaurant/1839013733/review/visitor,68eb509ebaf4d5cd5cce8341,백팩커 재구언,4a15F,https://m.place.naver.com/my/5d7bbda88f87a842bc23dd8e/review?v=2,,"11월 15일에 레니와친구들 생일카페다시 열어주세요!!!! 달려올게요!!!

에버랜드에서 가장 다양한 음식들을 먹을수있는 카페겸 레스토랑
여기 자주 오는 것 같아요. 놀이기구 기다리다가 지쳤을 때 쉬기에 제격이거든요!",2025-10-12,2025-10-12,4,3,"[""https://pup-review-phinf.pstatic.net/MjAyNTEwMTJfMiAg/MDAxNzYwMjUyMDU2NTY3.crFCKHmg9UkEnLkbWMAHlzTnSmJEsqsKtl5tBLpW6K4g.IHQAO376lA7b4vn5XT5hWwECuuSVJ5alBHTGf_eiGZ8g.JPEG/3355B85F-9309-4294-8DD2-AD65DCB9D738.jpeg"", ""https://pup-review-phinf.pstatic.net/MjAyNTEwMTJfMTIz/MDAxNzYwMjUyMDYwMDMy.VxGn5v8FW6JkzY94l_KkH1RcDqLPbVFnk0ISIjy4Nn8g.i1oykO2SKIktsIqByghbIyPVVUQOAByS3Qg3lSpDYZMg.JPEG/8ED55516-327D-419B-9201-B239D69E0156.jpeg?type=w1500_60_sharpen"", ""https://pup-review-phinf.pstatic.net/MjAyNTEwMTJfNTMg/MDAxNzYwMjUyMDU5NTQ2.pLJ_kq8DmbNTg7HswaNKN4f3iDqwlKgC_aRTw5Y8H-8g.fkHYkqjrx0G43TzjxwTsg9VVrZCs94P17biX6ZTbcPcg.JPEG/D73B0897-B60E-4872-B176-A5A54FE051E2.jpeg?type=w1500_60_sharpen""]",0,"[""재료가 신선해요"", ""음식이 맛있어요"", ""양이 많아요"", ""특별한 메뉴가 있어요"", ""인테리어가 멋져요""]",,true,2026-09-01T06:08:42+00:00,naver_가든테라스_20260901T055008Z#3
naver,가든테라스,1839013733,https://pcmap.place.naver.com/restaurant/1839013733/review/visitor,68da0382ba379c58b85251d8,상위 1프로83,x1v8,https://m.place.naver.com/my/6248fc94e319421df33c7529/review?v=2,,에버랜드내에 있는 가든카페는 최고의 뷰를 자랑합니다~ 내부에게 간단한 커피와 베이커리를 먹고 메인광장 경치를 보는 묘미가 있어요~ 야외 최고 뷰 맛집으로 자신합니다^^,2025-09-29,2025-09-21,1,9,"[""https://pup-review-phinf.pstatic.net/MjAyNTA5MjlfMjI5/MDAxNzU5MTE4MTczOTQ1.VLUiSe6DgFxKUqhwLeCejDC1UoiF_78idV4I_pc0vWkg.PMxLUd5SAoZmLOt4pqD7FYBvXtQR6VI5gV0VlInwkrEg.JPEG/20250921_162638.jpg.jpg?type=w1500_60_sharpen"", ""https://pup-review-phinf.pstatic.net/MjAyNTA5MjlfNjgg/MDAxNzU5MTE4MTczODUz.T7EszEVAz9-EocKrP4ciDefL_x9SwBytXnGA4daTfv8g.PT_0fRlK9matFu9nWzbwCOdFzDRTkU1r0pUC7dhme0kg.JPEG/20250921_162629.jpg.jpg?type=w1500_60_sharpen"", ""https://pup-review-phinf.pstatic.net/MjAyNTA5MjlfMjQw/MDAxNzU5MTE4MTc1MTgx.tA-C6hrMKpxrwgI6bVreAngkCyeJjk3LV1adKMTScwog.xaxBNRav7-SbJlO3GjAG5Qvq1CSCT18_ABw0FowSUwwg.JPEG/20250921_162619.jpg.jpg?type=w1500_60_sharpen"", ""https://pup-review-phinf.pstatic.net/MjAyNTA5MjlfNjUg/MDAxNzU5MTE4MjA2ODY5.a9nLKqz9H9Xap7rUyfrST3xkD69YRI7j_bF9h3ODGZ4g.kMrSJhYsZjjDF_s1hfYWdP3-kNDFrNE1Ows4zNlcWG4g.JPEG/20250921_162612.jpg.jpg?type=w1500_60_sharpen"", ""https://pup-review-phinf.pstatic.net/MjAyNTA5MjlfMjQg/MDAxNzU5MTE4MjAyMzk1.d2K3fEefuD-tflnITMCnvuuT4WyETAxBY8_qCvfE_kog._eWrUHJGLytHaaX3PeX2Q7HjX73NW1gBk7X1L5PRNXQg.JPEG/20250921_162609.jpg.jpg?type=w1500_60_sharpen"", ""https://pup-review-phinf.pstatic.net/MjAyNTA5MjlfMzAw/MDAxNzU5MTE4MjAxNTIw.F06Li_LiFAhfO0w_TEYXdWooMwMeYr0rw9ffmCw7hkQg.UV84g4cJrqeNnbkvWdb4Ubpxo6KQPHwzHyYnKXt-ao8g.JPEG/20250921_162603.jpg.jpg?type=w1500_60_sharpen"", ""https://pup-review-phinf.pstatic.net/MjAyNTA5MjlfMTEz/MDAxNzU5MTE4MTk3Mzc4.y5DChyv-crTRO_qpKACTn2QDdj6VcrgJtljuuqbreS4g.nSWF5eTk1cyiUX5L0EyqPmYhvaLNV4q1iQj7enG4brQg.JPEG/20250921_163021.jpg.jpg?type=w1500_60_sharpen"", ""https://pup-review-phinf.pstatic.net/MjAyNTA5MjlfMzkg/MDAxNzU5MTE4MTg2MDgy.rsgMq4GDHUic2_t9FOTeNGgZB4sAp04ruo-FXA1SKB4g.flxxf8TRkgqCXCJ7kVBKvCivXE27VPsxD87yeP-n-GYg.JPEG/20250921_163015.jpg.jpg?type=w1500_60_sharpen"", ""https://pup-review-phinf.pstatic.net/MjAyNTA5MjlfMjQ3/MDAxNzU5MTE4MjA2NjMx.zceZ9tO-F3PwBQGL_LMRanCFo_IDbQltmDIJuNXKoTIg.mHVnOOQfdYAsfr5Pa9paNh3W8KdK7apbVtiEhWcBnKsg.JPEG/20250921_163012.jpg.jpg?type=w1500_60_sharpen""]",0,"[""뷰가 좋아요"", ""사진이 잘 나와요"", ""야외공간이 멋져요"", ""특별한 날 가기 좋아요"", ""매장이 청결해요""]",,true,2026-09-01T06:08:42+00:00,naver_가든테라스_20260901T055008Z#4
naver,가든테라스,1839013733,https://pcmap.place.naver.com/restaurant/1839013733/review/visitor,6903679ccda4de838d243d83,해피윰8,NCGV,https://m.place.naver.com/my/5f063637de46936b673ab171/review?v=2,,"선택할 밥종류가 없긴해서 있는거 시켜봤는데...가격대비 너무 양이 터무니없네요ㅠㅠ
비프스튜는 고기가 거의 없고 실망임. 카레라이스는 그럭저럭이네요...",2025-10-30,2025-10-23,1,1,"[""https://pup-review-phinf.pstatic.net/MjAyNTEwMzBfMjg4/MDAxNzYxODMwODEwNTM3.Bya01kPR1EMgq6J0If0WJwYXnfB1hc6p6mCP_AC08awg.JOTptnU-R0ebwV3dhqbwGyUv8xkUBsHaftrnhMIpKa0g.JPEG/1000023985.jpg.jpg?type=w1500_60_sharpen""]",0,"[""매장이 넓어요"", ""친절해요""]",,true,2026-09-01T06:08:42+00:00,naver_가든테라스_20260901T055008Z#5
naver,가든테라스,1839013733,https://pcmap.place.naver.com/restaurant/1839013733/review/visitor,68dea8f25d8f6a8870ed9923,빛나는 별 s,1c6Ga,https://m.place.naver.com/my/5d61ccd68f87a842bcdb7b97/review?v=2,,소세지 카레라이스도 맛있었고 순살치킨 짜거나 맵지않아 아이도 잘 먹었어요,2025-10-03,2025-10-02,1,1,"[""https://pup-review-phinf.pstatic.net/MjAyNTEwMDNfMjE4/MDAxNzU5NDIyNzA0OTMz.7dY2UOFiJdCEjn57VSj9s-QoDtC2tig2t4NJG_rLPi4g.dLDVsgJbJoB17d0ItZUbtIKRMBU3OMHKBCMtTSU6RPog.JPEG/20251002_190132.jpg.jpg?type=w1500_60_sharpen""]",0,"[""음식이 맛있어요""]",,true,2026-09-01T06:08:42+00:00,naver_가든테라스_20260901T055008Z#6
naver,가든테라스,1839013733,https://pcmap.place.naver.com/restaurant/1839013733/review/visitor,68b933b2abc1332167a1b1ca,k i m m i,3QV9R,https://m.place.naver.com/my/5e1d361b8f87a842bceb910b/review?v=2,,"점심시간 전에 미리 아점시간때 가서 대기없이 자리 잡을 수 있었습니다.ㅎ 
그럼에도 사람이 바글바글해서 시끄럽고 정신없긴 해요.ㅎ
와중에 테이블 간격이 너무 좁아서 통행이 불편하더라구요.ㅜ 
근데 다 맛있었어요~ㅎㅎ 
아이는 카레라이스가 제일 맛있다네요~",2025-09-04,2025-06-06,1,2,"[""https://video-phinf.pstatic.net/20250904_260/1756967845379lcuMB_JPEG/xBUAYs6Q35_03.jpg"", ""https://pup-review-phinf.pstatic.net/MjAyNTA5MDRfMjQ0/MDAxNzU2OTY3ODQzNjYw.zhfz7DLr9EbQkkWNOruV8J_yyiIFJXmm6mwSQDgzQVcg.B2FRdGeP0hpedkTNFBsRt-PryXzeIuu8i6N2tfsD0Iwg.JPEG/20250606_123119.jpg.jpg?type=w1500_60_sharpen""]",1,"[""음식이 맛있어요""]",,true,2026-09-01T06:08:42+00:00,naver_가든테라스_20260901T055008Z#7
naver,가든테라스,1839013733,https://pcmap.place.naver.com/restaurant/1839013733/review/visitor,68d7807d4a7d0a2eab7bc5de,백팩커 재구언,4a15F,https://m.place.naver.com/my/5d7bbda88f87a842bc23dd8e/review?v=2,,가든테라스 신상 빵 나왔네요  ~ 맛있었습니다 ㅎ,2025-09-27,2025-09-27,3,4,"[""https://pup-review-phinf.pstatic.net/MjAyNTA5MjdfNjUg/MDAxNzU4OTUzNTkxNjM1.vZH1LUo6i0YDkfu5hHxPIvwC1iqiHZNwr3hGAJmeFD8g.C98K6lDfxTs7lg_ORcFkBpxZr8efaE7mg3d7zck8HGYg.JPEG/FE198281-CFC6-49C9-9659-A0CC441578BC.jpeg"", ""https://pup-review-phinf.pstatic.net/MjAyNTA5MjdfOSAg/MDAxNzU4OTUzNTk0ODk0.zB-yQmZFrF7uQEsVib5E-rXxWku_uBnCAhaWH9JWLaMg.V5BHJvhvO-91rtSrKiNXzoIXZ3igFBfYF2LF30M2ah4g.JPEG/77AAE631-2CA2-44FA-9103-D6FB1EFF3513.jpeg?type=w1500_60_sharpen"", ""https://pup-review-phinf.pstatic.net/MjAyNTA5MjdfMjAz/MDAxNzU4OTUzNTk0NzQ5.0lHPs4SbtEkOFahv5yXBXo4jRAqykypywolaEzaKav0g.RR5_vc4z3GWFInP9wgsSL7rqVfEKt6FK0FsgVqo14oAg.JPEG/CD10EDD0-064C-45BE-88A6-2EEDC956665E.jpeg?type=w1500_60_sharpen"", ""https://pup-review-phinf.pstatic.net/MjAyNTA5MjdfMjYg/MDAxNzU4OTUzNTk0OTQy.M6JV7vGvAeiE-1ysOY0KGhhHEp9xxHkv7i-kde1T_CQg.XAxhPqUQjRzu63y1iylUdIROQUG_3ymF4zfKEzVW5o0g.JPEG/B1B378AD-2F8A-45AD-8828-BA11ED4050CF.jpeg?type=w1500_60_sharpen""]",0,"[""음식이 맛있어요"", ""재료가 신선해요"", ""양이 많아요"", ""매장이 넓어요""]",,true,2026-09-01T06:08:42+00:00,naver_가든테라스_20260901T055008Z#8
naver,가든테라스,1839013733,https://pcmap.place.naver.com/restaurant/1839013733/review/visitor,68da0d0fbbb8861eb12f9c78,신나게6053,6DL6H,https://m.place.naver.com/my/6190a34782fc7500070cba9e/review?v=2,,카레라이스야미~,2025-09-29,2025-09-26,1,,,0,"[""음식이 맛있어요"", ""재료가 신선해요""]",,true,2026-09-01T06:08:42+00:00,naver_가든테라스_20260901T055008Z#9
naver,가든테라스,1839013733,https://pcmap.place.naver.com/restaurant/1839013733/review/visitor,6853f145ea39d63995cd930f,shd****,AbDF,https://m.place.naver.com/my/61b730e0aaa6d3f1f07ffd74/review?v=2,,,,2025-06-19,1,,,0,"[""매장이 넓어요"", ""음식이 맛있어요"", ""친절해요"", ""매장이 청결해요"", ""주차하기 편해요""]",,true,2026-09-01T06:08:42+00:00,naver_가든테라스_20260901T055008Z#10
naver,가든테라스,1839013733,https://pcmap.place.naver.com/restaurant/1839013733/review/visitor,682bdc27fffeb8bfa29073d2,jmi****,5Ra9O,https://m.place.naver.com/my/5f06be0b2485c5130cf35a27/review?v=2,,,,2025-05-15,1,,,0,"[""매장이 청결해요"", ""특별한 날 가기 좋아요"", ""특별한 메뉴가 있어요""]",,true,2026-09-01T06:08:42+00:00,naver_가든테라스_20260901T055008Z#11
naver,가든테라스,1839013733,https://pcmap.place.naver.com/restaurant/1839013733/review/visitor,67e149e4fc496916b2442bab,skkk,SY0M,https://m.place.naver.com/my/5bf7c146c1c93a098385ce39/review?v=2,,,,2025-03-12,1,,,0,"[""음식이 맛있어요""]",,true,2026-09-01T06:08:42+00:00,naver_가든테라스_20260901T055008Z#12
naver,가든테라스,1839013733,https://pcmap.place.naver.com/restaurant/1839013733/review/visitor,67159f574a46daf6bf111376,사랑가득한스푼,17nbM,https://m.place.naver.com/my/5c0a20a85de105a6889868d3/review?v=2,,,,2024-10-20,1,,,0,"[""음식이 맛있어요""]",,true,2026-09-01T06:08:42+00:00,naver_가든테라스_20260901T055008Z#13
naver,가든테라스,1839013733,https://pcmap.place.naver.com/restaurant/1839013733/review/visitor,6711139fc145e0c877f9f3d9,ksyrsw,1MCXd,https://m.place.naver.com/my/5c75f8c7764733e3723fd702/review?v=2,,,,2024-10-17,1,,,0,"[""음식이 맛있어요"", ""특별한 메뉴가 있어요"", ""매장이 넓어요""]",,true,2026-09-01T06:08:42+00:00,naver_가든테라스_20260901T055008Z#14
naver,가든테라스,1839013733,https://pcmap.place.naver.com/restaurant/1839013733/review/visitor,67206a6bf0ba3db0f0344282,햄무햄무,3LnMN,https://m.place.naver.com/my/5ddf483e9ec8258e4a5396d6/review?v=2,,,,2024-10-29,1,,,0,"[""음식이 맛있어요""]",,true,2026-09-01T06:08:42+00:00,naver_가든테라스_20260901T055008Z#15
naver,가든테라스,1839013733,https://pcmap.place.naver.com/restaurant/1839013733/review/visitor,679ff8fcc2be6b18adeee1ff,67****,66IfL,https://m.place.naver.com/my/5db540558f87a842bcd3d241/review?v=2,,,,2025-01-27,1,,,0,"[""음식이 맛있어요"", ""매장이 넓어요"", ""매장이 청결해요""]",,true,2026-09-01T06:08:42+00:00,naver_가든테라스_20260901T055008Z#16
naver,가든테라스,1839013733,https://pcmap.place.naver.com/restaurant/1839013733/review/visitor,6780ad2393a25f7e74689c14,킹큥,cBXJt,https://m.place.naver.com/my/60e1069239b21d1203c25a3e/review?v=2,,,,2024-10-31,1,,,0,"[""음식이 맛있어요""]",,true,2026-09-01T06:08:42+00:00,naver_가든테라스_20260901T055008Z#17
naver,가든테라스,1839013733,https://pcmap.place.naver.com/restaurant/1839013733/review/visitor,672229dfa3cfe35bbc583030,Choi65,3PjEt,https://m.place.naver.com/my/5f06cc00848333b0d5bfb158/review?v=2,,,,2024-10-30,1,,,0,"[""음식이 맛있어요"", ""재료가 신선해요""]",,true,2026-09-01T06:08:42+00:00,naver_가든테라스_20260901T055008Z#18
naver,가든테라스,1839013733,https://pcmap.place.naver.com/restaurant/1839013733/review/visitor,6739b484d9f7a3487529f82f,픽디,mZnL,https://m.place.naver.com/my/5d89a9958f87a842bc9df8da/review?v=2,,,,2024-11-15,1,,,0,"[""음식이 맛있어요""]",,true,2026-09-01T06:08:42+00:00,naver_가든테라스_20260901T055008Z#19
naver,가든테라스,1839013733,https://pcmap.place.naver.com/restaurant/1839013733/review/visitor,68af12699d6c303feb3aa8b2,수맘83,466sL,https://m.place.naver.com/my/5f9b5a7c77e9f7ee5fd64b7c/review?v=2,,마르게리타 페스츄리 피자 맛있어요,2025-08-27,2025-08-23,1,,,0,"[""음식이 맛있어요"", ""가성비가 좋아요"", ""대화하기 좋아요"", ""뷰가 좋아요"", ""매장이 넓어요""]",,true,2026-09-01T06:08:42+00:00,naver_가든테라스_20260901T055008Z#20
naver,가든테라스,1839013733,https://pcmap.place.naver.com/restaurant/1839013733/review/visitor,672069b64a6d0aa6994867a2,seong116,2FCvA,https://m.place.naver.com/my/5eff93f7de5d1e6a342b4c8e/review?v=2,,,,2024-10-29,1,,,0,"[""인테리어가 멋져요"", ""뷰가 좋아요""]",,true,2026-09-01T06:08:42+00:00,naver_가든테라스_20260901T055008Z#21
naver,멜팅소울 캐리비안베이점,1679236775,https://pcmap.place.naver.com/restaurant/1679236775/review/visitor,69e301e05bbf07f8326036a6,Mmmmmme,a8rO,https://m.place.naver.com/my/5be264bf3a1748aaec033932/review?v=2,5.0,"7살 아이와 단둘이 와서 늘 먹는 메뉴에요🍔🍟🥤
놀이공원 물가대비 아주 괜찮은 메뉴랍니다!
갠적으로 쉑버거보다 더 맛있어용😁
물놀이 후 먹는 버거와 감튀는 증멜루 꿀맛이에요!
치즈볼은 처음 주문했는데 겉바 속쫀
무조건 시키세영💕 배 든든히 채우고 물놀이
슝 합니다🏊‍♂️🏊‍♀️🏊",2026-04-18,2026-04-18,1,1,"[""https://pup-review-phinf.pstatic.net/MjAyNjA0MThfNTIg/MDAxNzc2NDg0NjYzOTU5.ESDxA9EbDrqoF7vemiNdO3DNPMW24xMbZDlUCanRTYEg.B9ujxn7A0zpMNx5WyCMZYM7zYqxqj96Exax8jQdRypcg.JPEG/20260418_123831.jpg?type=w1500_60_sharpen""]",0,"[""음식이 맛있어요"", ""매장이 넓어요"", ""뷰가 좋아요"", ""매장이 청결해요"", ""포장이 깔끔해요""]",,true,2026-09-01T06:10:38+00:00,naver_멜팅소울-캐리비안베이점_20260901T055008Z#0
naver,멜팅소울 캐리비안베이점,1679236775,https://pcmap.place.naver.com/restaurant/1679236775/review/visitor,6a2d4c53c57123489d77a3ba,천공노을,2UBml,https://m.place.naver.com/my/5ca03ae6edb1e9a55dd45a93/review?v=2,3.5,"아이들과 함께 케리비안베이 물놀이 후 늦은 점심으로 먹었네요
햄버거 구성치고는 가격이 사악하지만 맛은 나쁘지 않네요",2026-06-13,2026-06-13,1,1,"[""https://pup-review-phinf.pstatic.net/MjAyNjA2MTNfMTEy/MDAxNzgxMzUzNDQ1MDk5.Ze5VnWBebx3KjbkCPKY10O9CznAo6GWzLfSQDXrRnBcg.S4FB6LQV_Qa18fxruplJhLQ2rfF1_rASX1wR2cD6CwEg.JPEG/IMG_3950.jpeg?type=w1500_60_sharpen""]",1,"[""음식이 맛있어요"", ""고기 질이 좋아요""]",,true,2026-09-01T06:10:38+00:00,naver_멜팅소울-캐리비안베이점_20260901T055008Z#1
naver,멜팅소울 캐리비안베이점,1679236775,https://pcmap.place.naver.com/restaurant/1679236775/review/visitor,6a129963c73b8911556f2a29,제니퍼69,JLYT,https://m.place.naver.com/my/5c1990c13604481771416d31/review?v=2,5.0,"어우...여기 감자튀김 아이가 너무 너무 좋아해요!
항상 물놀이오면 필수로 여기 감튀먹습니다~~!!
햄버거도 존맛! 인앤아웃만큼 맛있어요:)",2026-05-24,2026-05-24,1,1,"[""https://pup-review-phinf.pstatic.net/MjAyNjA1MjRfMjM1/MDAxNzc5NjAzNzYxMTA0.GlY9w70m8Bb6Sm2qNeTly84naNs9nHpB-ALk43PWtkIg.4wgZpvKxsRYI5_C-CeNHB2AC1UL-eGeNwjHS-1g_k3Mg.JPEG/17796037505858833220676512354571.jpg?type=w1500_60_sharpen""]",0,"[""음식이 맛있어요"", ""재료가 신선해요"", ""친절해요"", ""매장이 청결해요""]",,true,2026-09-01T06:10:38+00:00,naver_멜팅소울-캐리비안베이점_20260901T055008Z#2
naver,멜팅소울 캐리비안베이점,1679236775,https://pcmap.place.naver.com/restaurant/1679236775/review/visitor,699290bb601bc53b58b6b8e8,kkimkkj,2s3g7,https://m.place.naver.com/my/5da2ae708f87a842bc3e9c79/review?v=2,,"싱글버거 치즈밤버거 프렌치프라이드 콜라 물 주문했어요 설날 연휴에 왔는데 운이 좋게 주문 거의 바로 했지만 음식은 한20-30분 걸린듯해요
물놀이 하면 배가 고픈데 맛있게 잘 먹고 가요 다만 치즈밤 17900인가 버거하나 가격인데 가격대비 별로요.. 기본 싱글버거가 나은거 같아요 아이가 남은 치즈에 감튀 찍어먹는데 너무 너무 잘 먹어서 다행이네요
다만 직원분 힘든거 알지만 너무 안친절하고 손님이랑 눈도 안마주칠려고 해요;;;",2026-02-16,2026-02-16,1,3,"[""https://pup-review-phinf.pstatic.net/MjAyNjAyMTZfNzAg/MDAxNzcxMjEyOTg0NDQ5.oV0Ov2Tte77zwFNtow0X2HVv4tHDtfQs2spFN4Tdn-Ag.Q13cAt7L3dw768fHlEqNtEPN8uTl-1rIhcD5N9CJkMIg.JPEG/D83C0223-1448-4D59-8EDE-4703D533D25B.jpeg?type=w1500_60_sharpen"", ""https://pup-review-phinf.pstatic.net/MjAyNjAyMTZfNTUg/MDAxNzcxMjEyOTg0OTE2.3xqQLogIUFLwR1xnfYCuUw_XAcd0vsOliAjH27l2-fMg.Dx4jz_RWjWceHPxzJKvtjCTdBLWGGa1RPhcE7__sp-cg.JPEG/1AF50689-63DE-4FA2-BAF2-87A9BF292390.jpeg?type=w1500_60_sharpen"", ""https://pup-review-phinf.pstatic.net/MjAyNjAyMTZfODMg/MDAxNzcxMjEyOTg0MjMw.64ClKpBhEZVnJZUJJSm-WMSKSaPSW8c0dvHClNCYOFMg.akafUsIp7DwpIQ6YLKvvSpxCdiNd-H57IGqMWLMvmLYg.JPEG/E5D2F663-2FC6-4F75-9D2C-8F9A532407B4.jpeg?type=w1500_60_sharpen""]",0,"[""음식이 맛있어요"", ""특별한 메뉴가 있어요"", ""매장이 넓어요"", ""포장이 깔끔해요""]",,true,2026-09-01T06:10:38+00:00,naver_멜팅소울-캐리비안베이점_20260901T055008Z#3
naver,멜팅소울 캐리비안베이점,1679236775,https://pcmap.place.naver.com/restaurant/1679236775/review/visitor,68b529dc5fc7c71753a0bfba,꿈꾸는탐험가,21V4G,https://m.place.naver.com/my/5bf9fd06c5c7b1214cdae104/review?v=2,,"비치버거랑 고구마프라이즈 맛있어요! 기대안하고 먹은건데 그가격에 그맛 정도에요. 미리 만들어둔거 주는거지만 그래도 따뜻하고, 고구마 프라이즈 생각보다.. 많이 달아요~ 점포가서 다시 먹어봐야겠어요~",2025-09-01,2025-08-21,1,3,"[""https://pup-review-phinf.pstatic.net/MjAyNTA5MDFfMjMy/MDAxNzU2NzAzMTk1MDcz.MXOsCjoFPPn-KA6IFB5aUC8fU7NLsoCigxk1jxeipOEg.SR5XgOAem2KGbccgWeFtV_SejmjMZl1ilqyCm7qPQakg.JPEG/37EA6461-9FB7-40C3-BEA7-FA1CA4FCE1B3.jpeg?type=w1500_60_sharpen"", ""https://pup-review-phinf.pstatic.net/MjAyNTA5MDFfMTM0/MDAxNzU2NzAzMTk0ODI3.Xn1p1IRA8bjb2nzNNArawusK7dEViTLBVKA0WYcX8Fkg.YrMCGiRDlZxd2czjY1BYy9j21-FrFf-Qes4Y3crlNDwg.JPEG/D6B50B00-28D0-409F-8F74-95FCBE64D7AA.jpeg?type=w1500_60_sharpen"", ""https://pup-review-phinf.pstatic.net/MjAyNTA5MDFfMjk3/MDAxNzU2NzAzMTk1MTU2.VKnOlXBatphtMQ6d5qjs0rL0LRXeiqUd6kdbGv9wlREg.XyxlLS1OV7h1qwOXG9kuo0ZQqh2P465ghiX0J1JJYSUg.JPEG/B88B0951-414A-4C83-8C3C-7D735FE83C6D.jpeg?type=w1500_60_sharpen""]",0,"[""음식이 맛있어요"", ""음식이 빨리 나와요""]",,true,2026-09-01T06:10:38+00:00,naver_멜팅소울-캐리비안베이점_20260901T055008Z#4
naver,멜팅소울 캐리비안베이점,1679236775,https://pcmap.place.naver.com/restaurant/1679236775/review/visitor,68a08e450c169c4923e7a4fc,리리녕,M2Iq,https://m.place.naver.com/my/5bd69a12b8b0616061f9b9b1/review?v=2,,"꽤나 비싸지만 고기도 퍽퍽했지만.. 물놀이 하고 먹는 최고의 음식^^
양많고 뜨듯하니 맛있었습니다
공휴일 11시반쯤 30분정도 대기후에 주문했구 음식은 금방 나오는편
3~4시쯤은 사람 빠지는 타이밍이라 대기없었구용",2025-08-16,2025-08-15,1,1,"[""https://pup-review-phinf.pstatic.net/MjAyNTA4MTZfMjgg/MDAxNzU1MzUyNjQ0Mjcx.2t8nE2rhzUN1TfNNAsU5AJhtzK3hLiRpQwxPRxIQtL4g.x_Ewh33ICwHBeSdNTYl2rUoVP0baLgDobN7f3twGhTAg.JPEG/1000069360.jpg.jpg?type=w1500_60_sharpen""]",0,"[""음식이 맛있어요"", ""양이 많아요""]",,true,2026-09-01T06:10:38+00:00,naver_멜팅소울-캐리비안베이점_20260901T055008Z#5
naver,멜팅소울 캐리비안베이점,1679236775,https://pcmap.place.naver.com/restaurant/1679236775/review/visitor,68996ba2eb711f877b4b2d66,고독한돼식가,2bSn6,https://m.place.naver.com/my/5b83193a4472c4a5305f4a67/review?v=2,,"치킨과 비프. 패티가 2개인 비치버거 단품 15900원.
감자튀김 5400원.
물놀이후 먹는거라 맛은 괜찮게 느껴졌다..
하지만 재방문 의사 X",2025-08-11,2025-08-08,1,3,"[""https://pup-review-phinf.pstatic.net/MjAyNTA4MTJfMTU1/MDAxNzU0OTQzMDAwMjUx.CBJTRl7ysEIBEsqs6r5ASr6Gblp1OjC_T-lcT_b8F88g.-RGgLV5JHaFVGVX4rzo51C-LQ3KSIwUfgJRZCngQHZwg.JPEG/E395E852-7BB1-41D0-B483-0B1121805D4B.jpeg?type=w1500_60_sharpen"", ""https://pup-review-phinf.pstatic.net/MjAyNTA4MTJfMTgw/MDAxNzU0OTQzMDAwOTEy.YvpbwUa1eYQtOFs7dHFNm5xYdP59RM8tum8WODmdEwgg.eNNqGx5TqkDBlEVWyHqUJVTJ8rDtOJzNUJY0ivT2jCwg.JPEG/4ECF4E35-95D2-47D4-B313-C563E1DB7797.jpeg?type=w1500_60_sharpen"", ""https://pup-review-phinf.pstatic.net/MjAyNTA4MTJfMSAg/MDAxNzU0OTQzMDAxMjA1.vs9DpiYXulobl4Id_pia5-9Z9lfWvlnE3gSgnfNDmsgg.RKckKgLqsuDf6E7xKWJUn5FqfksZqjfnTDE4CNaHb4kg.JPEG/2962FF0D-51EC-47FD-941E-E884CACFCCD5.jpeg?type=w1500_60_sharpen""]",0,"[""혼밥하기 좋아요""]",,true,2026-09-01T06:10:38+00:00,naver_멜팅소울-캐리비안베이점_20260901T055008Z#6
naver,멜팅소울 캐리비안베이점,1679236775,https://pcmap.place.naver.com/restaurant/1679236775/review/visitor,68ae98e3da48ffe36ab6b91f,스마일퀸짱,rFUS,https://m.place.naver.com/my/5efe5939bf28894a928861f3/review?v=2,,"물놀이중 먹는 수제햄버거🍔 
말해 모해요~~~ ㅋㅋ
비싸지만 맛나요~~~ 👍",2025-08-27,2025-08-20,1,3,"[""https://pup-review-phinf.pstatic.net/MjAyNTA4MjdfNDUg/MDAxNzU2MjcyODY2MTY5.v8gIzX7jEfOEzsI5byfEJnYKUVqJ4Mf63HwNmjSn_DMg.S6kghr0zvwn9DlRBe3q4wq3jTSP4ejYIfFCWwDmS-_Qg.JPEG/1756260975735.jpg.jpg?type=w1500_60_sharpen"", ""https://pup-review-phinf.pstatic.net/MjAyNTA4MjdfMjgx/MDAxNzU2MjcyODY2MjQ3.yZRfDAKot2jmdeaXJXqXDCsLMzpsyt279OnxyCtCwAkg.uBemMQi6zXQPD6YAZZNM_RZvHtsYYcwJmaGk7ULTNQwg.JPEG/1756260975706.jpg.jpg?type=w1500_60_sharpen"", ""https://pup-review-phinf.pstatic.net/MjAyNTA4MjdfMTk4/MDAxNzU2MjcyODY2MzA1.x5IewABk0-N_k65dZXL3VTzs4USXH0ZGAMAbm8WjxYsg.TqNh6HkBssx07WluUb42wN8FIjR7s-u04iTa4_cC_i8g.JPEG/1756260975648.jpg.jpg?type=w1500_60_sharpen""]",0,"[""음식이 맛있어요""]",,true,2026-09-01T06:10:38+00:00,naver_멜팅소울-캐리비안베이점_20260901T055008Z#7
naver,멜팅소울 캐리비안베이점,1679236775,https://pcmap.place.naver.com/restaurant/1679236775/review/visitor,689eb3d90bbbed4f3de6e151,헌졍,4sbrR,https://m.place.naver.com/my/5c44135b265192ff5a089b4e/review?v=2,,맛있는데 양 대비 가격이 비싼 것 같아요😅 그래도 맛있습니다!,2025-08-15,2025-08-02,1,2,"[""https://pup-review-phinf.pstatic.net/MjAyNTA4MTVfMjI4/MDAxNzU1MjMxMTkxMzE3.lmJZOApCzhFEFcd7vRcA-OQJS62XwduCkifqs0szEFwg.T8QmyNIK3S1nmn54N9fIMPJsW3h3FU6FghiScOB2Oesg.JPEG/0759DCF9-FBB4-4F19-8AC7-E83B34A010E2.jpeg?type=w1500_60_sharpen"", ""https://pup-review-phinf.pstatic.net/MjAyNTA4MTVfMjEz/MDAxNzU1MjMxMTkxMzg0.U4AM9nGkTmcGF5Wbcjq_x7nahiIB_V9GhjD9zzM9d84g.iBESe5TlP0YVheEYhpssb6YhG61IOAsLqlJsefus2dYg.JPEG/FB487984-4B9E-4FD5-B6F4-2B82F85CCA1E.jpeg?type=w1500_60_sharpen""]",0,"[""음식이 맛있어요"", ""고기 질이 좋아요"", ""특별한 메뉴가 있어요"", ""건강한 맛이에요""]",,true,2026-09-01T06:10:38+00:00,naver_멜팅소울-캐리비안베이점_20260901T055008Z#8
naver,멜팅소울 캐리비안베이점,1679236775,https://pcmap.place.naver.com/restaurant/1679236775/review/visitor,68e34d8dbbcacdb50d24ca5f,zhkdz,D4Ya,https://m.place.naver.com/my/5db6b8ed8f87a842bccf4171/review?v=2,,맛있어요~~,2025-10-06,2025-10-06,1,2,"[""https://pup-review-phinf.pstatic.net/MjAyNTEwMDZfNTcg/MDAxNzU5NzI2OTg4MDYw.wqOT89QPNZgwim_QYcsbxOGaMWKvMUYnbtJLEfZJ98Ug.MRckQiQ_E-JwU6_j6pFLPfCWLQ18qQG204QAE_W8h9Ug.JPEG/49462.jpg.jpg?type=w1500_60_sharpen"", ""https://pup-review-phinf.pstatic.net/MjAyNTEwMDZfMTEz/MDAxNzU5NzI2OTg4MDUy.vBfF080Qm7qZ6SP0Q6aOoDnBjuO3XftkZIiiOXvuKrog._LUI1HCiN7aRPyJgsOVCosIwayIlyIMMhZJlRkqgRBIg.JPEG/49461.jpg.jpg?type=w1500_60_sharpen""]",0,"[""음식이 맛있어요"", ""특별한 메뉴가 있어요"", ""오래 머무르기 좋아요"", ""아이와 가기 좋아요""]",,true,2026-09-01T06:10:38+00:00,naver_멜팅소울-캐리비안베이점_20260901T055008Z#9
naver,멜팅소울 캐리비안베이점,1679236775,https://pcmap.place.naver.com/restaurant/1679236775/review/visitor,6a2eb5fcdd96e2b982e88909,pup****,c7Pd0,https://m.place.naver.com/my/5efc5dd58f87a842bc638a9e/review?v=2,4.0,,,2026-05-27,1,,,0,"[""음식이 맛있어요""]",,true,2026-09-01T06:10:38+00:00,naver_멜팅소울-캐리비안베이점_20260901T055008Z#10
naver,멜팅소울 캐리비안베이점,1679236775,https://pcmap.place.naver.com/restaurant/1679236775/review/visitor,648e8a5dd6c06b0d0cd91d87,Liz789,7Nbkv,https://m.place.naver.com/my/5de11a019ec8258e4a24f4eb/review?v=2,,,,2023-06-18,1,,,0,"[""음식이 맛있어요""]",,true,2026-09-01T06:10:38+00:00,naver_멜팅소울-캐리비안베이점_20260901T055008Z#11
naver,멜팅소울 캐리비안베이점,1679236775,https://pcmap.place.naver.com/restaurant/1679236775/review/visitor,64e609532159f4c2c83ab1cf,굳굳야61,14WV7,https://m.place.naver.com/my/5dfdbf108f87a842bc34eac5/review?v=2,,,,2023-08-15,1,,,0,"[""음식이 맛있어요""]",,true,2026-09-01T06:10:38+00:00,naver_멜팅소울-캐리비안베이점_20260901T055008Z#12
naver,멜팅소울 캐리비안베이점,1679236775,https://pcmap.place.naver.com/restaurant/1679236775/review/visitor,649407f44cb751ca22c62a18,bre****,eptaM,https://m.place.naver.com/my/61f15df1edc8260006423501/review?v=2,,,,2023-05-21,1,,,0,"[""음식이 맛있어요"", ""재료가 신선해요"", ""특별한 메뉴가 있어요"", ""혼밥하기 좋아요"", ""뷰가 좋아요""]",,true,2026-09-01T06:10:38+00:00,naver_멜팅소울-캐리비안베이점_20260901T055008Z#13
naver,멜팅소울 캐리비안베이점,1679236775,https://pcmap.place.naver.com/restaurant/1679236775/review/visitor,6461e876249235a5dfd7a3bd,jun3545,rAzT,https://m.place.naver.com/my/5c318549b32a99b456823e60/review?v=2,,,,2023-05-12,1,,,0,"[""음식이 맛있어요""]",,true,2026-09-01T06:10:38+00:00,naver_멜팅소울-캐리비안베이점_20260901T055008Z#14
naver,멜팅소울 캐리비안베이점,1679236775,https://pcmap.place.naver.com/restaurant/1679236775/review/visitor,68c14926eac0c123a08347da,woeirua,1uYKO,https://m.place.naver.com/my/5d442bb533837e0835e7362c/review?v=2,,맛있게 잘 먹었습니다.,2025-09-10,2025-09-09,1,,,0,"[""음식이 맛있어요"", ""특별한 메뉴가 있어요"", ""매장이 넓어요"", ""인테리어가 멋져요""]",,true,2026-09-01T06:10:38+00:00,naver_멜팅소울-캐리비안베이점_20260901T055008Z#15
naver,버거카페유럽,1681363676,https://pcmap.place.naver.com/restaurant/1681363676/review/visitor,6936df03c1c0d3ff6380c643,혜찐블라썸,3ll69,https://m.place.naver.com/my/5d94e2c68f87a842bc24782b/review?v=2,,🍔,2025-12-08,2025-12-07,1,1,"[""https://pup-review-phinf.pstatic.net/MjAyNTEyMDhfMjgx/MDAxNzY1MjAzNzEzNzc4.WQPjFyQpoi6aEg8-6OPkKUTgb4NrvoNLs5Hqgkw7zKEg.1US05cafVkaIldQ1uRM7XKHHQPXTmffdj7zuXGp4rnog.JPEG/1000009068.jpg.jpg?type=w1500_60_sharpen""]",0,"[""포장이 깔끔해요""]",,true,2026-09-01T06:12:34+00:00,naver_버거카페유럽_20260901T055008Z#0
naver,버거카페유럽,1681363676,https://pcmap.place.naver.com/restaurant/1681363676/review/visitor,68c639e7ea8dd630ed57332e,닥치고달려54,5tgty,https://m.place.naver.com/my/60cc672161a1453f0fe82e50/review?v=2,,버거맛없다.콜라도미지근.수박화채도 맛없다,2025-09-14,2025-09-12,1,1,"[""https://pup-review-phinf.pstatic.net/MjAyNTA5MTRfMjk2/MDAxNzU3ODIxOTU2ODM4.VjhrXTgt_yeGQ-_GQYmqBcnNf1na9eZ9PedDVbfEQ78g.-Lx5KAEb-0eI9uXeLYpCfoVpYf5rZ8r01srvaHwdNUQg.JPEG/20250914_125032.jpg.jpg?type=w1500_60_sharpen""]",0,"[""매장이 넓어요""]",,true,2026-09-01T06:12:34+00:00,naver_버거카페유럽_20260901T055008Z#1
naver,버거카페유럽,1681363676,https://pcmap.place.naver.com/restaurant/1681363676/review/visitor,690d5b43b54f6334fbd830b7,vir****,2gtQh,https://m.place.naver.com/my/5c6c0179a3e303129c20a91e/review?v=2,,굿,2025-11-07,2025-11-07,1,1,"[""https://pup-review-phinf.pstatic.net/MjAyNTExMDdfMTMw/MDAxNzYyNDgzMDA1NzQw.yP6h6pCPOLZ4VLVSYA4HvbexxQR--UB4gPzjkYYG9xQg.zwJa3wBK-AWQwpXr883LkKZAtRiCvzxzl59Avj6nXZwg.JPEG/1762482996656241851791134172278.jpg?type=w1500_60_sharpen""]",0,"[""매장이 넓어요""]",,true,2026-09-01T06:12:34+00:00,naver_버거카페유럽_20260901T055008Z#2
naver,버거카페유럽,1681363676,https://pcmap.place.naver.com/restaurant/1681363676/review/visitor,68c640ae263186455261e155,모모뮤,4CPDQ,https://m.place.naver.com/my/5f7fa9d6124482946fa21d6d/review?v=2,,강지튀김만 맛있다,2025-09-14,2025-09-12,1,1,"[""https://pup-review-phinf.pstatic.net/MjAyNTA5MTRfMTcg/MDAxNzU3ODIzMTQ5MDM5.PnvdkVftuGwWmM4pUwmcuN0NMzWy8GzXOysDPzHJmlwg.5N76EoJuxI2tn1dLj98YFMfiNz0Irry28bFRiBLjCaYg.JPEG/20250914_125032.jpg.jpg?type=w1500_60_sharpen""]",1,"[""매장이 넓어요""]",,true,2026-09-01T06:12:34+00:00,naver_버거카페유럽_20260901T055008Z#3
naver,버거카페유럽,1681363676,https://pcmap.place.naver.com/restaurant/1681363676/review/visitor,6847a744b1f82d00d2d676c4,two****,4VC6t,https://m.place.naver.com/my/5cc280bbbed631ac041d486a/review?v=2,,음식 맛있고 친절해요 교복 코스프레 하는 사람들에게 신분인증 스티커를~  재미있는 기억을 남겨주네요,2025-06-10,2025-06-10,1,2,"[""https://pup-review-phinf.pstatic.net/MjAyNTA2MjNfODQg/MDAxNzUwNjMyMTk0NzI3.MEgRu6Vi3SHj4zGpqzK7Czjbp7C96Uxt0Uka9di-ZNMg.OSCY3HHgUbKwf3vNlAk446oOmhtyFONK8ztKUd5jC2sg.JPEG/20250610_125152.jpg.jpg?type=w1500_60_sharpen"", ""https://pup-review-phinf.pstatic.net/MjAyNTA2MjNfMjkx/MDAxNzUwNjMyMTk0OTYy.hytFDPQWKPgvRD04mneXUhh_Pgy_ELUxVlAIHCh14b4g.lDLzJuASxd0St9m_jVUpWBsIBU9cI9H1qRKdjIj8nBkg.JPEG/20250610_123307.jpg.jpg?type=w1500_60_sharpen""]",0,"[""음식이 맛있어요"", ""재료가 신선해요"", ""매장이 넓어요"", ""매장이 청결해요"", ""화장실이 깨끗해요""]",,true,2026-09-01T06:12:34+00:00,naver_버거카페유럽_20260901T055008Z#4
naver,버거카페유럽,1681363676,https://pcmap.place.naver.com/restaurant/1681363676/review/visitor,68dfd576abec427c3905e71c,통통통통한날,yyEE,https://m.place.naver.com/my/5efeb16e35e32560edab39f3/review?v=2,,가격이 비싼 편이지만 메뉴가 빨리 제공됩니다.,2025-10-03,2025-10-03,1,1,"[""https://pup-review-phinf.pstatic.net/MjAyNTEwMDNfMjEz/MDAxNzU5NDk5NjM3OTAz.qzDBZOpFJ6bdk3qvlesJFPqUDtp1jmNIpHmBu-YMbxcg.iXg_niUF7zi8l7ydSc7yjGndhrCZ9JiV8SY9KktQo4og.JPEG/BBD26FF3-5937-4D27-9588-BC3785C3B678.jpeg?type=w1500_60_sharpen""]",0,"[""단체모임 하기 좋아요""]",,true,2026-09-01T06:12:34+00:00,naver_버거카페유럽_20260901T055008Z#5
naver,버거카페유럽,1681363676,https://pcmap.place.naver.com/restaurant/1681363676/review/visitor,67e8af39b0ddb1ca21b425c2,산골나비,3RY9s,https://m.place.naver.com/my/5bf50b872128c332438ffbeb/review?v=2,,"햄버거는 야채도 신선하고  소스도 맛있었어요!
감자튀김은 좀 바각하지는 않았어요!
과일화채는 맛있었고 꼬치에 꽂아 먹을수 있어 아이가 재미있어 했어요! 다만 양에 비해  가격이 좀 비싼것 같아요!",2025-03-30,2025-03-30,1,3,"[""https://pup-review-phinf.pstatic.net/MjAyNTAzMzBfMjc0/MDAxNzQzMzAyNDUzNzY0.dlLvbbH7V18OyUJqFXbA5AwrmamAzpX9ZJSf2r2Laaog.yUaJYmDx-UWGYgiRcY2iw6wAFU4Okevlt13mRbbpSxYg.JPEG/20250330_112750.jpg.jpg?type=w1500_60_sharpen"", ""https://pup-review-phinf.pstatic.net/MjAyNTAzMzBfNzIg/MDAxNzQzMzAyNDU0MzEz.u3bm1o0vIov2XKhE471WaNtTwBGBAMmD4IcRzpptsy8g.ov4AzwUcXPAlpD5xOdptncbCXJLG42ehKs2HD-Yw_MIg.JPEG/20250330_112723.jpg.jpg?type=w1500_60_sharpen"", ""https://pup-review-phinf.pstatic.net/MjAyNTAzMzBfNjMg/MDAxNzQzMzAyNDU0NTc3.r_asxOhgC47wAcP1wUmF9yQHDIjRw7FtmQsgbEm_so4g.Ja3vYK_a4BdSVDc5nfFpqAe30GXzvZ4JxpxyoNxw2Tog.JPEG/20250330_112833.jpg.jpg?type=w1500_60_sharpen""]",0,"[""음식이 맛있어요"", ""재료가 신선해요"", ""매장이 넓어요"", ""매장이 청결해요""]",,true,2026-09-01T06:12:34+00:00,naver_버거카페유럽_20260901T055008Z#6
naver,버거카페유럽,1681363676,https://pcmap.place.naver.com/restaurant/1681363676/review/visitor,685fb293664f214a15a45b8e,M340아이,ddHNZ,https://m.place.naver.com/my/5fb317c856d68ef93943b3aa/review?v=2,,순살치킨 맛있어졌네요,2025-06-28,2025-06-28,1,1,"[""https://pup-review-phinf.pstatic.net/MjAyNTA2MjhfMjE3/MDAxNzUxMTAyMDk4MTMy.hxgTXmEO0skgXOHFTRB7UdMSCEF7Q_BT3qh_C_hrkrMg.MuJUoMAJPxeHw6kCEtQExyTYymY-M2J49fPQ-NC0YA0g.JPEG/1A1833D5-170F-46E0-94A5-1CC5828E6ACA.jpeg?type=w1500_60_sharpen""]",0,"[""음식이 맛있어요"", ""재료가 신선해요""]",,true,2026-09-01T06:12:34+00:00,naver_버거카페유럽_20260901T055008Z#7
naver,버거카페유럽,1681363676,https://pcmap.place.naver.com/restaurant/1681363676/review/visitor,68e4c817bc997d6c66357de3,동네정복,1HWyX,https://m.place.naver.com/my/5db3ccbe8f87a842bc593f93/review?v=2,,"에버랜드 안에서 아아 파는 곳 찾기가 힘들어서 너무 소중했던 기억,,",2025-10-07,2025-06-26,1,,,0,"[""매장이 넓어요""]",,true,2026-09-01T06:12:34+00:00,naver_버거카페유럽_20260901T055008Z#8
naver,버거카페유럽,1681363676,https://pcmap.place.naver.com/restaurant/1681363676/review/visitor,6843b3110bb8dd274bbdbbdd,콩알이9373,5tcSI,https://m.place.naver.com/my/5be991c0b36b2e4d1757cba1/review?v=2,,가격은 사악하지만 맛있어요,2025-06-07,2025-06-07,1,,,0,"[""음식이 맛있어요"", ""재료가 신선해요"", ""인테리어가 멋져요"", ""친절해요""]",,true,2026-09-01T06:12:34+00:00,naver_버거카페유럽_20260901T055008Z#9
naver,버거카페유럽,1681363676,https://pcmap.place.naver.com/restaurant/1681363676/review/visitor,68a5898d1c4c1cbdea61e768,낌지46,ZjD2,https://m.place.naver.com/my/5b697e3755d1221a9a77203e/review?v=2,,,,2025-08-14,1,,,0,"[""음식이 맛있어요""]",,true,2026-09-01T06:12:34+00:00,naver_버거카페유럽_20260901T055008Z#10
naver,버거카페유럽,1681363676,https://pcmap.place.naver.com/restaurant/1681363676/review/visitor,688b11979e3993acd645626f,인이4738,4f9SX,https://m.place.naver.com/my/5dc8a1958f87a842bc6f673c/review?v=2,,,,2025-07-30,1,,,0,"[""음식이 맛있어요""]",,true,2026-09-01T06:12:34+00:00,naver_버거카페유럽_20260901T055008Z#11
naver,버거카페유럽,1681363676,https://pcmap.place.naver.com/restaurant/1681363676/review/visitor,683a6e9e56655235e50105bf,젬마777,1pvR5,https://m.place.naver.com/my/5dba20f58f87a842bcb47e17/review?v=2,,,,2025-05-31,1,,,0,"[""매장이 넓어요""]",,true,2026-09-01T06:12:34+00:00,naver_버거카페유럽_20260901T055008Z#12
naver,버거카페유럽,1681363676,https://pcmap.place.naver.com/restaurant/1681363676/review/visitor,67bbf7ac83c71f0b77b01c4f,예쁜 보리,1UEZW,https://m.place.naver.com/my/5e8e80588f87a842bc5972b6/review?v=2,,,,2025-02-24,1,,,0,"[""음식이 맛있어요"", ""가성비가 좋아요""]",,true,2026-09-01T06:12:34+00:00,naver_버거카페유럽_20260901T055008Z#13
naver,버거카페유럽,1681363676,https://pcmap.place.naver.com/restaurant/1681363676/review/visitor,67a888661a7fd2e25eb556f4,준준맘35,819R3,https://m.place.naver.com/my/5dd1fdd68f87a842bc3a8ce0/review?v=2,,,,2025-02-08,1,,,0,"[""특별한 메뉴가 있어요"", ""단체모임 하기 좋아요""]",,true,2026-09-01T06:12:34+00:00,naver_버거카페유럽_20260901T055008Z#14
naver,버거카페유럽,1681363676,https://pcmap.place.naver.com/restaurant/1681363676/review/visitor,67e4eca84d1cd795e66c7759,두더지91,2fFU4,https://m.place.naver.com/my/5b6d21a47bece3707a697848/review?v=2,,,,2025-03-20,1,,,0,"[""음식이 맛있어요""]",,true,2026-09-01T06:12:34+00:00,naver_버거카페유럽_20260901T055008Z#15
naver,버거카페유럽,1681363676,https://pcmap.place.naver.com/restaurant/1681363676/review/visitor,6736c2b3c5207c279c05ae14,wse****,12kr9,https://m.place.naver.com/my/5d7a57b88f87a842bc9ab872/review?v=2,,,,2024-11-15,1,,,0,"[""음식이 맛있어요""]",,true,2026-09-01T06:12:34+00:00,naver_버거카페유럽_20260901T055008Z#16
naver,버거카페유럽,1681363676,https://pcmap.place.naver.com/restaurant/1681363676/review/visitor,67458d62f644957db512f027,rnfnqltm0,3FZNQ,https://m.place.naver.com/my/5c03f1107a0fd87817f886b5/review?v=2,,,,2024-11-05,1,,,0,"[""가성비가 좋아요""]",,true,2026-09-01T06:12:34+00:00,naver_버거카페유럽_20260901T055008Z#17
naver,버거카페유럽,1681363676,https://pcmap.place.naver.com/restaurant/1681363676/review/visitor,66e3e0449ae75d7c4e23a76f,shlee59,1VMtT,https://m.place.naver.com/my/5b9f7ed3b570b42331368bef/review?v=2,,,,2024-09-13,1,,,0,"[""음식이 맛있어요""]",,true,2026-09-01T06:12:34+00:00,naver_버거카페유럽_20260901T055008Z#18
naver,버거카페유럽,1681363676,https://pcmap.place.naver.com/restaurant/1681363676/review/visitor,66db22a10799e7fbb3ea9577,JK 정경,1kVYT,https://m.place.naver.com/my/5bc6db040dfdc77ec1ade4ea/review?v=2,,,,2024-09-03,1,,,0,"[""양이 많아요"", ""친절해요"", ""특별한 날 가기 좋아요""]",,true,2026-09-01T06:12:34+00:00,naver_버거카페유럽_20260901T055008Z#19
naver,버거카페유럽,1681363676,https://pcmap.place.naver.com/restaurant/1681363676/review/visitor,68e782f14514edcf50c6ef55,doga0430,7PH9,https://m.place.naver.com/my/5c03e14c4c31b477c7e7e720/review?v=2,,굿,2025-10-09,2025-10-09,2,1,"[""https://pup-review-phinf.pstatic.net/MjAyNTEwMDlfMTE0/MDAxNzYwMDAyNzk5NzY5.sbwI4YsyExBtyVViOSm0EXw3EuQP5IsDl6-Z6M-p85sg.qbRbPqAI4yMF-bvXGUJOG3hAgv9nPIKNtdSO_MIqxKkg.JPEG/A943E1BF-199B-43FC-AC63-E25BFDA7E207.jpeg?type=w1500_60_sharpen""]",0,"[""음식이 맛있어요""]",,true,2026-09-01T06:12:34+00:00,naver_버거카페유럽_20260901T055008Z#20
naver,버거카페유럽,1681363676,https://pcmap.place.naver.com/restaurant/1681363676/review/visitor,68b7f5c05460cffc96f4c813,귀엽츄,4bz93,https://m.place.naver.com/my/5f1a8c329ec8258e4abdb407/review?v=2,,굿,2025-09-03,2025-09-03,1,,,0,"[""음식이 맛있어요"", ""재료가 신선해요""]",,true,2026-09-01T06:12:34+00:00,naver_버거카페유럽_20260901T055008Z#21
naver,버거카페유럽,1681363676,https://pcmap.place.naver.com/restaurant/1681363676/review/visitor,68c0028fbd595ebcae12eb27,햄스터85,DvMz,https://m.place.naver.com/my/5b7cc7ad5c6ef6022c1b8424/review?v=2,,맛있어요,2025-09-09,2025-08-12,1,1,"[""https://pup-review-phinf.pstatic.net/MjAyNTA5MDlfMTM0/MDAxNzU3NDE0MDI5Nzk0.88iqfQFIAbGj--Ktw2HjCJJGYOSg4_wg2Ij8Ty-lL9Yg.Rq7tczyThUUyrxm3XD8_f1hGeF2bGk8myt_BsyQgHBIg.JPEG/20250817_140103.jpg.jpg?type=w1500_60_sharpen""]",0,"[""가성비가 좋아요""]",,true,2026-09-01T06:12:34+00:00,naver_버거카페유럽_20260901T055008Z#22
naver,버거카페유럽,1681363676,https://pcmap.place.naver.com/restaurant/1681363676/review/visitor,672b81e06a02547a18ad9798,itsmecash,3MvwH,https://m.place.naver.com/my/5d8dc80e8f87a842bc4318fb/review?v=2,,,,2024-09-10,1,,,0,"[""음식이 맛있어요"", ""가성비가 좋아요""]",,true,2026-09-01T06:12:34+00:00,naver_버거카페유럽_20260901T055008Z#23
naver,버거카페 갤리언,1636531333,https://pcmap.place.naver.com/restaurant/1636531333/review/visitor,67c29228fcaa3b9d7d8e5108,HoneyBloom,6IcRs,https://m.place.naver.com/my/5ca9ded95403381ad4953a92/review?v=2,,"🍔

맛은 있는데, 단품으로 안 판다는점, 아이가 있음에도 탄산음료를 시켜야해서 아쉬웠어요.",2025-03-01,2025-03-01,1,,,0,,,true,2026-09-01T06:14:21+00:00,naver_버거카페-갤리언_20260901T055008Z#0
naver,버거카페 갤리언,1636531333,https://pcmap.place.naver.com/restaurant/1636531333/review/visitor,6767c6eafe42fdf53c52c72f,윤짜응,8wW2L,https://m.place.naver.com/my/5f06700e649bf9575931bd64/review?v=2,,좋아요,2024-12-22,2024-12-22,1,1,"[""https://pup-review-phinf.pstatic.net/MjAyNDEyMjJfMjU5/MDAxNzM0ODU0Mzc3ODM5.yToPY5op-Ue2DQ6xPRNWnf9GiWpfZA2u8kzelk5Jz4Mg.jki1ZJeFAqYx6pac49ebvCXL2_w-gpFeSmkLlj0KyVsg.JPEG/885942BA-4E6D-4578-ADC1-40B00F8CA691.jpeg?type=w1500_60_sharpen""]",0,"[""가성비가 좋아요"", ""메뉴 구성이 알차요"", ""특별한 날 가기 좋아요""]",,true,2026-09-01T06:14:21+00:00,naver_버거카페-갤리언_20260901T055008Z#1
naver,버거카페 갤리언,1636531333,https://pcmap.place.naver.com/restaurant/1636531333/review/visitor,6697bc52452a9916efb32488,huaai,btCsB,https://m.place.naver.com/my/616911a07df6200006905090/review?v=2,,치킨버거는 좀 짜요 하지만 갈릭비프버거는 정말 맛있어요 !!,2024-07-17,2024-07-13,1,1,"[""https://pup-review-phinf.pstatic.net/MjAyNDA3MTdfNSAg/MDAxNzIxMjIwMTc3Njkz.CoWKH3AN4w7iWaP0vfLtmO5p2dohafXwoDbBSdXQP9Ig.9ApOHCutxEOYida09bJTkmYaPAK7G4Q1Bq6ahkafBMcg.JPEG/F44BFD0D-7A35-4608-84D0-7E1535FDD735.jpeg?type=w1500_60_sharpen""]",0,"[""음식이 맛있어요"", ""매장이 넓어요""]",,true,2026-09-01T06:14:21+00:00,naver_버거카페-갤리언_20260901T055008Z#2
naver,버거카페 갤리언,1636531333,https://pcmap.place.naver.com/restaurant/1636531333/review/visitor,663ee4da08af5833ca3d7d3b,TWM2,67LIB,https://m.place.naver.com/my/5edf81058f87a842bc9b5970/review?v=2,,"세트메뉴에 감자튀김 🍟 생김
N년째 점심으로 먹는 갈릭비프세트
야외 파도풀은 아직 추움🥹
실내 버거 6층 밥도 먹고 온탕도 즐기기♨️
버거 바로 옆에 화장실도 있음",2024-05-11,2024-05-11,1,9,"[""https://video-phinf.pstatic.net/20240511_218/1715397839912BizWw_JPEG/MqXaMb6LoC_03.jpg"", ""https://video-phinf.pstatic.net/20240511_160/1715397842395INPDt_JPEG/lD9RloKbRb_03.jpg"", ""https://pup-review-phinf.pstatic.net/MjAyNDA1MTFfMjYz/MDAxNzE1Mzk3ODM5NjM4.ur9vbhqKx3p1ZkU_TKW1OxDDUxVOVcMdWnhgaVrP8dYg.qs7RL-0zAzc8u3QwC3Bh3Y9YFQ0y5o29Xbi5tnYEb38g.JPEG/20240511_122045.jpg.jpg?type=w1500_60_sharpen"", ""https://pup-review-phinf.pstatic.net/MjAyNDA1MTFfMTQx/MDAxNzE1Mzk3ODM5OTY0.UqXk6PdUuAQ0LbjH5sR_GzfYaD9C75Bjt7TVflKcMqAg.SAhJT1LcJPct8rRBHtA5JcMcYhI_8QEdIjJG5uzJgp4g.JPEG/20240511_122015.jpg.jpg?type=w1500_60_sharpen"", ""https://pup-review-phinf.pstatic.net/MjAyNDA1MTFfMTIx/MDAxNzE1Mzk3ODQwMTkw.AOB52R93iuqKJQ8S9kVz_1fFxc5pI9rtCNeHC8kq288g.iU1VG1Qwu-VSrRbW6ZmXEIraaxOadc4IsSUpfLy6r94g.JPEG/20240511_122014.jpg.jpg?type=w1500_60_sharpen"", ""https://pup-review-phinf.pstatic.net/MjAyNDA1MTFfMjUz/MDAxNzE1Mzk3ODQxMjU3._xwSOyJgwCGiKyDpUQy4I_KqBekJETDQjTF8XkzEhGUg.fo_cyB5NHLyvg2VW0Lmvr-e7ouNxrk381de5iQknO9Ag.JPEG/20240511_121319.jpg.jpg?type=w1500_60_sharpen"", ""https://pup-review-phinf.pstatic.net/MjAyNDA1MTFfMjY1/MDAxNzE1Mzk3ODQxMTY2.6oMcHQGMrvfRS95L45k5iPTunaILlrMLs2IFwChyIGUg.VlAY-kjpBUyXAbHQieG06Bz_L4cklX6KbRHnowBnM9Yg.JPEG/20240511_120819.jpg.jpg?type=w1500_60_sharpen"", ""https://pup-review-phinf.pstatic.net/MjAyNDA1MTFfNzMg/MDAxNzE1Mzk3ODQxOTA5.d69bIELYANAigXHlw6OLDFy3BzknkPt-CEji1SPyLQ4g.YSwHLsgxwRTc8iXx7BWMMNArsKVyy_HbFiiutWSajY8g.JPEG/20240511_120656.jpg.jpg?type=w1500_60_sharpen"", ""https://pup-review-phinf.pstatic.net/MjAyNDA1MTFfMjAz/MDAxNzE1Mzk3ODQyMjEy.Wv5UBeN47pvVAlTSn2JUT22fZr5TWkukDKjZ-2Kp3_sg.N03pqJl62KkrHH8MGd0b2cmE6Ah3jvxWxxRaaTOdNxUg.JPEG/20240511_121235.jpg.jpg?type=w1500_60_sharpen""]",1,"[""음식이 맛있어요"", ""가성비가 좋아요"", ""혼밥하기 좋아요"", ""아늑해요"", ""아이와 가기 좋아요""]",,true,2026-09-01T06:14:21+00:00,naver_버거카페-갤리언_20260901T055008Z#3
naver,버거카페 갤리언,1636531333,https://pcmap.place.naver.com/restaurant/1636531333/review/visitor,65d131403f8d8b8bdc51b660,ana****,3LAwj,https://m.place.naver.com/my/5e0970818f87a842bcb8e430/review?v=2,,"케리비안에서 먹은 버거. 울 남편이 진짜 맛나다고...빵이 일반 버거빵과 다르더라구요. 맛있었어요. 비싸긴 해요. ㅠ.ㅠ 그래도 맛났습니다.
이곳은 케리비안 베이 안에 5층 스파하는 것 옆에 있어요. 케리비안 베이 이용고객만 먹을 수 있답니다. ㅎㅎㅎ  시장이 반찬인지 물놀이가 반찬인지 아이들 겁나 맛나게 먹더라구요. ㅎㅎㅎ",2024-02-18,2024-02-17,1,3,"[""https://pup-review-phinf.pstatic.net/MjAyNDAyMThfMjE2/MDAxNzA4MjA4NDQ1NTE1.GOcelJHrtJZ_orilMF-iniwqLOTpTSS76Wx0ShFS8QQg.8upk19QB1ca7oppSGdntQTep6WZ4uAbojpy2uvCucAkg.JPEG/20240217_165928.heic.jpg?type=w1500_60_sharpen"", ""https://pup-review-phinf.pstatic.net/MjAyNDAyMThfNjAg/MDAxNzA4MjA4NDQ2MjIw.mVtZP1S4OX_UOkzr4JT9ufIT2W0mbcGXzeDZ1Uj4HkEg.7Ntl_hrdF20Nu2uZ_79RHwMvq5-H2LHEzwQV2b0g7M4g.JPEG/20240217_165914.heic.jpg?type=w1500_60_sharpen"", ""https://pup-review-phinf.pstatic.net/MjAyNDAyMThfMjg0/MDAxNzA4MjA4NDQ3MzM3.KCiQarzuH8lZwKe6Hhtysycfwhi9W3o0tBH8GcZmui4g.hkP70L1SDHYRWIx8fU_-QR6dhoZ85rsNQpSqO0a34gUg.JPEG/20240217_165359.heic.jpg?type=w1500_60_sharpen""]",0,"[""음식이 맛있어요"", ""재료가 신선해요"", ""매장이 넓어요""]",,true,2026-09-01T06:14:21+00:00,naver_버거카페-갤리언_20260901T055008Z#4
naver,버거카페 갤리언,1636531333,https://pcmap.place.naver.com/restaurant/1636531333/review/visitor,66c817d9ec7caa0893cdeb29,cool 하게,dQXr,https://m.place.naver.com/my/5f5b6b25f685b3771a50d7c5/review?v=2,,애가 좋아해요,2024-08-23,2024-08-23,1,,,0,,,true,2026-09-01T06:14:21+00:00,naver_버거카페-갤리언_20260901T055008Z#5
naver,버거카페 갤리언,1636531333,https://pcmap.place.naver.com/restaurant/1636531333/review/visitor,66a87f8910733169f59e66b6,승승파워,3GdnN,https://m.place.naver.com/my/5f05e09267168be02276cd71/review?v=2,,좋아요,2024-07-30,2024-07-30,1,,,0,"[""음식이 맛있어요""]",,true,2026-09-01T06:14:21+00:00,naver_버거카페-갤리언_20260901T055008Z#6
naver,버거카페 갤리언,1636531333,https://pcmap.place.naver.com/restaurant/1636531333/review/visitor,65b887616db7bb99019f9538,bkl****,3K1sb,https://m.place.naver.com/my/5dd6b60a9ec8258e4a123c53/review?v=2,,"캐리비안베이에서 커피 마시고 싶어 버거카페 찾았어요~
커피는 시원하고 좋아요~",2024-01-30,2024-01-30,1,1,"[""https://pup-review-phinf.pstatic.net/MjAyNDAxMzBfMTk4/MDAxNzA2NTkyMDk1NTgx.cDFdafeBc9zZiZ_U0_dwiMQfMWk_hQkiYniUEzPzeEsg.4Yn_xjsNi2g8kZNHq4T3SO4NlFbvOdXoHdKclTkAuccg.JPEG/20240130_141742.jpg.jpg?type=w1500_60_sharpen""]",0,"[""친절해요"", ""음식이 빨리 나와요""]",,true,2026-09-01T06:14:21+00:00,naver_버거카페-갤리언_20260901T055008Z#7
naver,버거카페 갤리언,1636531333,https://pcmap.place.naver.com/restaurant/1636531333/review/visitor,6688da26f9b5c16456462b97,bas****,G5qA,https://m.place.naver.com/my/5c216d8c3cfb0f33cf61384e/review?v=2,,,2024-07-06,2024-07-06,1,1,"[""https://pup-review-phinf.pstatic.net/MjAyNDA3MDZfMjEw/MDAxNzIwMjQ0NzY2OTA4.Jxa1bY2KKPeQEFC-IyeZi28wFt2o7sD_zx2cyAtgh7wg.48r_uIoPugblItgRIe3Pz8iq76mldXX-tcbHhbTtuOYg.JPEG/17202447605883612910327674331535.jpg?type=w1500_60_sharpen""]",0,"[""음식이 맛있어요""]",,true,2026-09-01T06:14:21+00:00,naver_버거카페-갤리언_20260901T055008Z#8
naver,버거카페 갤리언,1636531333,https://pcmap.place.naver.com/restaurant/1636531333/review/visitor,65e3ea16a2fac48f15932866,평범한남편,dxCKr,https://m.place.naver.com/my/608cfd41f36da869f165e20e/review?v=2,,비싸요 …. 케리비안베이 안이라서,2024-03-03,2024-01-22,1,1,"[""https://pup-review-phinf.pstatic.net/MjAyNDAzMDNfMTU0/MDAxNzA5NDM1NDEyMzgw.uBENig_i0g4jMmF16mE-V5UA9o2pnaj_rCD0r2ERKBog.Yr2uVurm6Tbl3VrF9AcM2UaVpVG8uRhXQnH0LuX0SS0g.JPEG/59EE3C14-99EE-4512-88A7-1345F3B388B7.jpeg?type=w1500_60_sharpen""]",0,"[""주차하기 편해요""]",,true,2026-09-01T06:14:21+00:00,naver_버거카페-갤리언_20260901T055008Z#9
naver,버거카페 갤리언,1636531333,https://pcmap.place.naver.com/restaurant/1636531333/review/visitor,66647e4ae139e6713eb21fce,주목해주세요,5wabr,https://m.place.naver.com/my/5c433e2bdbc65ae35cdd7d49/review?v=2,,,,2024-06-08,1,,,0,"[""음식이 맛있어요""]",,true,2026-09-01T06:14:21+00:00,naver_버거카페-갤리언_20260901T055008Z#10
naver,버거카페 갤리언,1636531333,https://pcmap.place.naver.com/restaurant/1636531333/review/visitor,66c3f5117d9acc2ec0bd5992,kkk****,Xu46,https://m.place.naver.com/my/5caaa259fd0359a45e950fc3/review?v=2,,,,2024-08-13,1,,,0,"[""단체모임 하기 좋아요""]",,true,2026-09-01T06:14:21+00:00,naver_버거카페-갤리언_20260901T055008Z#11
naver,버거카페 갤리언,1636531333,https://pcmap.place.naver.com/restaurant/1636531333/review/visitor,65c59f9f7dff1457b53fb81e,yellow10,3euO4,https://m.place.naver.com/my/5f058e9c82d9f26c95eecba0/review?v=2,,,,2024-02-09,1,,,0,"[""음식이 맛있어요"", ""재료가 신선해요"", ""양이 많아요""]",,true,2026-09-01T06:14:21+00:00,naver_버거카페-갤리언_20260901T055008Z#12
naver,버거카페 갤리언,1636531333,https://pcmap.place.naver.com/restaurant/1636531333/review/visitor,65b5d32bbd6703186bd8745c,하랑맘28,WEkC,https://m.place.naver.com/my/5efe1f9567c6d4320f5733d0/review?v=2,,,,2024-01-28,1,,,0,"[""재료가 신선해요"", ""혼밥하기 좋아요"", ""친절해요""]",,true,2026-09-01T06:14:21+00:00,naver_버거카페-갤리언_20260901T055008Z#13
naver,버거카페 갤리언,1636531333,https://pcmap.place.naver.com/restaurant/1636531333/review/visitor,65a3bf00ccb37de93fcd2ed8,익스펙토페투로눔,3zPTh,https://m.place.naver.com/my/5e574bc98f87a842bcfd90fd/review?v=2,,,,2024-01-14,1,,,0,"[""매장이 청결해요"", ""특별한 날 가기 좋아요""]",,true,2026-09-01T06:14:21+00:00,naver_버거카페-갤리언_20260901T055008Z#14
naver,버거카페 갤리언,1636531333,https://pcmap.place.naver.com/restaurant/1636531333/review/visitor,65924433026783e88e2d7148,정샨,UxAV,https://m.place.naver.com/my/5dc8059a8f87a842bc660d5b/review?v=2,,,,2024-01-01,1,,,0,"[""음식이 맛있어요""]",,true,2026-09-01T06:14:21+00:00,naver_버거카페-갤리언_20260901T055008Z#15
naver,버거카페 갤리언,1636531333,https://pcmap.place.naver.com/restaurant/1636531333/review/visitor,66d2948fa542e6afefadb5ca,도깨비 방망이35,2sMw1,https://m.place.naver.com/my/5efe2ee7b4dd01caff0a1fae/review?v=2,,,,2024-01-28,1,,,0,"[""뷰가 좋아요""]",,true,2026-09-01T06:14:21+00:00,naver_버거카페-갤리언_20260901T055008Z#16
naver,버거카페 갤리언,1636531333,https://pcmap.place.naver.com/restaurant/1636531333/review/visitor,65fda26cf4986979da6860a3,syn****,37CDT,https://m.place.naver.com/my/63b00d79270d031cc104e028/review?v=2,,,,2024-01-28,1,,,0,"[""특별한 메뉴가 있어요""]",,true,2026-09-01T06:14:21+00:00,naver_버거카페-갤리언_20260901T055008Z#17
naver,버거카페 갤리언,1636531333,https://pcmap.place.naver.com/restaurant/1636531333/review/visitor,65aa0207e601063d9c0e798d,dyd****,A0Ys,https://m.place.naver.com/my/5f12683f9ec8258e4a164aab/review?v=2,,,,2024-01-19,1,,,0,"[""음식이 맛있어요"", ""재료가 신선해요"", ""양이 많아요"", ""특별한 메뉴가 있어요"", ""가성비가 좋아요""]",,true,2026-09-01T06:14:21+00:00,naver_버거카페-갤리언_20260901T055008Z#18
naver,버거카페 갤리언,1636531333,https://pcmap.place.naver.com/restaurant/1636531333/review/visitor,6598de738ee9012cb1847d55,a1t****,aaAAC,https://m.place.naver.com/my/5fc337cb76099b9e74bc0c11/review?v=2,,,,2024-01-06,1,,,0,"[""재료가 신선해요"", ""양이 많아요"", ""특별한 메뉴가 있어요""]",,true,2026-09-01T06:14:21+00:00,naver_버거카페-갤리언_20260901T055008Z#19
naver,버거카페 갤리언,1636531333,https://pcmap.place.naver.com/restaurant/1636531333/review/visitor,67228b4a14e1543eea023b57,SSEOO,5wRIP,https://m.place.naver.com/my/5e8dcddc8f87a842bc8766c6/review?v=2,,ㅎㅎㅎ 최고,2024-10-31,2024-07-31,1,1,"[""https://pup-review-phinf.pstatic.net/MjAyNDEwMzFfNiAg/MDAxNzMwMzE3MTI5ODYz.0hBgOBpSOaeWQlGDbyBw_YN5jq0qZZFcXJ2Ei0uktm4g.asVbqLPSO74tUWwubPDi1kNIzPdlW37Yrdk7n7ID9gwg.JPEG/954B3C05-C39D-4BBD-BEE8-17D8EC34B230.jpeg?type=w1500_60_sharpen""]",0,"[""음식이 맛있어요""]",,true,2026-09-01T06:14:21+00:00,naver_버거카페-갤리언_20260901T055008Z#20
naver,버거카페 갤리언,1636531333,https://pcmap.place.naver.com/restaurant/1636531333/review/visitor,65e142702fcba176ae446df1,우우우우19,2fWAC,https://m.place.naver.com/my/5c5633673850b84ab3b0b177/review?v=2,,너무 비싸요,2024-03-01,2024-02-29,1,,,0,,,true,2026-09-01T06:14:21+00:00,naver_버거카페-갤리언_20260901T055008Z#21
naver,버거카페 갤리언,1636531333,https://pcmap.place.naver.com/restaurant/1636531333/review/visitor,65e2a15eb07021906be8dcd8,다람쥐2332,3L0q4,https://m.place.naver.com/my/5d68f7928f87a842bcae1161/review?v=2,,맛나요,2024-03-02,2024-02-28,1,,,0,"[""음식이 맛있어요""]",,true,2026-09-01T06:14:21+00:00,naver_버거카페-갤리언_20260901T055008Z#22
naver,버거카페 갤리언,1636531333,https://pcmap.place.naver.com/restaurant/1636531333/review/visitor,65dfabd8d3fde3fe839a5585,도토리8934,4EwI5,https://m.place.naver.com/my/5bf50a7947b51c329038b431/review?v=2,,,,2024-02-28,1,,,0,"[""친절해요""]",,true,2026-09-01T06:14:21+00:00,naver_버거카페-갤리언_20260901T055008Z#23
naver,라코스타,19286170,https://pcmap.place.naver.com/restaurant/19286170/review/visitor,6a33ab313de4dec164d8e4d6,장군7093,2cnaA,https://m.place.naver.com/my/5e4bb3ab8f87a842bcfd5587/review?v=2,5.0,맛있어요 2만원에ㅎㅎ,2026-06-18,2026-06-18,1,10,"[""https://pup-review-phinf.pstatic.net/MjAyNjA2MThfMTA2/MDAxNzgxNzcxMDUyNDk3.-DSJP-9E-9aT4VZRrlFZO9Nu6iINR4R4_UwgG2iviQgg.Y9MIaorfm3I6BM6Yl5l6ODaF4CB3fqs_gbv0GmAbfQQg.JPEG/20260618_141850.jpg.jpg?type=w1500_60_sharpen"", ""https://pup-review-phinf.pstatic.net/MjAyNjA2MThfMjAw/MDAxNzgxNzcxMDUyNDk3.ErN0iy72oabjrJh4X0csK_ST7GgBl6oYylTz9Q3fAkkg.8Ni6nbeeu8gnE5KhrwjII-VzEl-jQRv6kfKtWdWPyvwg.JPEG/20260618_141845.jpg.jpg?type=w1500_60_sharpen"", ""https://pup-review-phinf.pstatic.net/MjAyNjA2MThfMTAz/MDAxNzgxNzcxMDUyNTg0.Gk2CLQz-IsRCzVeWNcne-rvMo7zaSdml4TBtaIVjpd4g.B7RDE7F7960AWjuOBWWaS4oiVVLYJsj1CDmMxIamBPkg.JPEG/20260618_141844.jpg.jpg?type=w1500_60_sharpen"", ""https://pup-review-phinf.pstatic.net/MjAyNjA2MThfNzUg/MDAxNzgxNzcxMDUyNTYw.mVeSiQD4hkJxqRxRMJYGab9BAqVk_qwUwt6Fnr6SHrQg.q4iqklgPWJ28ty-bAGGFElJjLwP0nk2V43SM6XfArBgg.JPEG/20260618_141540.jpg.jpg?type=w1500_60_sharpen"", ""https://pup-review-phinf.pstatic.net/MjAyNjA2MThfMjcy/MDAxNzgxNzcxMDUzOTE0.j54ip9ZqNWgHqBXV-4LNg3ZaA_ccaFsiWh0sLTUiO5sg.3RGI6p2PuTeeMpcCmpAQG5_FsNn_Gqy9fcsjMuAqBcgg.JPEG/20260618_145637.jpg.jpg?type=w1500_60_sharpen"", ""https://pup-review-phinf.pstatic.net/MjAyNjA2MThfMjgg/MDAxNzgxNzcxMDUzOTY3.tR0lCtt4MNBWdcVyMCM5PfoXJEu1eDiPfCSeTZjLjVkg.iWtaLvG3ZLrVRrT3MtL4b6YnCrMlseijxdXtVVNmtzYg.JPEG/20260618_145631.jpg.jpg?type=w1500_60_sharpen"", ""https://pup-review-phinf.pstatic.net/MjAyNjA2MThfMTQ1/MDAxNzgxNzcxMDUzOTUy._tilxNCcECC7nyhVBV5rUftDYnaTOyQbX-DikKOVx44g.HX9121L5sw3spUu352pG5N0vcqhyw6H-xiWT5_tzYycg.JPEG/20260618_150011.jpg.jpg?type=w1500_60_sharpen"", ""https://pup-review-phinf.pstatic.net/MjAyNjA2MThfMjQw/MDAxNzgxNzcxMDU0MTkz.ooeBc1A4kL_JtYkbfqif3GdFaplOZ5-UMftwGeHfIqkg.t2lXxKKGBp-tSA8nLDVLswkKSevRHfU4SWWEQwtfoFog.JPEG/20260618_150016.jpg.jpg?type=w1500_60_sharpen"", ""https://pup-review-phinf.pstatic.net/MjAyNjA2MThfMTA4/MDAxNzgxNzcxMDU0MzQ1.YiMJIS1tlY22sbKzMprZ0k2NOE4rv64xUUkBIa6Bieog.Gv3TG4zFryFIIVrNOv5o9W7mHRMfXD2FMercb8UihVUg.JPEG/20260618_150838.jpg.jpg?type=w1500_60_sharpen"", ""https://pup-review-phinf.pstatic.net/MjAyNjA2MThfMjc0/MDAxNzgxNzcxMDU1NDQ3.4-FVa8yrni_-Dw7tS5uRNjV6k3uTEddy6ioh76WTEC4g.zxcP4ksLAkd41dLN8TssLjaAHJmursFAlqhcrvFkp10g.JPEG/20260618_150843.jpg.jpg?type=w1500_60_sharpen""]",0,"[""음식이 맛있어요"", ""재료가 신선해요""]",,true,2026-09-01T06:16:17+00:00,naver_라코스타_20260901T055008Z#0
naver,라코스타,19286170,https://pcmap.place.naver.com/restaurant/19286170/review/visitor,68caa0992448482ce907a74f,얍얍얍28,TXfl,https://m.place.naver.com/my/5efe7ca68f87a842bc99af0b/review?v=2,,"물놀이 중간 간단히 식사하기 좋아요
음식도 맛있었어요~!",2025-09-17,2025-09-06,1,,,0,"[""음식이 맛있어요""]",,true,2026-09-01T06:16:17+00:00,naver_라코스타_20260901T055008Z#1
naver,라코스타,19286170,https://pcmap.place.naver.com/restaurant/19286170/review/visitor,68a47aeadca794f8324b8940,wanderingmiya,eH7pv,https://m.place.naver.com/my/627fee41f1f76302bf027912/review?v=2,,맛은 무난. 가격은...ㅜㅜ,2025-08-19,2025-08-16,1,1,"[""https://pup-review-phinf.pstatic.net/MjAyNTA4MTlfNCAg/MDAxNzU1NjA5ODMyMjE4.9QUJgJ733HWWgPdp3dAV1Euy3o_IgT3GlRhfEH4Wy1Yg.v94olJwfmVhcC5fz2HxyDDZRkR_kP_IJWaeREe5pUnIg.JPEG/20250816_095838.jpg.jpg?type=w1500_60_sharpen""]",0,"[""음식이 맛있어요""]",,true,2026-09-01T06:16:17+00:00,naver_라코스타_20260901T055008Z#2
naver,라코스타,19286170,https://pcmap.place.naver.com/restaurant/19286170/review/visitor,66a7b890d2372f1ad11d5894,juvzsdfhdfh,We5t,https://m.place.naver.com/my/5c1e5704d184efb5285eb3f8/review?v=2,,"물놀이 후 점심!!
야채가 있어서 좋아요",2024-07-30,2024-07-06,1,1,"[""https://pup-review-phinf.pstatic.net/MjAyNDA3MzBfMTU4/MDAxNzIyMjY3NzkwOTI0.Auxa1oHD_CRavsTnxM-ppXZqlEAPQDFGyUPCQFLXjzog.5QnNr0219l3Ak12ZO10S4MKaC0NJct_1z6IsVs2lULUg.JPEG/85804925-6577-4413-9CEA-66ED42622244.jpeg?type=w1500_60_sharpen""]",0,"[""매장이 넓어요"", ""뷰가 좋아요"", ""특별한 메뉴가 있어요""]",,true,2026-09-01T06:16:17+00:00,naver_라코스타_20260901T055008Z#3
naver,라코스타,19286170,https://pcmap.place.naver.com/restaurant/19286170/review/visitor,668e986cdb0175a2882b2f69,Brachioo,8NSfF,https://m.place.naver.com/my/5f3bd234a602e98f56dfeb85/review?v=2,,"바베큐콤보(17300원) 먹었어요.
소시지랑 닭다리를 눈 앞에서 구워주셨고 너무 맛있었어요!!
가성비는 별로지만 물놀이하고 먹으니까 대존맛이어서 흡입했어요 암냠냠암냠냠",2024-07-10,2024-07-09,1,1,"[""https://pup-review-phinf.pstatic.net/MjAyNDA3MTBfMTg0/MDAxNzIwNjIxMTAwODE4.fA9ITabGXWwaS6ZjvFcxl_pyMM1vnSAEaHWsNqr8_Q8g.MV-pe60xG0wflWCLQInYFnD6uuGVo34h-4Ji53FERBgg.JPEG/IMG_7351.jpeg?type=w1500_60_sharpen""]",0,"[""비싼 만큼 가치있어요"", ""특별한 메뉴가 있어요"", ""재료가 신선해요""]",,true,2026-09-01T06:16:17+00:00,naver_라코스타_20260901T055008Z#4
naver,라코스타,19286170,https://pcmap.place.naver.com/restaurant/19286170/review/visitor,67228d90b15d479ecb02066d,egm****,6wS7p,https://m.place.naver.com/my/5de0a9249ec8258e4a71bcd1/review?v=2,,맛나요,2024-10-31,2024-08-13,1,1,"[""https://pup-review-phinf.pstatic.net/MjAyNDEwMzFfMTc3/MDAxNzMwMzE3NzExMDAy._WGJoXpXRW1sewV6os1P3HQyVLAv9AJAlbGrxMmzXoIg.fU1pnmrOVrUpi2UgSgMUAzjbugBh4MgYdMaPXABKxG4g.JPEG/F7A20C62-A918-4AAA-80F0-EFB4809FBA2F.jpeg?type=w1500_60_sharpen""]",0,"[""음식이 맛있어요""]",,true,2026-09-01T06:16:17+00:00,naver_라코스타_20260901T055008Z#5
naver,라코스타,19286170,https://pcmap.place.naver.com/restaurant/19286170/review/visitor,66a73121b518fa42bdfae568,오드리2833,a41GL,https://m.place.naver.com/my/603334d166e99fb552887331/review?v=2,,쉼,2024-07-29,2024-07-28,1,,,0,"[""재료가 신선해요"", ""특별한 메뉴가 있어요"", ""인테리어가 멋져요"", ""매장이 넓어요""]",,true,2026-09-01T06:16:17+00:00,naver_라코스타_20260901T055008Z#6
naver,라코스타,19286170,https://pcmap.place.naver.com/restaurant/19286170/review/visitor,66eac5c78b479dfd3ef781f0,천년묵은거북이,3ess4,https://m.place.naver.com/my/6067facbf958bc5313dcee50/review?v=2,,"역시 비쌉니다..
떡볶이 한접시에 순살치킨 몇개 언져주고 만오천원이에요..
비싸지만 휴일임에도 몇군데 안열었더라구요..
맛은 뭐 쏘쏘 이구요..",2024-09-18,2024-09-18,1,,,0,"[""음식이 빨리 나와요""]",,true,2026-09-01T06:16:17+00:00,naver_라코스타_20260901T055008Z#7
naver,라코스타,19286170,https://pcmap.place.naver.com/restaurant/19286170/review/visitor,64bdf65176d4141e1dbbd500,마루안녕,1ScNF,https://m.place.naver.com/my/610935bceace2c7a83869253/review?v=2,,"평소보다 우동이 더 맛있게 느껴지는 건 
비오는 날의 기분탓일까요? 
좋은사람과 함께 즐겨서일까요? ㅎㅎㅎ
야채튀김이 있어서 맥주 안주로도 좋아요~^^",2023-07-24,2023-07-23,2,1,"[""https://pup-review-phinf.pstatic.net/MjAyMzA3MjRfMzIg/MDAxNjkwMTcwOTYwMjIy.m1Lm-y530WdcNMoZaBXKzI_FIWMQ_dZFJOxa5rzurhIg.iuNR7nW_mF7uDhdi5qPeMBRzluAt8XT5zJvSFZ3mXqog.JPEG/20230723_133531.jpg.jpg?type=w1500_60_sharpen""]",0,"[""음식이 맛있어요""]",,true,2026-09-01T06:16:17+00:00,naver_라코스타_20260901T055008Z#8
naver,라코스타,19286170,https://pcmap.place.naver.com/restaurant/19286170/review/visitor,64b64b30aae2d9b69ea86657,마루안녕,1ScNF,https://m.place.naver.com/my/610935bceace2c7a83869253/review?v=2,,물놀이에는 역시 따뜻한 국물~^^ 안에 들어있는 유부는 단맛이 너무 강했어요.,2023-07-18,2023-07-16,1,1,"[""https://pup-review-phinf.pstatic.net/MjAyMzA3MThfNjEg/MDAxNjg5NjY4Mzk4MjU2.l8TMu6zcDnuvTx_Ym8u6dlcLPd-mKvdVl3QW1fZx11Ag.DRPhWdDR4jidtbNuh9p42VQIv8Swq-_Za923oX0kv6cg.JPEG/20230716_135128.jpg.jpg?type=w1500_60_sharpen""]",0,"[""음식이 맛있어요""]",,true,2026-09-01T06:16:17+00:00,naver_라코스타_20260901T055008Z#9
naver,라코스타,19286170,https://pcmap.place.naver.com/restaurant/19286170/review/visitor,66e17ce4e9508f9fccfeb4a3,moom1124,pczI,https://m.place.naver.com/my/60a098105f0330a2ea5f0f7e/review?v=2,,,,2024-09-09,1,,,0,"[""뷰가 좋아요""]",,true,2026-09-01T06:16:17+00:00,naver_라코스타_20260901T055008Z#10
naver,라코스타,19286170,https://pcmap.place.naver.com/restaurant/19286170/review/visitor,6684d73d9ed5c390d553ac06,zpc****,2zPmF,https://m.place.naver.com/my/5f851f826c3d7f7334397345/review?v=2,,,,2024-06-30,1,,,0,"[""음식이 맛있어요""]",,true,2026-09-01T06:16:17+00:00,naver_라코스타_20260901T055008Z#11
naver,라코스타,19286170,https://pcmap.place.naver.com/restaurant/19286170/review/visitor,6590e580f6f6c0329a4ac96b,귀연할망,2gwLs,https://m.place.naver.com/my/5d78811e8f87a842bc6eeb73/review?v=2,,,,2023-06-09,1,,,0,"[""음식이 맛있어요""]",,true,2026-09-01T06:16:17+00:00,naver_라코스타_20260901T055008Z#12
naver,라코스타,19286170,https://pcmap.place.naver.com/restaurant/19286170/review/visitor,6524afb2e3a9a8487f8599f8,yir****,cKSPL,https://m.place.naver.com/my/5f365e609ec8258e4af9d5c9/review?v=2,,,,2023-08-28,1,,,0,"[""매장이 넓어요""]",,true,2026-09-01T06:16:17+00:00,naver_라코스타_20260901T055008Z#13
naver,라코스타,19286170,https://pcmap.place.naver.com/restaurant/19286170/review/visitor,64ddfe40517f22c95afc5258,꼬맹이6743,6TIiT,https://m.place.naver.com/my/5f1957479ec8258e4a7f0f87/review?v=2,,,,2023-08-14,1,,,0,"[""특별한 날 가기 좋아요""]",,true,2026-09-01T06:16:17+00:00,naver_라코스타_20260901T055008Z#14
naver,라코스타,19286170,https://pcmap.place.naver.com/restaurant/19286170/review/visitor,65e1ade37810fa4120b687a1,정선정40,30KaN,https://m.place.naver.com/my/5c5449ea7e303e0c6f809c99/review?v=2,,,,2023-06-08,1,,,0,"[""음식이 맛있어요""]",,true,2026-09-01T06:16:17+00:00,naver_라코스타_20260901T055008Z#15
naver,라코스타,19286170,https://pcmap.place.naver.com/restaurant/19286170/review/visitor,63118a45140d56cd7def5f04,남콤,4ZzdF,https://m.place.naver.com/my/5ce8f3f60d0c1e8326ff077d/review?v=2,,,,2022-09-02,1,,,0,"[""특별한 메뉴가 있어요""]",,true,2026-09-01T06:16:17+00:00,naver_라코스타_20260901T055008Z#16
naver,라코스타,19286170,https://pcmap.place.naver.com/restaurant/19286170/review/visitor,6461e6775072f9a18aef0e47,jun3545,rAzT,https://m.place.naver.com/my/5c318549b32a99b456823e60/review?v=2,,,,2023-05-12,1,,,0,"[""양이 많아요""]",,true,2026-09-01T06:16:17+00:00,naver_라코스타_20260901T055008Z#17
naver,타운즈마켓레스토랑,36940409,https://pcmap.place.naver.com/restaurant/36940409/review/visitor,69e4b61b93e92f7f8011a602,whatsthedate,31XZQ,https://m.place.naver.com/my/5c6fb7e31acad6b34648e0eb/review?v=2,5.0,맛있어요~,2026-04-19,2026-04-19,1,1,"[""https://pup-review-phinf.pstatic.net/MjAyNjA0MTlfMjU2/MDAxNzc2NTk2NTA2MTA1.ssSunSKUwk3h4KXMWYoKR0zvUtyC98UUKZGYxHeuKdMg.GaeqtHJ9DPB9b0I8RvRTwBbQCPEDg_e_GnoL_bNyaFcg.JPEG/9572B8CD-9B22-46EA-B069-131A85C44DCD.jpeg?type=w1500_60_sharpen""]",0,"[""음식이 맛있어요"", ""가성비가 좋아요"", ""매장이 넓어요"", ""친절해요"", ""매장이 청결해요""]",,true,2026-09-01T06:18:12+00:00,naver_타운즈마켓레스토랑_20260901T055008Z#0
naver,타운즈마켓레스토랑,36940409,https://pcmap.place.naver.com/restaurant/36940409/review/visitor,67ed3324d48b6a650324c4b1,han****,sS0k,https://m.place.naver.com/my/5c67801f98b44e73ee2f06ea/review?v=2,,우동은 맛있었어요ㅠㅠㅠㅜ초밥은 회는 두꺼웠지만 별로였어요🥲,2025-04-02,2025-03-23,1,2,"[""https://pup-review-phinf.pstatic.net/MjAyNTA0MDJfNDcg/MDAxNzQzNTk4MzcxMjQ4.DNIvyDqj-YOZD6zFgZ37UL5G6xOG5cfiFVVTGX_IjiIg.5aUDPmq4XN28dmH71I9szkm0XwUrDeQ5-DY3Qj0f3ogg.JPEG/EBE2B4A7-6428-4BD8-8AA0-575E436BAE8E.jpeg?type=w1500_60_sharpen"", ""https://pup-review-phinf.pstatic.net/MjAyNTA0MDJfMTE0/MDAxNzQzNTk4MzcxMzUy.4q8lK6rQjLT9y0APMZzZFdgibGMOZAn9iMlvwQCSaecg.1_-oKmSIW3vs1F5eet_Nb2CP0w0X4Dt-Y12yfj_RmEkg.JPEG/85C158CB-7BFE-4DA6-9A54-75C4BD6D8246.jpeg?type=w1500_60_sharpen""]",0,,,true,2026-09-01T06:18:12+00:00,naver_타운즈마켓레스토랑_20260901T055008Z#1
naver,타운즈마켓레스토랑,36940409,https://pcmap.place.naver.com/restaurant/36940409/review/visitor,6710fee5ec5052ae3af4efa3,gktjsl9903,MQZj,https://m.place.naver.com/my/5e79436b8f87a842bc7a0614/review?v=2,,에버랜드에서 초밥을팔다니 너무좋네요:)  햄버거나 피자보다 건강식을먹을수있으니 만족합니다. 신선하고 맛있어요. 욕심부리자면 가격만좀더 합리적이면 좋겠어요^^,2024-10-17,2024-10-04,1,2,"[""https://pup-review-phinf.pstatic.net/MjAyNDEwMTdfMjY1/MDAxNzI5MTY3MDc1MzI4.DIrpPMGi0Lfy-0PEnVsV8Ansl115FGfK1ieZDgF15nQg.L1U4Xz83XCfTfmCE2go9ViQOsJEkt8M2J7XVzqtl9Xog.JPEG/1000067503.jpg.jpg?type=w1500_60_sharpen"", ""https://pup-review-phinf.pstatic.net/MjAyNDEwMTdfMTU0/MDAxNzI5MTY3MDc1ODQw.GyozvaPcHtNWOVCg8VJQq9i6Ad_dfUj0pEr-dowHljcg.ncvEaIV-y9T5zyqZoK0O5BaRt2_Vh7IZwzNE3AFVg_Ug.JPEG/1000067497.jpg.jpg?type=w1500_60_sharpen""]",0,"[""음식이 맛있어요"", ""재료가 신선해요"", ""매장이 넓어요"", ""매장이 청결해요""]",,true,2026-09-01T06:18:12+00:00,naver_타운즈마켓레스토랑_20260901T055008Z#2
naver,타운즈마켓레스토랑,36940409,https://pcmap.place.naver.com/restaurant/36940409/review/visitor,68282a6893be24ea22ff876a,구공63,2xmZ5,https://m.place.naver.com/my/5c13713ac5afad8d375f17ce/review?v=2,,굿,2025-05-17,2025-03-21,1,,,0,"[""음식이 맛있어요""]",,true,2026-09-01T06:18:12+00:00,naver_타운즈마켓레스토랑_20260901T055008Z#3
naver,타운즈마켓레스토랑,36940409,https://pcmap.place.naver.com/restaurant/36940409/review/visitor,6725d23485eb487ca516cda3,어반베뉴,4FktK,https://m.place.naver.com/my/613c1a36924329015484ac90/review?v=2,,소스가짜요 많이넣으믄안대안대,2024-11-02,2024-11-02,1,1,"[""https://pup-review-phinf.pstatic.net/MjAyNDExMDJfOTkg/MDAxNzMwNTMxODkxNzE2.kktHe9h6xuDfhe2fD0JmLmlyEN-kCbWdmeZS3LUzusEg.vFl0QwEEBFi15t3ux9eKhLqIQMPNoT_jJyWYCUphaR4g.JPEG/1000011361.jpg.jpg?type=w1500_60_sharpen""]",0,"[""음식이 맛있어요""]",,true,2026-09-01T06:18:12+00:00,naver_타운즈마켓레스토랑_20260901T055008Z#4
naver,타운즈마켓레스토랑,36940409,https://pcmap.place.naver.com/restaurant/36940409/review/visitor,671463af89208bdb99f2fad9,올리브유 핫태,3dHHW,https://m.place.naver.com/my/5e0b5f468f87a842bc808463/review?v=2,,맛잏는데 가격이 좀 비싼 것 같아요ㅠ,2024-10-20,2024-10-13,1,,,0,"[""음식이 맛있어요"", ""특별한 메뉴가 있어요""]",,true,2026-09-01T06:18:12+00:00,naver_타운즈마켓레스토랑_20260901T055008Z#5
naver,타운즈마켓레스토랑,36940409,https://pcmap.place.naver.com/restaurant/36940409/review/visitor,673e90fe662e74090c4d3901,yoon8657,2b1Ws,https://m.place.naver.com/my/5c43221d9b8b9326a55b6345/review?v=2,,떡복이,2024-11-21,2024-11-21,1,1,"[""https://pup-review-phinf.pstatic.net/MjAyNDExMjFfOTIg/MDAxNzMyMTUzNTk2MzIy.ogdXVEZnb_9DQl6Z84Zef8G5Cz-XHNvZ09qJgxJqOdUg._tDJtcP6f6S_1KbFy676DfkfKJZ_lTn6rEKMmha98SAg.JPEG/1000012860.jpg.jpg?type=w1500_60_sharpen""]",0,"[""음식이 맛있어요""]",,true,2026-09-01T06:18:12+00:00,naver_타운즈마켓레스토랑_20260901T055008Z#6
naver,타운즈마켓레스토랑,36940409,https://pcmap.place.naver.com/restaurant/36940409/review/visitor,67147a75bab4191ff424542b,HYUN369,30p5J,https://m.place.naver.com/my/5e92b76c8f87a842bc4f74d7/review?v=2,,가격이 좀 비싸요,2024-10-20,2024-10-13,1,,,0,"[""음식이 맛있어요""]",,true,2026-09-01T06:18:12+00:00,naver_타운즈마켓레스토랑_20260901T055008Z#7
naver,타운즈마켓레스토랑,36940409,https://pcmap.place.naver.com/restaurant/36940409/review/visitor,6767ca06e7a6e04b1ff97321,리온진,2nyDg,https://m.place.naver.com/my/607a22e6bde0bd296b6966b6/review?v=2,,김치말곤 ....,2024-12-22,2024-12-19,1,,,0,,,true,2026-09-01T06:18:12+00:00,naver_타운즈마켓레스토랑_20260901T055008Z#8
naver,타운즈마켓레스토랑,36940409,https://pcmap.place.naver.com/restaurant/36940409/review/visitor,66f3e6de2281d8156af05ee4,makssub,wCPz,https://m.place.naver.com/my/5c50bda767f4991d1a9d03e1/review?v=2,,비싸긴햇지만 맛은괜찮앗어요.날씨가무척더웠는데 실내가시원하지않아서 불편했어요,2024-09-25,2024-09-17,1,4,"[""https://pup-review-phinf.pstatic.net/MjAyNDA5MjVfMTQ1/MDAxNzI3MjYwMzgwOTkx.Mb7eNV_qoRxTo8AdqG3dIdrTkcbOnaQ2DUEDid8rA5og.i2MMMaXJe6BvwPXv7A-mrnx3aTw1mm3EX4hwImtgTvQg.JPEG/1000012096.jpg.jpg?type=w1500_60_sharpen"", ""https://pup-review-phinf.pstatic.net/MjAyNDA5MjVfMTI1/MDAxNzI3MjYwMzgxMDUw.qpAFk9D991kkf2wvL92rMJtSxlg2U1kz1-qCYbX2R_Ug.RDZ3EzW3lPfVAPiCMJXkpU-SG80SQZlXke_f-HpWdEgg.JPEG/1000012095.jpg.jpg?type=w1500_60_sharpen"", ""https://pup-review-phinf.pstatic.net/MjAyNDA5MjVfNTQg/MDAxNzI3MjYwMzgxMTky.UYBJLMFJxN_keEW_QPuJ8oZlGLHU9iB0CI7-C0zKWP8g.fIRcRAYMMzS-TIWOPaIReTB5h5jjSD6U4ArRHVQXFn0g.JPEG/1000012094.jpg.jpg?type=w1500_60_sharpen"", ""https://pup-review-phinf.pstatic.net/MjAyNDA5MjVfMTUx/MDAxNzI3MjYwMzgxMjY5.TlTvxkB_kQfNWVsGdS3ifLjtiH9IbGhsms2LzyY8v9cg.6N5x2YyASFqNjC7KZ5vNpU8Mn2xrDMM6Sv5AxKvqwfwg.JPEG/1000012093.jpg.jpg?type=w1500_60_sharpen""]",0,"[""음식이 맛있어요""]",,true,2026-09-01T06:18:12+00:00,naver_타운즈마켓레스토랑_20260901T055008Z#9
naver,타운즈마켓레스토랑,36940409,https://pcmap.place.naver.com/restaurant/36940409/review/visitor,671cd9e94948b5f32e65b34e,bam****,e7Kvb,https://m.place.naver.com/my/61961d86a35fcd61c424ccaa/review?v=2,,,,2024-10-26,1,,,0,"[""음식이 맛있어요""]",,true,2026-09-01T06:18:12+00:00,naver_타운즈마켓레스토랑_20260901T055008Z#10
naver,타운즈마켓레스토랑,36940409,https://pcmap.place.naver.com/restaurant/36940409/review/visitor,670a71f811ed2810806b0a58,고영아범,CYkg,https://m.place.naver.com/my/5b9b5ad5ba71d707970c7010/review?v=2,,,,2024-10-12,1,,,0,"[""음식이 맛있어요""]",,true,2026-09-01T06:18:12+00:00,naver_타운즈마켓레스토랑_20260901T055008Z#11
naver,타운즈마켓레스토랑,36940409,https://pcmap.place.naver.com/restaurant/36940409/review/visitor,66fe584177d4027393009d7d,aaa93,4Dl4C,https://m.place.naver.com/my/5f06d40a200ffc9fb6654bac/review?v=2,,,,2024-09-30,1,,,0,"[""매장이 넓어요""]",,true,2026-09-01T06:18:12+00:00,naver_타운즈마켓레스토랑_20260901T055008Z#12
naver,타운즈마켓레스토랑,36940409,https://pcmap.place.naver.com/restaurant/36940409/review/visitor,67441bbb31046ffca0a5ec04,nan****,6ETmm,https://m.place.naver.com/my/5e339c4e8f87a842bc03d8fc/review?v=2,,,,2024-11-16,1,,,0,"[""음식이 맛있어요"", ""재료가 신선해요"", ""양이 많아요"", ""특별한 메뉴가 있어요""]",,true,2026-09-01T06:18:12+00:00,naver_타운즈마켓레스토랑_20260901T055008Z#13
naver,타운즈마켓레스토랑,36940409,https://pcmap.place.naver.com/restaurant/36940409/review/visitor,66eadfdbd68fd11351e24687,ky****,1zbAZ,https://m.place.naver.com/my/5c465166bed99c35b1e2662b/review?v=2,,,,2024-09-18,1,,,0,"[""음식이 맛있어요"", ""재료가 신선해요""]",,true,2026-09-01T06:18:12+00:00,naver_타운즈마켓레스토랑_20260901T055008Z#14
naver,타운즈마켓레스토랑,36940409,https://pcmap.place.naver.com/restaurant/36940409/review/visitor,671c909a65bcaf7def1cea6c,uplcd,3x8Wb,https://m.place.naver.com/my/5d1f3bb98191e9a892005a94/review?v=2,,,,2024-09-27,1,,,0,"[""음식이 맛있어요"", ""가성비가 좋아요"", ""매장이 넓어요"", ""친절해요"", ""매장이 청결해요""]",,true,2026-09-01T06:18:12+00:00,naver_타운즈마켓레스토랑_20260901T055008Z#15
naver,타운즈마켓레스토랑,36940409,https://pcmap.place.naver.com/restaurant/36940409/review/visitor,66936c260bf345eb483a390b,ㅅㄹㅎㅂㄱㅅㄷ,3Fg4J,https://m.place.naver.com/my/5eb5ae428f87a842bce02115/review?v=2,,,,2024-06-01,1,,,0,"[""음식이 맛있어요"", ""매장이 넓어요"", ""단체모임 하기 좋아요"", ""매장이 청결해요""]",,true,2026-09-01T06:18:12+00:00,naver_타운즈마켓레스토랑_20260901T055008Z#16
naver,타운즈마켓레스토랑,36940409,https://pcmap.place.naver.com/restaurant/36940409/review/visitor,665ed6ff9e545287c336c58e,sui****,cnt2G,https://m.place.naver.com/my/5f043a2fee4be03dee264619/review?v=2,,,,2024-05-31,1,,,0,"[""음식이 맛있어요"", ""재료가 신선해요"", ""매장이 넓어요""]",,true,2026-09-01T06:18:12+00:00,naver_타운즈마켓레스토랑_20260901T055008Z#17
naver,타운즈마켓레스토랑,36940409,https://pcmap.place.naver.com/restaurant/36940409/review/visitor,66a9f2bdb5749e657c382970,kjo****,2I7AB,https://m.place.naver.com/my/5e64b8d68f87a842bce7ee4a/review?v=2,,,,2024-05-09,1,,,0,"[""음식이 맛있어요""]",,true,2026-09-01T06:18:12+00:00,naver_타운즈마켓레스토랑_20260901T055008Z#18
naver,타운즈마켓레스토랑,36940409,https://pcmap.place.naver.com/restaurant/36940409/review/visitor,66501ad39791f89de0b9d162,날아라5548,1R90S,https://m.place.naver.com/my/5c6fdb337c873744295d11a1/review?v=2,,,,2024-05-08,1,,,0,"[""음식이 맛있어요""]",,true,2026-09-01T06:18:12+00:00,naver_타운즈마켓레스토랑_20260901T055008Z#19
naver,타운즈마켓레스토랑,36940409,https://pcmap.place.naver.com/restaurant/36940409/review/visitor,673c7f0adaae8d73c5666c82,호야토토리맘,4cLU6,https://m.place.naver.com/my/5d9f4c628f87a842bc3074d2/review?v=2,,좋아요,2024-11-19,2024-11-17,1,,,0,"[""음식이 맛있어요""]",,true,2026-09-01T06:18:12+00:00,naver_타운즈마켓레스토랑_20260901T055008Z#20
naver,타운즈마켓레스토랑,36940409,https://pcmap.place.naver.com/restaurant/36940409/review/visitor,672caa7bbe6336d8954020d4,bob****,10TZt,https://m.place.naver.com/my/5c0fa5c5eb9be7ea757fb242/review?v=2,,질겨요,2024-11-07,2024-10-27,1,,,0,,,true,2026-09-01T06:18:12+00:00,naver_타운즈마켓레스토랑_20260901T055008Z#21
naver,타운즈마켓레스토랑,36940409,https://pcmap.place.naver.com/restaurant/36940409/review/visitor,66f2ba5cb58710baf414b614,CloolO,2WsW1,https://m.place.naver.com/my/5ec8f8f48f87a842bc8751ce/review?v=2,,,,2024-09-24,1,,,0,"[""음식이 맛있어요""]",,true,2026-09-01T06:18:12+00:00,naver_타운즈마켓레스토랑_20260901T055008Z#22
naver,타운즈마켓레스토랑,36940409,https://pcmap.place.naver.com/restaurant/36940409/review/visitor,66642262f21ac6f5d31232ff,nam****,dOPZk,https://m.place.naver.com/my/62303f89edc82600064353f2/review?v=2,,,,2024-06-07,1,,,0,"[""음식이 맛있어요"", ""재료가 신선해요"", ""양이 많아요""]",,true,2026-09-01T06:18:12+00:00,naver_타운즈마켓레스토랑_20260901T055008Z#23
naver,타운즈마켓레스토랑,36940409,https://pcmap.place.naver.com/restaurant/36940409/review/visitor,66a77d36fccbeb62800a84d8,qorrnjs5,urG2,https://m.place.naver.com/my/5d942ad98f87a842bc04cd3e/review?v=2,,,,2024-06-01,1,,,0,"[""음식이 맛있어요""]",,true,2026-09-01T06:18:12+00:00,naver_타운즈마켓레스토랑_20260901T055008Z#24
naver,타운즈마켓레스토랑,36940409,https://pcmap.place.naver.com/restaurant/36940409/review/visitor,66a63b0df1be27c5754143c7,맨탈,2DeCk,https://m.place.naver.com/my/5c17a013ac32a0aacb498bbb/review?v=2,,,,2024-06-01,1,,,0,"[""음식이 맛있어요""]",,true,2026-09-01T06:18:12+00:00,naver_타운즈마켓레스토랑_20260901T055008Z#25
naver,멜팅소울 갤리언점,2041651090,https://pcmap.place.naver.com/restaurant/2041651090/review/visitor,6a36329e8157a36c94be9949,safehouse714,2Kc68,https://m.place.naver.com/my/5d99645d8f87a842bc7249f5/review?v=2,0.5,"고구마 후라이를 무려 7200원 주고 사먹는데
튀겨놓은지 한참 된 걸 먹어야하네요
3시쯤 주문했는데 점심시간 피크때 튀겨서 쌓아놓은거 주고 지금 나온거 줄수 없냐하니까
""이거 나온지 얼마 안된거에요
아직 따뜻하세요""라고 하는데
온장고에 있었으니까 온도는 24시간 내내 따뜻하겠죠 받아서 먹어보니 다 눅눅해 빠진.
아무리 워터파크라고 감안하고 먹어도 비싼 가격이고 비싼거 감안하고 먹으면 그만큼 지불한 값에 대해 성의는 보였으면 하는데요.

개선하셨으면 좋겠네요",2026-06-20,2026-06-20,1,1,"[""https://pup-review-phinf.pstatic.net/MjAyNjA2MjBfMTYy/MDAxNzgxOTM2NTg0Mzc5.E--Ms-59IgbooNrdVKv3NwWXmCyqTPZBvA1RPEY206kg.nQ25cYkUC454TT1Lbndq_A4qfQYxLdv7xU_BCMDRDqQg.JPEG/20260620_152204.jpg?type=w1500_60_sharpen""]",1,"[""혼밥하기 좋아요""]",,true,2026-09-01T06:19:38+00:00,naver_멜팅소울-갤리언점_20260901T055008Z#0
naver,멜팅소울 갤리언점,2041651090,https://pcmap.place.naver.com/restaurant/2041651090/review/visitor,6a6eb6db039d58dfbcb6900e,ILTS762,14jko,https://m.place.naver.com/my/5e7d32ed8f87a842bc9d6031/review?v=2,0.5,"소스가 하나도없네요
돈이 너무아까워서케찹머스터드 뿌려먹었네요
이게맞는건지.. 햄버거는 소스빨인데..",2026-08-02,2026-08-02,1,1,"[""https://pup-review-phinf.pstatic.net/MjAyNjA4MDJfNzYg/MDAxNzg1NjQwNjY1NTk3.0haaOgKi81IZQRfUmssZpGOIofTogkRrUuSSImOmE-0g.fL5b0PTMipNSFUSRpAiJ-gEMd33XoNYVD1JNSNTnNhog.JPEG/20260802_121613.jpg.jpg?type=w1500_60_sharpen""]",0,,,true,2026-09-01T06:19:38+00:00,naver_멜팅소울-갤리언점_20260901T055008Z#1
naver,멜팅소울 갤리언점,2041651090,https://pcmap.place.naver.com/restaurant/2041651090/review/visitor,6a27c40999fc33814885ff9f,백팩커 재구언,4a15F,https://m.place.naver.com/my/5d7bbda88f87a842bc23dd8e/review?v=2,2.5,"가성비 밤티난 캐비 실외 파도풀 앞에 있는 햄버거가게
심지어 올해부터는 에버랜드 솜포인트 적립도 안되고 가격은 더 오른것 같아서 울며겨자먹기로 먹는 곳 (왜냐면 에버랜드에서 먹을곳이 없기에 그나마 먹는거..)
수제버거인데 맛은 또 그렇게 뛰어나지 않음...
심지어 실외지점은 테이블도 스탠딩으로만 되어 있음...🤦🏻‍♂️",2026-06-09,2026-05-18,1,2,"[""https://pup-review-phinf.pstatic.net/MjAyNjA2MDlfOTkg/MDAxNzgwOTkwOTgzODI5.Nh0BVrhZaYS17xbPJo_Rj5xb9DB-5CffIpBBw77Fs7Ig.F1wrfTTC4vxkyIb3MY4i31uGezbAxIMcA8GME8B38G8g.JPEG/17BCF252-A11F-40FB-8480-3F093026FB76.jpeg?type=w1500_60_sharpen"", ""https://pup-review-phinf.pstatic.net/MjAyNjA2MDlfNTMg/MDAxNzgwOTkwOTgzNjE2.9ea9WZrt3LhuZfeKnLfW9fNQegRbchrMK3hzKksexhkg.GM9mhBvUcrh8GL-wlzwV-ssLCvlyyoySEqIkcW-xTI4g.JPEG/C5C4E1CE-C580-4D8F-9ED2-6EE08D79C09B.jpeg""]",1,"[""건강한 맛이에요""]",,true,2026-09-01T06:19:38+00:00,naver_멜팅소울-갤리언점_20260901T055008Z#2
naver,멜팅소울 갤리언점,2041651090,https://pcmap.place.naver.com/restaurant/2041651090/review/visitor,686f584f203921421c904dd4,yoo****,6uduL,https://m.place.naver.com/my/5fb41f72fca2bbf868a93e77/review?v=2,,작년에도 온 캐비 올해도 왔는데 이제는 내부도 매장이 생겼다 해서 온천 하는김에 들려봤습니다. 외부랑 다른점이 있다면 넓은 홀이 좋았습니다 땡볓에서 먹지 않아도 되더라구요. 맛은뭐 역시는역시. 제가 치킨 버거를 좋아하는데 치킨이 뭔가 더 쫄깃해지고 부드러워 졌더라구요. 또 메뉴가 금방금방 나와서 너무 좋았습니다 직원분들도 너무 친절했구요 ㅎㅎ,2025-07-10,2025-07-10,1,1,"[""https://pup-review-phinf.pstatic.net/MjAyNTA3MTBfMjEw/MDAxNzUyMTI3MzgxNjE5.YUyU_KnJuG69ZSYtfaBqHKQdETUr7MroI5NkmOSDXzYg.GCeLA7SNWj72kP4T9et3PPIlcBWfn5gou2glJy3hTAAg.JPEG/IMG_7237.jpeg?type=w1500_60_sharpen""]",0,"[""음식이 맛있어요"", ""양이 많아요"", ""매장이 넓어요"", ""단체모임 하기 좋아요"", ""친절해요""]",,true,2026-09-01T06:19:38+00:00,naver_멜팅소울-갤리언점_20260901T055008Z#3
naver,멜팅소울 갤리언점,2041651090,https://pcmap.place.naver.com/restaurant/2041651090/review/visitor,686f58daee8160bef7ce9f07,노준범,4eogC,https://m.place.naver.com/my/5ecc52478f87a842bcfc3755/review?v=2,,"친구들이랑 놀러왔다가 인생버거 찾았습니다!
빨리 먹고 놀려고 했는데 주문하고 바로 나왔어요!
가격은 조금 있지만 맛있으니 괜찮다고 생각합니다 bb",2025-07-10,2025-07-10,1,1,"[""https://pup-review-phinf.pstatic.net/MjAyNTA3MTBfMTY1/MDAxNzUyMTI3NzA0OTE0.-Diw_dzgIOsDimd_COp1azQdSt3kV1BFcuhCcIL6zf0g.WULVK6dVT7ny6bto7DnuI1t50_yzqD-Wv7zHJf2fxNUg.JPEG/20250710_150344.jpg.jpg?type=w1500_60_sharpen""]",0,"[""음식이 맛있어요"", ""매장이 넓어요"", ""친절해요"", ""매장이 청결해요"", ""음식이 빨리 나와요""]",,true,2026-09-01T06:19:38+00:00,naver_멜팅소울-갤리언점_20260901T055008Z#4
naver,멜팅소울 갤리언점,2041651090,https://pcmap.place.naver.com/restaurant/2041651090/review/visitor,6a3dfeef1ad9ef4d94c3fc08,attijung,1Ig4A,https://m.place.naver.com/my/5c7a8ddab51d5a4ec0c854a5/review?v=2,4.0,,,2026-06-26,1,,,0,"[""음식이 맛있어요""]",,true,2026-09-01T06:19:38+00:00,naver_멜팅소울-갤리언점_20260901T055008Z#5
naver,버거카페아메리카,1268104504,https://pcmap.place.naver.com/restaurant/1268104504/review/visitor,68a2e76237ec2e6fb8252ef0,찌니뚱이,Y4Ri,https://m.place.naver.com/my/5b93b591508963c3f6aac140/review?v=2,,엄청 더운데 시원한 곳에서 잘 먹었어요,2025-08-18,2025-08-18,1,2,"[""https://pup-review-phinf.pstatic.net/MjAyNTA4MThfNjEg/MDAxNzU1NTA2NTI3NDY5.nMrVS11mIdG-VhAwDOa5F0wu3OPMA3GFMwQEVU4vGvcg.cUTGBg0zng0LmR0NrXwDsuaURXgh7_WViaeLHGraKN0g.JPEG/20250818_171705.jpg.jpg?type=w1500_60_sharpen"", ""https://pup-review-phinf.pstatic.net/MjAyNTA4MThfMjEy/MDAxNzU1NTA2NTI4NDc4.TcP1c4DTSmS6tSbpy-_oJm6TDzv0xyN4uEh1MpYp9zMg.QBN8OU3_wfeyOV5aOvDPOqADEPDnG0wz9gyh2-XG6qog.JPEG/20250818_171707.jpg.jpg?type=w1500_60_sharpen""]",0,"[""음식이 맛있어요"", ""매장이 넓어요""]",,true,2026-09-01T06:21:33+00:00,naver_버거카페아메리카_20260901T055008Z#0
naver,버거카페아메리카,1268104504,https://pcmap.place.naver.com/restaurant/1268104504/review/visitor,68edcd00e48cd926d96af2f8,구리도치맘,3LR3M,https://m.place.naver.com/my/5cc403c50876afac4f57f325/review?v=2,,굿,2025-10-14,2025-10-09,1,,,0,"[""음식이 맛있어요""]",,true,2026-09-01T06:21:33+00:00,naver_버거카페아메리카_20260901T055008Z#1
naver,버거카페아메리카,1268104504,https://pcmap.place.naver.com/restaurant/1268104504/review/visitor,683e8bbe298bdca3a1b04e14,눌은지,5JpYF,https://m.place.naver.com/my/5d5a9aace4a7598916377a98/review?v=2,,앞으로 에버랜드 오면 여기 먹어야겠어요.,2025-06-03,2025-06-03,1,1,"[""https://pup-review-phinf.pstatic.net/MjAyNTA2MDNfOTYg/MDAxNzQ4OTI5NDY4Njg2.5sfyuMYyPdYnMarK3ZhBAB6zs8mg63HNyAfIWqqoAWMg.GFnFwkW8CGMpHHUyqMSyb6yBuHt_Epzjjpl_js0Cl3og.JPEG/589BF1F8-7331-4D47-8C0C-7E9D92AF128C.jpeg?type=w1500_60_sharpen""]",0,"[""음식이 맛있어요"", ""매장이 넓어요""]",,true,2026-09-01T06:21:33+00:00,naver_버거카페아메리카_20260901T055008Z#2
naver,버거카페아메리카,1268104504,https://pcmap.place.naver.com/restaurant/1268104504/review/visitor,6849736afaeefa24d5c54ebe,하늘38,ZZd,https://m.place.naver.com/my/5f05879d2f90b7de3537e068/review?v=2,,감튀 맛나요.,2025-06-11,2025-06-03,1,1,"[""https://pup-review-phinf.pstatic.net/MjAyNTA2MTFfMjk5/MDAxNzQ5NjQ0MTM3NTM4._fOUogl2OLdRO2EXocnDVQQy-tI2opyMfXY-lL6glYog.sUGspz10Av0ApwW4uwkQMHaSfoA-OO4Cb6FAjwEpx28g.JPEG/F035D1FF-2114-4AF4-BC49-1D3E672ECC0B.jpeg?type=w1500_60_sharpen""]",0,"[""음식이 맛있어요""]",,true,2026-09-01T06:21:33+00:00,naver_버거카페아메리카_20260901T055008Z#3
naver,버거카페아메리카,1268104504,https://pcmap.place.naver.com/restaurant/1268104504/review/visitor,672724402d466feb8edfa6da,침대47,3iRE0,https://m.place.naver.com/my/5d32827f18c998168cca235c/review?v=2,,"별점: ⭐️⭐️⭐️⭐️⭐️(4.5점)

한줄평: 생각보다 맛있어서 놀랬어요

가격: 사진첨부

후기: 
- 자리먼저 잡으세요
- 시켜도 한참 뒤에 나와요
- 치킨 버거가 진짜 맛있어요",2024-11-03,2024-11-02,1,1,"[""https://pup-review-phinf.pstatic.net/MjAyNDExMDNfMjU4/MDAxNzMwNjE4NDMwNzQw.uo34XmpZvnsRjcGzUnC6_iOM7-2_lAZ5nDOadIxcsA8g._5qgFpCNZSwFgiKm3udNqcbbQjr-Lq6wpkPqFhXzVBIg.JPEG/B4F1BCF6-4B41-4B05-B7BC-C6CB90FED9FF.jpeg?type=w1500_60_sharpen""]",0,"[""음식이 맛있어요"", ""재료가 신선해요"", ""특별한 메뉴가 있어요""]",,true,2026-09-01T06:21:33+00:00,naver_버거카페아메리카_20260901T055008Z#4
naver,버거카페아메리카,1268104504,https://pcmap.place.naver.com/restaurant/1268104504/review/visitor,6779f6780bdcf33c1081783d,민이맘7702,2biTe,https://m.place.naver.com/my/643bc46f1438fc3a9c2d1f85/review?v=2,,굿,2025-01-05,2024-12-14,1,,,0,"[""음식이 맛있어요""]",,true,2026-09-01T06:21:33+00:00,naver_버거카페아메리카_20260901T055008Z#5
naver,버거카페아메리카,1268104504,https://pcmap.place.naver.com/restaurant/1268104504/review/visitor,6729a4926f1e8b42dc1fe0fc,김지혜6353,3HPyi,https://m.place.naver.com/my/5bde53568207dd2257704069/review?v=2,,굿,2024-11-05,2024-11-05,1,,,0,"[""음식이 맛있어요""]",,true,2026-09-01T06:21:33+00:00,naver_버거카페아메리카_20260901T055008Z#6
naver,버거카페아메리카,1268104504,https://pcmap.place.naver.com/restaurant/1268104504/review/visitor,67199ddd50a1fd81e8af8e36,쟤가제니,24Iei,https://m.place.naver.com/my/5be9325f3a2aa260d2c413d4/review?v=2,,"밥먹고 잠시 앉아있을 공간이 필요해서 들어갔어요! 커피 무난하게 괜찮고, 감자튀김은 보통입니다. 케첩은 마음껏 다져다먹을수있어 좋아요",2024-10-24,2024-10-23,1,,,0,"[""매장이 넓어요"", ""혼밥하기 좋아요"", ""단체모임 하기 좋아요""]",,true,2026-09-01T06:21:33+00:00,naver_버거카페아메리카_20260901T055008Z#7
naver,버거카페아메리카,1268104504,https://pcmap.place.naver.com/restaurant/1268104504/review/visitor,662278ada8d07107dabe4236,MOONBOW,1zLDW,https://m.place.naver.com/my/5bbd8729b430306c450ce1f0/review?v=2,,햄버거가 맛없기 쉽지 않은데 정말 맛이 없었습니다🥲 빨리 나오는 건 좋았어요.,2024-04-19,2024-04-19,1,2,"[""https://pup-review-phinf.pstatic.net/MjAyNDA0MTlfMjgx/MDAxNzEzNTM1MTQ3OTkw.u6sQEIXRJQvNKclzqc9Bgb0VWFnL6eJKSeHy_skFcF8g.Ty8o8knPMm7rHKLT8gKuDIfS00_swHc0pgbVxO-o3v4g.JPEG/D68EE177-9780-4C15-8559-14BB5296A2AE.jpeg?type=w1500_60_sharpen"", ""https://pup-review-phinf.pstatic.net/MjAyNDA0MTlfMjc4/MDAxNzEzNTM1MTQ3OTc1.1xiefPaJBpUcTKJCaGg7tCKfef6BVS0xdDzDmmc-I5Qg.L2f5wPHXjH6bAHLWgLwmGyH5o-gcsGgn5NhbjzAuyaEg.JPEG/546D5921-EC66-431B-896C-17899F01E587.jpeg?type=w1500_60_sharpen""]",0,"[""매장이 넓어요"", ""음식이 빨리 나와요""]",,true,2026-09-01T06:21:33+00:00,naver_버거카페아메리카_20260901T055008Z#8
naver,버거카페아메리카,1268104504,https://pcmap.place.naver.com/restaurant/1268104504/review/visitor,6740f6f719e8862d432d2df1,진챠린,477K7,https://m.place.naver.com/my/5e5497c58f87a842bc284d4a/review?v=2,,먹을만해요,2024-11-23,2024-11-20,1,1,"[""https://pup-review-phinf.pstatic.net/MjAyNDExMjNfMjU2/MDAxNzMyMzEwNzczODcz.mt6yFa4JsId__BrNZ7mdsnAdA3RZC9Vb2qvaOy6e04Eg.0N-riu9sDmQ8mYSD8hNl5CTfXuPd6CHdxPEcsx4VPskg.JPEG/4CA03AEE-81B9-4D52-AC1E-6DC5D00509AE.jpeg?type=w1500_60_sharpen""]",0,"[""매장이 넓어요""]",,true,2026-09-01T06:21:33+00:00,naver_버거카페아메리카_20260901T055008Z#9
naver,버거카페아메리카,1268104504,https://pcmap.place.naver.com/restaurant/1268104504/review/visitor,68012bf2e9b86265585f7e34,jb****,40BZa,https://m.place.naver.com/my/5efecf2a493ad9a9a0ec3dfa/review?v=2,,,,2025-04-17,1,,,0,"[""음식이 맛있어요""]",,true,2026-09-01T06:21:33+00:00,naver_버거카페아메리카_20260901T055008Z#10
naver,버거카페아메리카,1268104504,https://pcmap.place.naver.com/restaurant/1268104504/review/visitor,6728a70e431f5ff4ea35d4c2,안개꽃처럼,45pS6,https://m.place.naver.com/my/5f05b85b0a91396a976e2b0c/review?v=2,,,,2024-10-27,1,,,0,"[""음식이 맛있어요"", ""양이 많아요"", ""특별한 메뉴가 있어요"", ""인테리어가 멋져요"", ""매장이 넓어요""]",,true,2026-09-01T06:21:33+00:00,naver_버거카페아메리카_20260901T055008Z#11
naver,버거카페아메리카,1268104504,https://pcmap.place.naver.com/restaurant/1268104504/review/visitor,6728a72820e6f53aa73f1749,les****,1BGPT,https://m.place.naver.com/my/5b8d15c60a7a0bd67a8122cb/review?v=2,,,,2024-10-27,1,,,0,"[""음식이 맛있어요""]",,true,2026-09-01T06:21:33+00:00,naver_버거카페아메리카_20260901T055008Z#12
naver,버거카페아메리카,1268104504,https://pcmap.place.naver.com/restaurant/1268104504/review/visitor,665c1472e39027f40c28c956,yub****,daV2V,https://m.place.naver.com/my/604ca1e3494c8a42e6340e08/review?v=2,,,,2024-05-02,1,,,0,"[""매장이 넓어요"", ""혼밥하기 좋아요"", ""단체모임 하기 좋아요""]",,true,2026-09-01T06:21:33+00:00,naver_버거카페아메리카_20260901T055008Z#13
naver,버거카페아메리카,1268104504,https://pcmap.place.naver.com/restaurant/1268104504/review/visitor,6634e386a454d529a73e41cb,까칠한꽁,9SGCG,https://m.place.naver.com/my/5d7d7caf8f87a842bc154a79/review?v=2,,,,2024-05-02,1,,,0,"[""음식이 맛있어요""]",,true,2026-09-01T06:21:33+00:00,naver_버거카페아메리카_20260901T055008Z#14
naver,버거카페아메리카,1268104504,https://pcmap.place.naver.com/restaurant/1268104504/review/visitor,665316b33930dbdfaba9601d,불량캔디,2aN1m,https://m.place.naver.com/my/5f37b42aa602e98f564cbbd4/review?v=2,,,,2024-04-27,1,,,0,"[""음식이 맛있어요"", ""매장이 넓어요""]",,true,2026-09-01T06:21:33+00:00,naver_버거카페아메리카_20260901T055008Z#15
naver,버거카페아메리카,1268104504,https://pcmap.place.naver.com/restaurant/1268104504/review/visitor,662088d46d14ae08d7b6fc7e,hahahohohehe12,8R0wv,https://m.place.naver.com/my/5efeab47afcca6e20afdac59/review?v=2,,,,2024-04-18,1,,,0,"[""매장이 넓어요""]",,true,2026-09-01T06:21:33+00:00,naver_버거카페아메리카_20260901T055008Z#16
naver,버거카페아메리카,1268104504,https://pcmap.place.naver.com/restaurant/1268104504/review/visitor,65e3f2ba166879580ccdbce7,ekea53,4nySu,https://m.place.naver.com/my/5eff816bd012f64a72314ab5/review?v=2,,,,2024-03-03,1,,,0,"[""음식이 맛있어요""]",,true,2026-09-01T06:21:33+00:00,naver_버거카페아메리카_20260901T055008Z#17
naver,버거카페아메리카,1268104504,https://pcmap.place.naver.com/restaurant/1268104504/review/visitor,65e728b2b30634e450f343e0,ent****,4nPrP,https://m.place.naver.com/my/5e35a8308f87a842bc8df8a4/review?v=2,,,,2024-03-01,1,,,0,"[""친절해요"", ""특별한 날 가기 좋아요""]",,true,2026-09-01T06:21:33+00:00,naver_버거카페아메리카_20260901T055008Z#18
naver,버거카페아메리카,1268104504,https://pcmap.place.naver.com/restaurant/1268104504/review/visitor,65e3cc34b4ee25dca3ca27c5,퇴근83,cbkIT,https://m.place.naver.com/my/608ca760d474fe1789f24ff8/review?v=2,,,,2024-03-01,1,,,0,"[""음식이 맛있어요""]",,true,2026-09-01T06:21:33+00:00,naver_버거카페아메리카_20260901T055008Z#19
naver,버거카페아메리카,1268104504,https://pcmap.place.naver.com/restaurant/1268104504/review/visitor,6656d7237f232543d3167ed0,차뇽꽁쥬,2aRWB,https://m.place.naver.com/my/5e1ee6ff8f87a842bcb162d5/review?v=2,,,2024-05-29,2024-05-29,1,1,"[""https://pup-review-phinf.pstatic.net/MjAyNDA1MjlfMTE0/MDAxNzE2OTY3MjAxODQ3._gCEY-0Mag2Wf1nOeUpFdvHtuM0sI7bbTB6iZ7jmaekg.pg3G0wZEYaFM1t8KK9HATD7FhfskNesYjmd01tvstP4g.JPEG/20240529_114829.jpg.jpg?type=w1500_60_sharpen""]",0,"[""대화하기 좋아요""]",,true,2026-09-01T06:21:33+00:00,naver_버거카페아메리카_20260901T055008Z#20
naver,버거카페아메리카,1268104504,https://pcmap.place.naver.com/restaurant/1268104504/review/visitor,665ffcf2391cd9b80daf6455,yllove1205,fVx7,https://m.place.naver.com/my/5effeffefe03e278d38bb5e5/review?v=2,,,,2024-05-23,1,,,0,"[""음식이 맛있어요""]",,true,2026-09-01T06:21:33+00:00,naver_버거카페아메리카_20260901T055008Z#21
naver,버거카페아메리카,1268104504,https://pcmap.place.naver.com/restaurant/1268104504/review/visitor,66342aaf46104167cdc08f04,par****,4mSsu,https://m.place.naver.com/my/5dcfac3d8f87a842bcc7318c/review?v=2,,,,2024-05-02,1,,,0,"[""음식이 맛있어요""]",,true,2026-09-01T06:21:33+00:00,naver_버거카페아메리카_20260901T055008Z#22
naver,버거카페아메리카,1268104504,https://pcmap.place.naver.com/restaurant/1268104504/review/visitor,66279317f4f03c48254e84e5,꿈역사192,2bC2W,https://m.place.naver.com/my/5d54386f94b13c6a57d207e3/review?v=2,,,,2024-04-21,1,,,0,"[""음식이 맛있어요""]",,true,2026-09-01T06:21:33+00:00,naver_버거카페아메리카_20260901T055008Z#23
naver,크레페허브 용인에버랜드점,2020897270,https://pcmap.place.naver.com/restaurant/2020897270/review/visitor,6a536664bc27958ba5bdb6a0,홀훌잉,rclH,https://m.place.naver.com/my/5f0bc0ae9ec8258e4aa8151a/review?v=2,5.0,"진~~짜 맛있는 파르페에요!!
과일 자체도 달고, 요거트랑 바닐라빈까지 궁합 최고네요!!
아이가 받자마자 하나 순삭했어요 👍👍
에버랜드 입장하기전에도, 놀다가도, 집에 귀가전에도
당으로 체력 업업! 시켜주는 달콤함이에요 ㅎㅎ",2026-07-12,2026-07-12,1,2,"[""https://pup-review-phinf.pstatic.net/MjAyNjA3MTJfMjc5/MDAxNzgzODUwNTk0NTk2.EbwGtLHbVf8BtKCq6qMXKoiJTDa6VyNZxMp1WhBAr9Ug.SAaEIqns0uAq7yJ0vbZJ8S7HvFlxSBiZhnXgb57X8Kwg.JPEG/20260712_185016.jpg.jpg?type=w1500_60_sharpen"", ""https://pup-review-phinf.pstatic.net/MjAyNjA3MTJfMSAg/MDAxNzgzODUwNTk0NDUz.-odvPa-_0Ulkill9UbasTuE_ohvlTEDPw_w7-gq7iDEg.SeMuvi_4DplNR8AJIgoMsVIQG7ZDiGIza5Q1-2aHmj0g.JPEG/20260712_183004.jpg.jpg?type=w1500_60_sharpen""]",0,"[""인테리어가 멋져요"", ""친절해요"", ""매장이 청결해요"", ""주차하기 편해요"", ""아이와 가기 좋아요""]",,true,2026-09-01T06:22:31+00:00,naver_크레페허브-용인에버랜드점_20260901T055008Z#0
naver,크레페허브 용인에버랜드점,2020897270,https://pcmap.place.naver.com/restaurant/2020897270/review/visitor,6a3dd73116f7e878b1b58647,SUMMERINI,4EPjr,https://m.place.naver.com/my/5c6e6ad24bb61f68d9a4d17a/review?v=2,5.0,"에버랜드 카페 찾다가 들린 크레페허브! 

판다라떼 비주얼이 귀여워서 주문했는데 달달하고 맛있었어요. 에버랜드에만 있는 메뉴더라고요 🐼

크레페도 바로 만들어주셔서 따뜻하고 바삭해서 만족했습니다. 에버랜드에서 쉬어가기 좋은 카페예요.",2026-06-26,2026-06-26,1,2,"[""https://pup-review-phinf.pstatic.net/MjAyNjA2MjZfMjAx/MDAxNzgyNDM3Njc5OTcy.Z18fU_Hx8TJUdYV57rfzJezr6uXjRoA5bl5_w6oHLZMg.qeOYSS3MH-txlud_DRBJNNRmhPtFrzVs1MLDrHlUukYg.JPEG/30CA4023-F172-4B12-868A-A2545CDD7DEB.jpeg?type=w1500_60_sharpen"", ""https://pup-review-phinf.pstatic.net/MjAyNjA2MjZfMTIg/MDAxNzgyNDM3NjgwMDIz.URb7OJzh1WQRc-1hW5Fb0utzxNgZwpnx3cbiQ4vctM0g.9srZKs5zB9azinvrV08hdW6Ld_6VoU__FYASjAoIN5Eg.JPEG/1619994A-5297-4AF1-B2B8-A264FA8659FF.jpeg?type=w1500_60_sharpen""]",0,"[""커피가 맛있어요"", ""디저트가 맛있어요"", ""음료가 맛있어요"", ""특별한 메뉴가 있어요"", ""메뉴 구성이 알차요""]",,true,2026-09-01T06:22:31+00:00,naver_크레페허브-용인에버랜드점_20260901T055008Z#1
naver,크레페허브 용인에버랜드점,2020897270,https://pcmap.place.naver.com/restaurant/2020897270/review/visitor,6a51176a6319d23ae252471f,하늘하늘5422,1axbY,https://m.place.naver.com/my/5e5f64a18f87a842bc8e5744/review?v=2,5.0,에버랜드 정문 쪽에 디저트카페가 새로 생겼길래 아이들과 놀기 전에 들렀어요!  망고 요거트 아이스크림 크레페와 딸기 생크림 파르페를 주문했는데 생과일이고 신선해서 정말 맛있었어요.^^  매장이 넓고 시원해서 아이들과 쉬어가기 좋았고 직원분들도 굉장히 친절하셔서 기분 좋게 이용하고 왔습니다. 에버랜드 가시면 한 번 들러보세요ㅎㅎ 크레페 짱맛❤️❤️❤️,2026-07-11,2026-07-10,1,6,"[""https://pup-review-phinf.pstatic.net/MjAyNjA3MTFfMTEg/MDAxNzgzNjk5MzA0NjAx.SGJkLTXzAziZj--YDDf3KsHSQkIjhdk2sQa5QSmiGYwg.Uh5GQ78MSsgxrgaUCuH21dtN-vmiLy7CNCo7DV9sIH0g.JPEG/1783696715825.jpg.jpg?type=w1500_60_sharpen"", ""https://pup-review-phinf.pstatic.net/MjAyNjA3MTFfMTQ5/MDAxNzgzNjk5MzA0NTk3.nBFyLtb5PTBVDZxFPgSXZl7D2yeWnte76zBXkj_hEtUg.bVKG7Y-TkEt5YOKJqPnJx-syXppQ5wl_8kKUgrVnlJcg.JPEG/1783696715154.jpg.jpg?type=w1500_60_sharpen"", ""https://pup-review-phinf.pstatic.net/MjAyNjA3MTFfOTIg/MDAxNzgzNjk5MzA0NTg5.svyRvz5i-BnLa2X3UC4SkgiH3DVM-XWLTsmpyhti4Xkg._6acpeTE4Q_snGzqfbTPtX4OZ2cw7Wqkd45O2cmPNzcg.JPEG/1783696715599.jpg.jpg?type=w1500_60_sharpen"", ""https://pup-review-phinf.pstatic.net/MjAyNjA3MTFfMyAg/MDAxNzgzNjk5MzA0NjEx.hvFeO9rMqdDbkQRnVHBLOo-DORB4pQbm7S2a7wQg01gg.5SZPT0O5nhI9OPWt0IsuBp88raJFa3o1WJYFya9mC4Ig.JPEG/1783694646623.jpg.jpg?type=w1500_60_sharpen"", ""https://pup-review-phinf.pstatic.net/MjAyNjA3MTFfNjEg/MDAxNzgzNjk5MzA0NTk1.E8uefKfm-3VxFBveV8S2ooTIM_6-5qEbgMNhbPYXT-Eg.ny_SJIQ03x1VnCtZnNDRE5BD_96LP0_lXwUQr1_qiIcg.JPEG/1783694646840.jpg.jpg?type=w1500_60_sharpen"", ""https://pup-review-phinf.pstatic.net/MjAyNjA3MTFfMjkw/MDAxNzgzNjk5MzA1MjI1.LL2nOwfv9FRMvmL-znvCdJrQf5HS2C6qDRVM_DMCO_Mg.0QJiujWTSLhQM9u4pLz-zQtWA7Dy9aa7nW1Ag2ZEPQYg.JPEG/video_thumbnail.jpg""]",0,"[""디저트가 맛있어요"", ""특별한 메뉴가 있어요"", ""음식이 맛있어요"", ""인테리어가 멋져요"", ""친절해요""]",,true,2026-09-01T06:22:31+00:00,naver_크레페허브-용인에버랜드점_20260901T055008Z#2
naver,크레페허브 용인에버랜드점,2020897270,https://pcmap.place.naver.com/restaurant/2020897270/review/visitor,6a5db134b06e881c3be2da90,베비앙,rAYQ,https://m.place.naver.com/my/5b9bad0e9bcdef3db63e2d16/review?v=2,3.5,매장 넓고 충전하기듀 편한데 파르페 너무 비싸고 맛은 걍걍 그래요.... 에버랜드에서 놀다가 폰 충전하면서 쉬고 다음에는 커피나 마셔야겟어여 파르페 놉...,2026-07-20,2026-07-20,1,3,"[""https://pup-review-phinf.pstatic.net/MjAyNjA3MjBfMjk1/MDAxNzg0NTI1MTA3NDQz.tzubUsDvDyOWQfvFtpKS0mrPIs8j3jh4Rwtz3B_QD5Ag.tYHUAzzIKh84wtJoetfs8RKlgzUnkh65oiGlgqRwpxwg.JPEG/25610B2C-D54F-4A39-9ECD-8E151778B7EB.jpeg?type=w1500_60_sharpen"", ""https://pup-review-phinf.pstatic.net/MjAyNjA3MjBfMTY5/MDAxNzg0NTI1MTA3MTE0.N6o7Idb-NAginXI435jueWPTinuKyHRwIg5ZMkYaeI4g.HERv3nMKKGeEOu1vDIDj1hNtrsc1AKAdQ3H1LSTAO6wg.JPEG/EA2B5418-1A22-49F3-979C-62152367F2AE.jpeg?type=w1500_60_sharpen"", ""https://pup-review-phinf.pstatic.net/MjAyNjA3MjBfMzEg/MDAxNzg0NTI1MTA2MzE0._d0GtDsr4rHkDikHot8rqyYACiaZaR-6y9YApmgKewQg.ybAcetpwKhA4JjyvVFCl245o09Wbl7eNg1xdpVFI_Iog.JPEG/C7AE9C58-DE4C-4743-9FEA-0DC19274CC35.jpeg?type=w1500_60_sharpen""]",0,"[""매장이 청결해요"", ""좌석이 편해요"", ""음식이 빨리 나와요""]",,true,2026-09-01T06:22:31+00:00,naver_크레페허브-용인에버랜드점_20260901T055008Z#3
naver,크레페허브 용인에버랜드점,2020897270,https://pcmap.place.naver.com/restaurant/2020897270/review/visitor,6a3b6862623ad9646e65e578,채리2626,3EJbf,https://m.place.naver.com/my/5c11bd01ca307b54f0494358/review?v=2,4.0,"딸기크림브릴레파르페 시켰어요! 맛있고,금방 나와요
솜적립이 안되고,비싼 단점이 있지만요..",2026-06-24,2026-06-24,1,6,"[""https://pup-review-phinf.pstatic.net/MjAyNjA2MjRfMjU0/MDAxNzgyMjc4MjM5Njk2.0O2dFyZKIDaDi2BJpdeSvIJU0N9SOaXgsZj-G2duFTkg.JSa4kZBOUg6vXL7u8ssRhhgSq23iXKGLXlOswTm8gWgg.JPEG/19315783-1D41-4384-979D-A956F78C5212.jpeg?type=w1500_60_sharpen"", ""https://pup-review-phinf.pstatic.net/MjAyNjA2MjRfMTU0/MDAxNzgyMjc4MjQwMDAx.ZKKIhpAUgj2mTaCr41-48r1ThrLvbq5E9SzkZovoocUg.KCoagyOAEzQ6MMQ9g527JOuXnSxUbgK1vy0ZiWkfDgIg.JPEG/A4D6DDE3-50B8-4909-AE61-F282A645CFCA.jpeg?type=w1500_60_sharpen"", ""https://pup-review-phinf.pstatic.net/MjAyNjA2MjRfMjE1/MDAxNzgyMjc4MjQwMjM1.sH98WOJgxECZFSO_IvlRRhevAMPpCMoL6GaYpqy78ecg.I1b-KF9xUbI1OGqrl_y0ceYSfvu0DBZeqJjE0Z2T9jUg.JPEG/969595FA-4CEB-470B-A7F6-B56279492CA8.jpeg?type=w1500_60_sharpen"", ""https://pup-review-phinf.pstatic.net/MjAyNjA2MjRfMTc4/MDAxNzgyMjc4MjM4OTMw.y5zaFGn2l5KQLEw-V74r7O5_irVxLc4dtYjw7OzBvFYg.gb_IZ2BAi_pE1SfFNuKTL006ddEH_T4BNp0FHxulE7kg.JPEG/74B0670A-5A09-432D-9845-06DB064580A0.jpeg?type=w1500_60_sharpen"", ""https://pup-review-phinf.pstatic.net/MjAyNjA2MjRfMTky/MDAxNzgyMjc4MjM5NDk5.Crg-4gnHi3FXZRxspvQi328g3WV3FhrknVXUIJm1RXwg.6Dou1OWDCpiu3urGirWrLA759PH2_qhJwc7_v0S4PGog.JPEG/F4F79577-4843-4FA8-97BE-B64B3019B5E3.jpeg?type=w1500_60_sharpen"", ""https://pup-review-phinf.pstatic.net/MjAyNjA2MjRfMzEg/MDAxNzgyMjc4MjQwNjA5.S_zILJdboVcnsScpgjvCKhpPcPGaVUg7SReTIvd_UIAg.mQUFR5QyQUR0Qi_RnSJR-YZBajxR5F-KFT5Dju64hpgg.JPEG/B0C9FB29-D019-4ECC-9AC0-7A7FAC9F30D1.jpeg?type=w1500_60_sharpen""]",0,"[""디저트가 맛있어요"", ""특별한 메뉴가 있어요""]",,true,2026-09-01T06:22:31+00:00,naver_크레페허브-용인에버랜드점_20260901T055008Z#4
naver,크레페허브 용인에버랜드점,2020897270,https://pcmap.place.naver.com/restaurant/2020897270/review/visitor,6a3e04d483ced01462add2c7,쏘소피,2zxS9,https://m.place.naver.com/my/5c724373430e2e076e7d9884/review?v=2,4.0,"바닐라빈 라떼와 
생딸기 바닐라빈 아이스크림 크레이프 먹었어요.
사람이 많아서 그런지 크레이프 나오는데 
시간이 좀 걸렸는데 맛있었어요.
그런데 9,500원이면 에버랜드 안에 있지만 비싸네요.
파르페는 12,000원인가 13,000원이었어요.
스타벅스가 문 닫아서 갔는데 
재방문은 고려해봐야 할 것 같네요.",2026-06-26,2026-06-22,1,1,"[""https://pup-review-phinf.pstatic.net/MjAyNjA2MjZfMTI4/MDAxNzgyNDQ5MzYzNjcw.FrZPKBK2n104waeKs3Pmi8Xs4MuETdAkUwaNE0jqSaog.mEfnF7F0fgW07BkhqcGf_kj_BBrrO7n81GNX19C91iIg.JPEG/20260622_164524.jpg.jpg?type=w1500_60_sharpen""]",0,"[""디저트가 맛있어요"", ""커피가 맛있어요""]",,true,2026-09-01T06:22:31+00:00,naver_크레페허브-용인에버랜드점_20260901T055008Z#5
naver,크레페허브 용인에버랜드점,2020897270,https://pcmap.place.naver.com/restaurant/2020897270/review/visitor,6a2e9b9657526c1953a9ee9d,물고기맹구,9VgoH,https://m.place.naver.com/my/5e9fe1f28f87a842bc96df54/review?v=2,5.0,얌얌 당 충전 굳,2026-06-14,2026-06-14,1,1,"[""https://pup-review-phinf.pstatic.net/MjAyNjA2MTRfMTQ4/MDAxNzgxNDM5MzgwMDQ4.3YiU5-DWD_20L5emRTL5v40DEYb6TheIoEwuVK5pLowg.vbX4zakDHBoYIcz-d108M9WF5FMjHYq5tv7mqqQq39Eg.JPEG/20260614_185546.heic.jpg?type=w1500_60_sharpen""]",0,"[""디저트가 맛있어요"", ""특별한 메뉴가 있어요"", ""아늑해요"", ""친절해요"", ""포장이 깔끔해요""]",,true,2026-09-01T06:22:31+00:00,naver_크레페허브-용인에버랜드점_20260901T055008Z#6
naver,크레페허브 용인에버랜드점,2020897270,https://pcmap.place.naver.com/restaurant/2020897270/review/visitor,6a59ddd88849d8c967153154,마냥행복한희얌,o0hA,https://m.place.naver.com/my/5c21a23bba2edbc14e2e5b9f/review?v=2,5.0,,,2026-07-17,1,,,0,"[""디저트가 맛있어요""]",,true,2026-09-01T06:22:31+00:00,naver_크레페허브-용인에버랜드점_20260901T055008Z#7
naver,솥내음 용인 에버랜드점,1413421949,https://pcmap.place.naver.com/restaurant/1413421949/review/visitor,6a9255eb44b752f4ecc49752,kangpachu44,1HWnW,https://m.place.naver.com/my/5b700c8dda74020461165bda/review?v=2,5.0,용인 처인구 전대리 맛집 솥내음 만족스럽게 밥 먹었습니다. 아기 친화적인 매장이라 어린이 메뉴도 있고 깔끔해서 기분 좋게 먹었습니다. 솥밥이라서 그런지 밥이 역시 맛있네요. 세개 메뉴 다 골고루 맛있었습니다.,2026-08-29,2026-08-29,1,4,"[""https://pup-review-phinf.pstatic.net/MjAyNjA4MjlfMTUy/MDAxNzg3OTc1MDE5NDc3._aLoTn97rybDFzjC5cYBiCcsE7Vnd6Iz0Emc0Pr-WuEg.Efx-IZ74JdHTOZ-TuxLBwvBBYmr9WqZJx5v4j6otS8Eg.JPEG/IMG_6643.jpeg?type=w1500_60_sharpen"", ""https://pup-review-phinf.pstatic.net/MjAyNjA4MjlfNTUg/MDAxNzg3OTc1MDE5NjM0.P0tg9017Wev0KnoG2MNFaYKIQjT-RRO0SMi59uhcLhwg.EC6i8QZhNngAPyr7p5wltvNAMXK4gFoUaoNpVPPBY-4g.JPEG/IMG_6644.jpeg?type=w1500_60_sharpen"", ""https://pup-review-phinf.pstatic.net/MjAyNjA4MjlfMTM0/MDAxNzg3OTc1MDE5NzMz.x-XZk6i51HOOMbAcqfZg25AqHWy1HZSE1pXIbYIBGx0g.CQNdNlmzeHoAe3AGAIkFlSA8NHwYFsAcLRr8zRHIb4Qg.JPEG/IMG_6645.jpeg?type=w1500_60_sharpen"", ""https://pup-review-phinf.pstatic.net/MjAyNjA4MjlfMiAg/MDAxNzg3OTc1MDU0OTQw.kYO0y02heuW37hjniWQzpwxSjUEC9wZnXr3Gmev4EcMg.hbmGj9WU9GYPMI6g9GRigP-ASa0mCnTHdZnmi2nSlywg.JPEG/IMG_6642.jpeg?type=w1500_60_sharpen""]",0,"[""음식이 맛있어요"", ""재료가 신선해요"", ""인테리어가 멋져요"", ""아이와 가기 좋아요"", ""주차하기 편해요""]",,true,2026-09-01T06:24:30+00:00,naver_솥내음-용인-에버랜드점_20260901T055008Z#0
naver,솥내음 용인 에버랜드점,1413421949,https://pcmap.place.naver.com/restaurant/1413421949/review/visitor,6a76e3af399ef85365f02a7e,연어양식장,4Q8Zw,https://m.place.naver.com/my/5b95315a2ddcdb79ecf82aec/review?v=2,5.0,"스트레스 싹 풀리는 매콤한 🔥불쭈꾸미 솥밥
쫄깃하고 통통한 쭈꾸미가 가득 씹히고 개인적으론
딱 적당하고 느껴졌던 맵기라 맛있게 먹었습니다 :)

가지 싫어하는 사람도 입덕하게 만드는 가지솥밥도
어찌나 맛있던지🍆 풍미가 미쳤습니다 ㅠㅠ

저희 엄마가 맛있다고 하셨어요 !! 가격도 나름
합리적이고 솥밥 종류가 다양하다보니 뭘 먹어도
맛있을 거 같더라고요 :) 고기가 너무 부드러워서
씹기도 전에 사라지는 마술을 선보였던 스테이크덮밥

저는 솔직히 이게 원픽이었습니다 ㅋㅋㅋㅋ 🥩
마무리로 숭늉까지 야무지게 말아먹어야 식사의 끝
배터질 거 같지만 행복함 그 자체였던 식사 :)",2026-08-08,2026-07-30,1,8,"[""https://pup-review-phinf.pstatic.net/MjAyNjA4MDhfNzcg/MDAxNzg2MTc2NDI4MjE3.x2Q1GK0hMHaAJ0WlHhGtLWIUi188xUajoDGEEjsTULsg.JznncqvkHBBOCo9upcjGIR8OD8pwC_lrxYTZp11Fe3kg.JPEG/2DA7157B-CB7E-4BD8-A100-D7A912D15B5A.jpeg?type=w1500_60_sharpen"", ""https://pup-review-phinf.pstatic.net/MjAyNjA4MDhfMTM4/MDAxNzg2MTc2NDI3MDg2.6hTd7cfhITDpk3SVpl92Ga_1w88UVWGeSvpdIhrSnuIg.YmiXursrBawJU8TvsjOgl2o-LvyEWxcKt7tWyFr8Y1gg.JPEG/F027A609-29D4-4802-A8B6-A9011F4B9442.jpeg?type=w1500_60_sharpen"", ""https://pup-review-phinf.pstatic.net/MjAyNjA4MDhfMTM4/MDAxNzg2MTc2NDI3ODI5.QcaHmyyzUFpleJPz8tJ6DgAFnUzvBmwO19xXF0dNIWAg._BLGMq3QdvuqIZ_s9dmU6Z4YnAwcZue5GAAtxn7-g_Ag.JPEG/D2BBB45F-5F41-4102-85A8-A318E34BE7DA.jpeg?type=w1500_60_sharpen"", ""https://pup-review-phinf.pstatic.net/MjAyNjA4MDhfMTcx/MDAxNzg2MTc2NDI4MDk5.CGSN4oC0Bfsqnf7EMxJQBR_TnBDCmiOm9lTGDsSCdWEg.kxKjpzlB--21AoMtKikr60NAunZrZlcfBOBCUqVxtf8g.JPEG/2B008EEE-5DFF-4813-BEDC-0CB84FC17E71.jpeg?type=w1500_60_sharpen"", ""https://pup-review-phinf.pstatic.net/MjAyNjA4MDhfMjYw/MDAxNzg2MTc2NDI3ODg3.piiIyl66HGszVmw9jirA9X1_13AlbxyNjq5wyQSRUGog.h0pMsZfSKRDX9laNu3D_DUJPjOBabVlKYX8auKnGt9sg.JPEG/B40C9FE7-F8D6-4E41-84F5-4751F75DEE34.jpeg?type=w1500_60_sharpen"", ""https://pup-review-phinf.pstatic.net/MjAyNjA4MDhfMjkg/MDAxNzg2MTc2NDI4ODcw.LkCIP70NFd_wskMeVeAoXxpZ4snFiZ5T32B8ANTNw-8g.TMDj1rTgtsp20EzxkdOEAP_h-uaxxodb_S2SYz8m3_0g.JPEG/0A092BEB-D923-4C59-863B-EA9E0E07F6BE.jpeg?type=w1500_60_sharpen"", ""https://pup-review-phinf.pstatic.net/MjAyNjA4MDhfNTgg/MDAxNzg2MTc2NDI5Njg2.-IuKkbDk8_aBBRe74ckwAV0xFuued2M7qxLm3kh5RrEg.16D4D87YE3kFuEOFGz96-5lLiW2b2fMRkDqobGLI9G0g.JPEG/29D06521-66A9-427F-8ECA-D8CF6C3B6FDB.jpeg?type=w1500_60_sharpen"", ""https://pup-review-phinf.pstatic.net/MjAyNjA4MDhfODUg/MDAxNzg2MTc2NDI5NTgx.vUi5sVBkItMsfYPdO0FKmv-gxKs54SMrtd4owYn6t60g.Ru53Lw53hful6UM5Z7MJbvDJzr-vTB-aAY1Vf6kcMD0g.JPEG/B7B5C3A9-3E5B-4DE6-8A6E-B92CFED0DA29.jpeg?type=w1500_60_sharpen""]",0,"[""음식이 맛있어요"", ""특별한 메뉴가 있어요"", ""혼밥하기 좋아요"", ""대화하기 좋아요"", ""아늑해요""]",,true,2026-09-01T06:24:30+00:00,naver_솥내음-용인-에버랜드점_20260901T055008Z#1
naver,솥내음 용인 에버랜드점,1413421949,https://pcmap.place.naver.com/restaurant/1413421949/review/visitor,6a8ff4346f3e346fc5d79d5a,상이요세비,1U9p0,https://m.place.naver.com/my/5d025713fb7eeafb95562a3c/review?v=2,5.0,"아내와 돌아기랑 방문 했어요. 
장어솥밥과 스테이크솥밥 을 시켰규요 
아들은 아직 어려서 이유식 ^^
이유식용 전자랜지도 있고 좋았오용
용인 처인구 전대리 맛집 입니다. 
아기와 오기 좋고 연인과 오기 좋고 가족과도 오기 좋아용",2026-08-27,2026-08-27,1,5,"[""https://pup-review-phinf.pstatic.net/MjAyNjA4MjdfMTY0/MDAxNzg3ODE5MDUzNDAx.HKek8NY_lnZtiYShFoWuAkvtSIdUtGz40aJOGDEGVPUg.Co-YaE_4UEzVmmmufvdfsfLszIpxLsszHoFESz3fSmAg.JPEG/1F4F316B-8D48-4A12-A675-1C1D0C5ABBFE.jpeg?type=w1500_60_sharpen"", ""https://pup-review-phinf.pstatic.net/MjAyNjA4MjdfMjEz/MDAxNzg3ODE5MDUyNDg2.uvd6wVRGYorQCRc9aX7UkPPR7QRQSMKA2NRNq7cfno0g.Cc6-VVw-m5K8G5InZvb08wIFG6yipGUYsD3akDUXTtgg.JPEG/2E0A3FB7-6599-4461-BF39-20D1B056C039.jpeg?type=w1500_60_sharpen"", ""https://pup-review-phinf.pstatic.net/MjAyNjA4MjdfMjY2/MDAxNzg3ODE5MDU1MDI1.HOXnbzYend0tSOP0RtgAa_lttvJlLo5RHouQfuJMACsg.-FVJ3JX3X9ijr5Z3_enAgMsQEt5X5ZMDbo6F0yKUcyYg.JPEG/FDACAC00-BF98-4925-BDF8-06D365C0693C.jpeg?type=w1500_60_sharpen"", ""https://pup-review-phinf.pstatic.net/MjAyNjA4MjdfMjEx/MDAxNzg3ODE5MDU2MDQ1.tqPcb7SimRwZN4dYLmk6shbvjD9SsryZ905-jpdGwgkg.QNI97II0d1-tpemR2_Dw0MUpXa9_Lwy25hzhTI5EV5Ig.JPEG/0BF6CBC8-D676-4531-A5B6-73EBD1941766.jpeg?type=w1500_60_sharpen"", ""https://pup-review-phinf.pstatic.net/MjAyNjA4MjdfMjA2/MDAxNzg3ODE5MDU4ODI5.GlOR2puVXbR_rcAOfaEKJjJaXCi_1MsiEwUsk8-2jR8g.R_KzG4ZIa5DPP-nHe9ytLtGatHZULDr1cO1WBkSFrT0g.JPEG/1A2E14C9-7305-4B63-96D0-5197D1B4B3D8.jpeg?type=w1500_60_sharpen""]",0,"[""특별한 메뉴가 있어요"", ""고기 질이 좋아요"", ""현지 맛에 가까워요"", ""음식이 맛있어요"", ""재료가 신선해요""]",,true,2026-09-01T06:24:30+00:00,naver_솥내음-용인-에버랜드점_20260901T055008Z#2
naver,솥내음 용인 에버랜드점,1413421949,https://pcmap.place.naver.com/restaurant/1413421949/review/visitor,6a897d28a3ffcf5ff372e160,0168235909,zdvw,https://m.place.naver.com/my/5c83e979e4882c52c4f2cc65/review?v=2,5.0,"남편이랑 데이트하던중 
용인 에버랜드 근터 용인 처인구 전대리 맛집으로 검색되어 왔는데 
우와 찐맛집 맞네요 저희 스테이크 솥밥이랑 해물장 시컸는데 비주얼 죽이네요ㅎㅎㅎ맛도 있고요  해물장 너무좋아하는데 맛있어요 솥밥도 맛있고   흔하지않은메뉴라 더좋은것같아요 완전 추천",2026-08-22,2026-08-22,1,4,"[""https://pup-review-phinf.pstatic.net/MjAyNjA4MjJfMTc1/MDAxNzg3Mzk1MzY2ODE4.t8n6icC4Ot4PV-h_YxjqgOXCsl6x2E_jF34AVnKIz4Mg.Q5DMpCeBtzHfeXK7utIDsd_zGCe6-RXj5bp7Vz9BcE0g.JPEG/20260822_193810.jpg.jpg?type=w1500_60_sharpen"", ""https://pup-review-phinf.pstatic.net/MjAyNjA4MjJfMTY0/MDAxNzg3Mzk1MzY2OTIz.JBrI8sXXHnVcbAkwyLg60CldPn3fBXUsLYVy1irx1Qsg.P_FQ66P75TSkqOstJt3JOJrl2Eta7Cw4GDxO-vb898Mg.JPEG/20260822_193816.jpg.jpg?type=w1500_60_sharpen"", ""https://pup-review-phinf.pstatic.net/MjAyNjA4MjJfMTI1/MDAxNzg3Mzk1MzY2OTk3.1E0IviieZsPsMRjcaVvKbVmMvQ09QZrY3Q2ZiyFACPMg.fyXnERdz2c4uSHhat6I6hjp4Kqc1qggNM98X8fttPDYg.JPEG/20260822_193819.jpg.jpg?type=w1500_60_sharpen"", ""https://pup-review-phinf.pstatic.net/MjAyNjA4MjJfMTMx/MDAxNzg3Mzk1MzY2OTA1.MlVsZ6ztLn2Uc46CE4bm9x-2DGP8oytqjrDGuLO0XHMg.7pEVbfMY2c2ZpF7dfXoKPIko2vfNywyIUFzRz-NEP8wg.JPEG/20260822_193818.jpg.jpg?type=w1500_60_sharpen""]",0,"[""음식이 맛있어요"", ""재료가 신선해요"", ""특별한 메뉴가 있어요"", ""고기 질이 좋아요"", ""현지 맛에 가까워요""]",,true,2026-09-01T06:24:30+00:00,naver_솥내음-용인-에버랜드점_20260901T055008Z#3
naver,솥내음 용인 에버랜드점,1413421949,https://pcmap.place.naver.com/restaurant/1413421949/review/visitor,6a803e4b752cce5e222ec17d,용용이6027,1gigI,https://m.place.naver.com/my/5e22a67e8f87a842bc273f47/review?v=2,5.0,"용인 처인구 전대리 맛집
캐리비안베이 갔다가 가족들이랑 저녁먹으러 왔어요.
주차장에서 5분거리 엄청 가깝고, 솥밥이랑 김치찜
전골 메뉴도 다양해요. 아이랑 맛있게 먹었고,
주차도 편하고 매장도 깔끔해요!
솥밥에 김치찜세트 가성비좋아요",2026-08-15,2026-08-15,1,4,"[""https://pup-review-phinf.pstatic.net/MjAyNjA4MTVfMjA5/MDAxNzg2Nzg5MzQ5ODI5.H-L6_nK8Vir-f4nc2R-siBy6ZUgnIzl4lqiOQnrImg4g.qUfXHmOdcOmq873hfWaRIhoFBLxVoVLD7kUEwBWH4o8g.JPEG/2026-08-15-19-15-40-602.jpg?type=w1500_60_sharpen"", ""https://pup-review-phinf.pstatic.net/MjAyNjA4MTVfMjU2/MDAxNzg2Nzg5MzQ5NzA2.nyASX2kLbKx9wlcy2EqDa_QPOAxSA87DT6VFuZAcZhkg.OP7RFzPiZHn-1PpcQIURVzgLEmT2zo4HTMKnxwXv7ZUg.JPEG/2026-08-15-19-15-53-193.jpg?type=w1500_60_sharpen"", ""https://pup-review-phinf.pstatic.net/MjAyNjA4MTVfNDIg/MDAxNzg2Nzg5MzQ5NzE2.tDMcBLeygBXPWzFBXvz9k6T36Bwc3RRVFimeq6z7jX0g.2AuUNvnPe858fyHJtWWuyZonjkLKajAtDcxuGsLKAysg.JPEG/2026-08-15-19-16-03-381.jpg?type=w1500_60_sharpen"", ""https://pup-review-phinf.pstatic.net/MjAyNjA4MTVfMjkz/MDAxNzg2Nzg5MzQ5NjA1.T8xPhBzRbnkFpK0039jtSiOjc8gew_mWUvlFD-qIbOkg.ALvc4ikWsktX3KnOU-LcEMaNprOvbcwsgEStDb7IA4kg.JPEG/2026-08-15-19-16-21-595.jpg?type=w1500_60_sharpen""]",0,"[""음식이 맛있어요"", ""특별한 메뉴가 있어요"", ""메뉴 구성이 알차요"", ""아이와 가기 좋아요"", ""주차하기 편해요""]",,true,2026-09-01T06:24:30+00:00,naver_솥내음-용인-에버랜드점_20260901T055008Z#4
naver,솥내음 용인 에버랜드점,1413421949,https://pcmap.place.naver.com/restaurant/1413421949/review/visitor,6a93ab089f72db4b89fa391e,jeongnature,25xCn,https://m.place.naver.com/my/5e96e6338f87a842bc7adee8/review?v=2,5.0,"용인 처인구 전대리 맛집 솥내음에서 해물장세트 먹고 왔어요! 😊

푸짐하게 차려지는 한 상이 정말 만족스러웠고, 특히 해물장이 짜지 않고 감칠맛이 좋아서 솥밥과 함께 먹기 딱 좋았어요. 🦀🦐🦑
따끈한 솥밥에 해물장 올려서 먹으니 한 끼가 정말 든든하더라고요!

반찬들도 정갈하게 잘 나오고 전체적으로 음식 하나하나 깔끔해서 가족 외식이나 에버랜드 근처에서 한식 먹고 싶을 때 방문하기 좋은 곳 같아요. 😊
용인 전대리 맛집 찾으신다면 솥내음 해물장세트 추천합니다! 👍🏻",2026-08-30,2026-08-30,1,2,"[""https://pup-review-phinf.pstatic.net/MjAyNjA4MzBfMTE4/MDAxNzg4MDYyNDY5NTIw.mfVBxpwJqp_go7HLs3HpDbd39OTIp2JcjlbzjPo1KLQg.5u5cGY1m4BIx_IVcQkzshc9kh_VXg3r4yTZHMwfOjbkg.JPEG/D4534EA5-A9B4-4A0E-A8EB-34221E0E7EB4.jpeg?type=w1500_60_sharpen"", ""https://pup-review-phinf.pstatic.net/MjAyNjA4MzBfMjIg/MDAxNzg4MDYyNDY4OTY2.jQQ4Q--xd3Mbx1CwIbh59T7i39nQWPN0LjtOdSAApoog.aZZojhwWJkdnVcx7p6Lgh2H5NrF8zGj5jGYr-50XOLIg.JPEG/68D90BA6-94D0-4B27-8244-C79872952C5F.jpeg""]",0,"[""음식이 맛있어요"", ""재료가 신선해요"", ""특별한 메뉴가 있어요"", ""가성비가 좋아요"", ""건강한 맛이에요""]",,true,2026-09-01T06:24:30+00:00,naver_솥내음-용인-에버랜드점_20260901T055008Z#5
naver,솥내음 용인 에버랜드점,1413421949,https://pcmap.place.naver.com/restaurant/1413421949/review/visitor,6a8584a438ea121f307ce05b,ych****,6uvB5,https://m.place.naver.com/my/5e61b0188f87a842bc309355/review?v=2,5.0,"깔끔한 외관과 더불어 내부도 너무 예쁘게 인테리어가 되어 있어 음식을 먹는 동안 기분이 좋더라고요 ^^
오늘 주문한 장어솥밥은 장어의 비린내가 거의 나지 않고 특유의 양념소스와 더불어 건깅한 한끼 식사를 했네요 
여름 특별메뉴로 주문한 비빔막국수정식은 말깔나게 잘 구어진 돼지불고기와 함께 먹으니 아주 조합이 좋네요 👍 
오늘 맛있게 잘먹고 갑니다 
다음에도 기회가 되면 다시 가보고싶은 곳입니다",2026-08-19,2026-08-19,1,4,"[""https://pup-review-phinf.pstatic.net/MjAyNjA4MTlfMTk1/MDAxNzg3MTM1MTM4Nzkw.ECdq5gn5mhK7GxKd8P2KV-QqUM63_iTWj_Owyt87R18g.tdmMtm4Jhiu2UxhmI5zb9x5Ufv33mps_iusIOn9yWdEg.JPEG/20260819_165637.jpg.jpg?type=w1500_60_sharpen"", ""https://pup-review-phinf.pstatic.net/MjAyNjA4MTlfMTAg/MDAxNzg3MTM1MTM4NzE0.PAui9nBV6TbXNgkWXSQV0IQmhjLUO80qUM2kcbYf5nIg.QoL9U0oz0vm_5M6WGSJJFxKjGppj0aKnmgKoukeEs-Ig.JPEG/video_thumbnail.jpg"", ""https://pup-review-phinf.pstatic.net/MjAyNjA4MTlfMjMg/MDAxNzg3MTM1MTM4Nzgx.2exUeDzTRfcA8EpU-cDueV3Ft6NDhhMx5pr9vlR0x5Ag.b6Wf8iiny2JN3zYiB4ArGxTC36o8GOMBZpNQ4i5NK0Qg.JPEG/20260819_171754.jpg.jpg?type=w1500_60_sharpen"", ""https://pup-review-phinf.pstatic.net/MjAyNjA4MTlfNDEg/MDAxNzg3MTM1MTM4NzIw.NtMyJdyoaQw8ly44IuPeedbHSDspHZBSABHEK9_jj7og.wqwwgv8i7fvDLB6MBQ9uFTkGrTcTU0t8o-LsGGP9bRsg.JPEG/20260819_172238.jpg.jpg?type=w1500_60_sharpen""]",0,"[""음식이 맛있어요"", ""재료가 신선해요"", ""인테리어가 멋져요"", ""친절해요"", ""주차하기 편해요""]",,true,2026-09-01T06:24:30+00:00,naver_솥내음-용인-에버랜드점_20260901T055008Z#6
naver,솥내음 용인 에버랜드점,1413421949,https://pcmap.place.naver.com/restaurant/1413421949/review/visitor,6a851917656ac1a5a6db7367,으하히호후,1eCvT,https://m.place.naver.com/my/5c0f4368c3c36675fe3fa860/review?v=2,5.0,음식점을 검색하다가 용인처인구 전대리 맛집이라는 솥내음에 친구와 방문했어요 전 11시 30분쯤 왔는데 평일인데도 정말 계속 사람이 들어와요 정말 맛집인가봐요 저는 베스트 메뉴인 스테이크 솥밥과 쭈꾸미 솥밥을 시켰어요 맛있습니다 여기 추천합니다,2026-08-19,2026-08-19,1,2,"[""https://pup-review-phinf.pstatic.net/MjAyNjA4MTlfNzMg/MDAxNzg3MTA3NjA0MTYx.2QJNs5xx4nrMViEDYPXzjgPe9sRHMu__71l-nnivhOAg.i1ytWqzU8FqaLisEZsBBOQddTHMsoLi3yHN0odQ2z1Yg.JPEG/20260819_114022.jpg.jpg?type=w1500_60_sharpen"", ""https://pup-review-phinf.pstatic.net/MjAyNjA4MTlfMTEz/MDAxNzg3MTA3NjA2MDUy.Ez4xXHsJhryYreNbkc6ok4vsdwqppx40ajhZ5HzvhJEg.OvVbq2_0pWFifS0KbdGqZjJLH1-NqnI2l-7hk5iNEOAg.JPEG/20260819_114013.jpg.jpg?type=w1500_60_sharpen""]",0,"[""음식이 맛있어요"", ""메뉴 구성이 알차요"", ""친절해요"", ""주차하기 편해요"", ""매장이 청결해요""]",,true,2026-09-01T06:24:30+00:00,naver_솥내음-용인-에버랜드점_20260901T055008Z#7
naver,솥내음 용인 에버랜드점,1413421949,https://pcmap.place.naver.com/restaurant/1413421949/review/visitor,6a8134b1214d48c62d76f986,쭈니엄마96,lLoz,https://m.place.naver.com/my/5c970aeec6fe5ea55e33eee6/review?v=2,5.0,"에버랜드 가기전에 들린 맛집!
용인 처인구 전대리 맛집이라고
해서 들려봣는데 역시나 맛있어요.
아이도 잘먹고 좋습니다.
깔끔하고 화장실 안에 있어서 좋아요. 
돼지불고기솥밥이랑 여름메뉴 막국수세트 불고기 시켰는데 
맛있어요❤️",2026-08-16,2026-08-16,1,2,"[""https://pup-review-phinf.pstatic.net/MjAyNjA4MTZfMjEg/MDAxNzg2ODUyNTI3ODk4.UiU-bkFPr5CvGhvwCMQcg3-rFU2jfe_pAWaxbInY_pIg.mTn0w1PDPTkeMHq_NlsOke0kxP90rgzs7nVmU1t1zU4g.JPEG/E99BC637-12AD-4CC5-8E09-3A4D746808AF.jpeg?type=w1500_60_sharpen"", ""https://pup-review-phinf.pstatic.net/MjAyNjA4MTZfMTQ5/MDAxNzg2ODUyNTI3Nzc1.OF3fNCv0l4MGu5e1LeSxZqB9wHuthckQOfWqVmpWz5wg.7G798vVe7u8D7eolwWJSp1heZ4kuHdT9jQUHzGOnAX0g.JPEG/BB60B29C-4B42-4381-A290-9A088E56462C.jpeg?type=w1500_60_sharpen""]",0,"[""음식이 맛있어요"", ""재료가 신선해요"", ""특별한 메뉴가 있어요"", ""고기 질이 좋아요""]",,true,2026-09-01T06:24:30+00:00,naver_솥내음-용인-에버랜드점_20260901T055008Z#8
naver,솥내음 용인 에버랜드점,1413421949,https://pcmap.place.naver.com/restaurant/1413421949/review/visitor,6a6593e0cba92dc5a2bd3e06,뷰티카우,3AECX,https://m.place.naver.com/my/5cc6b4f88f87a842bc8f8122/review?v=2,5.0,"에버랜드 가는 길에 점심 먹기 위해서 아이와 함께 방문했어요. 양념가지솥밥과 스테이크솥밥, 양념꼬막솥밥을 주문했는데 이름대로 양념이 정말 맛있네요. 꼬막이랑 가지도 신선하구요. 아이는 스테이크솥밥 고기가 맛있다며 잘 먹었네요. 용인 처인구 전대리 맛집으로 손색 없네요~ 든든하게 잘 먹었어요. 에버랜드 자주 오는데, 오며가며 또 방문해야겠어요.",2026-07-26,2026-07-26,1,5,"[""https://pup-review-phinf.pstatic.net/MjAyNjA3MjZfOTYg/MDAxNzg1MDQxODg3MjM5.52UqzndZCoCeI0A0of-mH2PIuSVPivgFZJ0Aq722pG8g.toeis18S_07Iu1jzkteTQVqkYPHFfwox4QgtQCXo9SUg.JPEG/973DAD42-4089-4DA3-A123-C3346CCF8CA0.jpeg?type=w1500_60_sharpen"", ""https://pup-review-phinf.pstatic.net/MjAyNjA3MjZfMjY0/MDAxNzg1MDQxODg2ODk1.q_X5kR4Hn5GTCqodfleSFTaJt_5gXU1JyPDNGKaG0i4g.ENoKWE0pPJ38Bfdh7HjoP8ewIVxTOuzKiWRj2THZNE0g.JPEG/60A1A371-D4D5-447B-B28D-C7D56FE68EE5.jpeg?type=w1500_60_sharpen"", ""https://pup-review-phinf.pstatic.net/MjAyNjA3MjZfMTg3/MDAxNzg1MDQxODg2NTg2.6XPAKauomIQgs2uCBJ1SyANDoSrlHdPM2IPRqRgH5ywg.tk51cwEjMVzJqVjFAgQt7vK2Iz38eF7IeOuFcJJuuqEg.JPEG/66CA4C52-530C-4382-A29B-97EACDC03BF3.jpeg?type=w1500_60_sharpen"", ""https://pup-review-phinf.pstatic.net/MjAyNjA3MjZfMjQ1/MDAxNzg1MDQxODg2Mjk5.CrYecNdbt_3OT71kk4thFqoIcQJU2FSElUt_4gy9z4kg.83CLCRjxoT0Od--z-HRVNo4W41Sl79-Ee2vfPQc7w00g.JPEG/7BD8E96E-E43C-43EB-B41E-44F880B42014.jpeg?type=w1500_60_sharpen"", ""https://pup-review-phinf.pstatic.net/MjAyNjA3MjZfMjQg/MDAxNzg1MDQxODg3NDYz.8ymmzxdF_2PpfBVRDkV1f-xR9Ig_JmOZMIFe-u4mUmsg.8fXAx1iKXCrEil4K5en3NHlerl6NTPzZMeWyvKnHSdwg.JPEG/09172CC7-3225-46EC-9DB5-967D7978690F.jpeg?type=w1500_60_sharpen""]",0,"[""음식이 맛있어요"", ""고기 질이 좋아요"", ""매장이 넓어요"", ""친절해요"", ""매장이 청결해요""]",,true,2026-09-01T06:24:30+00:00,naver_솥내음-용인-에버랜드점_20260901T055008Z#9
naver,솥내음 용인 에버랜드점,1413421949,https://pcmap.place.naver.com/restaurant/1413421949/review/visitor,6a07e67f7ad6b8e1cdbeebba,앵두4417,KusD,https://m.place.naver.com/my/5c078f364595359e9a075bea/review?v=2,5.0,,,2026-05-16,1,,,0,"[""특별한 메뉴가 있어요"", ""건강한 맛이에요"", ""메뉴 구성이 알차요"", ""음악이 좋아요""]",,true,2026-09-01T06:24:30+00:00,naver_솥내음-용인-에버랜드점_20260901T055008Z#10
naver,솥내음 용인 에버랜드점,1413421949,https://pcmap.place.naver.com/restaurant/1413421949/review/visitor,6a9246299d46600f804ecbb8,oct****,40GVH,https://m.place.naver.com/my/5d8c209d8f87a842bcc0f5ac/review?v=2,4.0,,,2026-08-23,1,,,0,"[""음식이 맛있어요""]",,true,2026-09-01T06:24:30+00:00,naver_솥내음-용인-에버랜드점_20260901T055008Z#11
naver,솥내음 용인 에버랜드점,1413421949,https://pcmap.place.naver.com/restaurant/1413421949/review/visitor,6a029652cc57fb5640e9f3af,녹차2144,2x42t,https://m.place.naver.com/my/5c2c205ae7c5ac16784674a2/review?v=2,5.0,,,2026-05-12,1,,,0,"[""음식이 맛있어요"", ""재료가 신선해요"", ""특별한 메뉴가 있어요"", ""고기 질이 좋아요"", ""아이와 가기 좋아요""]",,true,2026-09-01T06:24:30+00:00,naver_솥내음-용인-에버랜드점_20260901T055008Z#12
naver,솥내음 용인 에버랜드점,1413421949,https://pcmap.place.naver.com/restaurant/1413421949/review/visitor,69aa3df9d303b0bc30af3dc7,벼루찡,1Qgfi,https://m.place.naver.com/my/5c565ef340df490cab992603/review?v=2,,,,2026-03-06,1,,,0,"[""음식이 맛있어요"", ""특별한 메뉴가 있어요"", ""인테리어가 멋져요"", ""단체모임 하기 좋아요"", ""주차하기 편해요""]",,true,2026-09-01T06:24:30+00:00,naver_솥내음-용인-에버랜드점_20260901T055008Z#13
naver,솥내음 용인 에버랜드점,1413421949,https://pcmap.place.naver.com/restaurant/1413421949/review/visitor,69a3bee93268f636b456d41b,구르미이이이이잉,6sKnz,https://m.place.naver.com/my/5c7e7438d069aff55d0e294e/review?v=2,,,,2026-03-01,1,,,0,"[""음식이 맛있어요"", ""인테리어가 멋져요"", ""친절해요"", ""아이와 가기 좋아요""]",,true,2026-09-01T06:24:30+00:00,naver_솥내음-용인-에버랜드점_20260901T055008Z#14
naver,솥내음 용인 에버랜드점,1413421949,https://pcmap.place.naver.com/restaurant/1413421949/review/visitor,6972c257419d71e303ae2060,다성,5xpOe,https://m.place.naver.com/my/5bee40a9e61ff26ea8d56909/review?v=2,,,,2026-01-11,1,,,0,"[""음식이 맛있어요""]",,true,2026-09-01T06:24:30+00:00,naver_솥내음-용인-에버랜드점_20260901T055008Z#15
naver,솥내음 용인 에버랜드점,1413421949,https://pcmap.place.naver.com/restaurant/1413421949/review/visitor,695c6eb14f41a2400a763530,lastgoalwin,2HByq,https://m.place.naver.com/my/5effeb8f9e49b68aa6bd77f0/review?v=2,,,,2026-01-06,1,,,0,"[""음식이 맛있어요"", ""인테리어가 멋져요"", ""차분한 분위기예요"", ""친절해요"", ""주차하기 편해요""]",,true,2026-09-01T06:24:30+00:00,naver_솥내음-용인-에버랜드점_20260901T055008Z#16
naver,솥내음 용인 에버랜드점,1413421949,https://pcmap.place.naver.com/restaurant/1413421949/review/visitor,6951083d832d208eb074cebe,dil****,2inij,https://m.place.naver.com/my/5ea3d46a8f87a842bc966a1a/review?v=2,,,,2025-12-28,1,,,0,"[""음식이 맛있어요"", ""재료가 신선해요""]",,true,2026-09-01T06:24:30+00:00,naver_솥내음-용인-에버랜드점_20260901T055008Z#17
naver,솥내음 용인 에버랜드점,1413421949,https://pcmap.place.naver.com/restaurant/1413421949/review/visitor,693b8bbe55222e28d1639e1b,nal****,1IGVW,https://m.place.naver.com/my/60f2224e29f580f911ad4e3d/review?v=2,,,,2025-12-12,1,,,0,"[""음식이 맛있어요"", ""재료가 신선해요"", ""가성비가 좋아요"", ""친절해요""]",,true,2026-09-01T06:24:30+00:00,naver_솥내음-용인-에버랜드점_20260901T055008Z#18
naver,솥내음 용인 에버랜드점,1413421949,https://pcmap.place.naver.com/restaurant/1413421949/review/visitor,69003678714cd10010bf8c78,신비소녀4,1dIGI,https://m.place.naver.com/my/5c56a10ff5718d4abdb06823/review?v=2,,,,2025-10-28,1,,,0,"[""음식이 맛있어요"", ""양이 많아요""]",,true,2026-09-01T06:24:30+00:00,naver_솥내음-용인-에버랜드점_20260901T055008Z#19
naver,솥내음 용인 에버랜드점,1413421949,https://pcmap.place.naver.com/restaurant/1413421949/review/visitor,6a9657c0ea5a719c73bc32a7,설레는시간,2c4ZmT,https://m.place.naver.com/my/65e60a2b73736e3dcfd3bdf4/review?v=2,4.0,"부모님이랑 들렸어요~
해물장, 장어, 스테이크 솥밥~~
딱 1인분의 양으로 간단히 먹기 괜찮네요~~
스테이크는 평이 좋은거에 비해 좀 질기긴 했지만~  다 무난무난~  잘 먹었어요~",2026-09-01,2026-09-01,1,6,"[""https://pup-review-phinf.pstatic.net/MjAyNjA5MDFfMjk4/MDAxNzg4MjM3NzU3Njcw.8vAYfEN4x59e7CqPvifT7K-eE2Qmv_z0TibgCxSXfxYg.TgzvLGhvxELKDI7NbjbmK6-kgaFINbm8Du9g3NTzXW4g.JPEG/20260901_130351.jpg.jpg?type=w1500_60_sharpen"", ""https://pup-review-phinf.pstatic.net/MjAyNjA5MDFfMjkw/MDAxNzg4MjM3NzU4MDc3.q1rnqjLsu-i0cYeLCjyQt7R_Wy4nEkAFjqWXqtUzy0kg.uv87hFfHwOgDZiJ3xCPlkwATEwI4P3r-DcH5_Fog8XEg.JPEG/20260901_130340.jpg.jpg?type=w1500_60_sharpen"", ""https://pup-review-phinf.pstatic.net/MjAyNjA5MDFfMTcy/MDAxNzg4MjM3NzU3ODgz.bBQiqbDbu0G1kMugcYO-9_gYEbeO4s84l4fjFLN8tyMg.dZuIeRGnKxlJxnzgFMGhSRgOJmU8fpsHi-arnbBQuzog.JPEG/20260901_130334.jpg.jpg?type=w1500_60_sharpen"", ""https://pup-review-phinf.pstatic.net/MjAyNjA5MDFfMjcz/MDAxNzg4MjM3NzU4MDYy.QHQ4spSwBchbPniqFx_HZbg35BS8KTYMuv5kgZovYqcg.Heqi4NGeMyJSDgOG4zIhc9B6FvzctzHkWA1SKmAShd4g.JPEG/20260901_130347.jpg.jpg?type=w1500_60_sharpen"", ""https://pup-review-phinf.pstatic.net/MjAyNjA5MDFfMTY2/MDAxNzg4MjM3NzU3MzQ5.RceGs60i6_8-HP_IXP_wBEOZ6hvFIfWJ1LU0lfj4yjog.t2zLvo0MploROlMjft8W_rWJyJ_5KdM_UFBIauUOT2cg.JPEG/20260901_125123.jpg.jpg?type=w1500_60_sharpen"", ""https://pup-review-phinf.pstatic.net/MjAyNjA5MDFfNyAg/MDAxNzg4MjM3NzU5MDMz.f1klyaReiUJq3ZhWwQ7LHgfRzKUstMri1R7wW-1WiMAg.aiGUPMkhTQduwAPCAvSOiaFlbiBYNcKt8rZPmcrteSwg.JPEG/20260901_125130.jpg.jpg?type=w1500_60_sharpen""]",0,"[""친절해요"", ""매장이 청결해요"", ""음식이 빨리 나와요""]",,true,2026-09-01T06:24:30+00:00,naver_솥내음-용인-에버랜드점_20260901T055008Z#20
naver,솥내음 용인 에버랜드점,1413421949,https://pcmap.place.naver.com/restaurant/1413421949/review/visitor,6a963f1e56db0cda95ec2fb0,아침꿈,QtGl,https://m.place.naver.com/my/5d534fa916fb8b6ba4b08d01/review?v=2,5.0,"점심특선이 맛있다하여 지인과 방문했어요 
오늘은 곱창솥밥인데 맛있습니다 11시부터 3시까지 먹을 수 있는데 미리 마감되기도 한다고 합니다~ 
#용인처인구 전대리맛집",2026-09-01,2026-09-01,1,3,"[""https://pup-review-phinf.pstatic.net/MjAyNjA5MDFfMTYw/MDAxNzg4MjMxNDUyMzY1.b8kXS6qCaJFCMFjfQ3vVmezdgiGCNS0WoV5-7qY6n_sg.BZeJro3oxUIc5nljpQv1V-j6slEJ1eKR9IP9eCpOx5gg.JPEG/7C167938-9D00-4E10-83B1-079EC607F3B3.jpeg?type=w1500_60_sharpen"", ""https://pup-review-phinf.pstatic.net/MjAyNjA5MDFfMjEw/MDAxNzg4MjMxNDUxOTk1.3TfVkj63y7tDW5i7_PbFXRgrglt9Iv2EzSvm9saa4Ukg.I1C5cLUehy8crJUwixLJoa2_TT_nkWCGGAY6qMBZdR0g.JPEG/C197B83F-BD72-450A-A57A-E15800C3F64A.jpeg?type=w1500_60_sharpen"", ""https://pup-review-phinf.pstatic.net/MjAyNjA5MDFfMTYy/MDAxNzg4MjMxNDUzNTY0.5Iqp3Z92TxOQwfnJz5xcfkclBQjq1TP04kgDDWvtfcgg.gylNN84X_V8qJkm0ml1IiNE6T5xIaQn8KGK_SmtexsIg.JPEG/BD43FFEE-8699-49FC-87BA-CBC54D54911E.jpeg?type=w1500_60_sharpen""]",0,"[""음식이 맛있어요"", ""재료가 신선해요"", ""특별한 메뉴가 있어요"", ""고기 질이 좋아요"", ""현지 맛에 가까워요""]",,true,2026-09-01T06:24:30+00:00,naver_솥내음-용인-에버랜드점_20260901T055008Z#21
naver,솥내음 용인 에버랜드점,1413421949,https://pcmap.place.naver.com/restaurant/1413421949/review/visitor,6a94054b68e2d2c605496b8a,북극곰Rr,J8F4,https://m.place.naver.com/my/5b79d75787ab6a3a91033ffd/review?v=2,5.0,"용인시 처인구 전대리 맛집 솥내음 자주방문합니다
추천해요",2026-08-30,2026-08-30,12,1,"[""https://pup-review-phinf.pstatic.net/MjAyNjA4MzBfMTg0/MDAxNzg4MDg1NTc0MzQz.0Ui-asOrILkx2o_9kN7Bf5NwD_t0oUtO9ZyQlF-uPcQg.eQg8J6oOKAdfynG5SuZCsccdCZjjn3PD-kW0aw0djDsg.JPEG/20260830_192604.jpg?type=w1500_60_sharpen""]",0,"[""음식이 맛있어요"", ""재료가 신선해요"", ""인테리어가 멋져요"", ""친절해요"", ""매장이 청결해요""]",,true,2026-09-01T06:24:30+00:00,naver_솥내음-용인-에버랜드점_20260901T055008Z#22
naver,솥내음 용인 에버랜드점,1413421949,https://pcmap.place.naver.com/restaurant/1413421949/review/visitor,6a93ea0501c8b483ecdea4ee,Njirong,3wrqs,https://m.place.naver.com/my/5c5670d6fed65a0d340e0fba/review?v=2,5.0,"언니랑 밥 먹으러 방문 했는데 항상 오면 먹는 마라 가지 솥밥, 버섯 솥밥 먹었는데 맛있게 잘 먹었습니다!!용인 처인구 전대리 맛집입니다!! 강추!! 혼밥도 너무 좋을 것 같아요~~",2026-08-30,2026-08-30,2,1,"[""https://pup-review-phinf.pstatic.net/MjAyNjA4MzBfMzcg/MDAxNzg4MDc4NTk1NTYz.j2ugigHPU-LGUcSi-xx6l2OtyIAaA4ntkM83dLbqVHIg.11hQLsU6dGNj4gWJaXzoMR2thtA9IwGRuEXhgwh4T2cg.JPEG/6D3F9691-D174-406B-B77D-D90649D5E7AA.jpeg?type=w1500_60_sharpen""]",0,"[""음식이 맛있어요"", ""재료가 신선해요"", ""특별한 메뉴가 있어요"", ""고기 질이 좋아요"", ""건강한 맛이에요""]",,true,2026-09-01T06:24:30+00:00,naver_솥내음-용인-에버랜드점_20260901T055008Z#23
naver,솥내음 용인 에버랜드점,1413421949,https://pcmap.place.naver.com/restaurant/1413421949/review/visitor,6a93c40f8d60ac531446bfaf,lotto8,697h0,https://m.place.naver.com/my/5c88ba54e32017cd66a3c096/review?v=2,5.0,"용인 처인구 전대리 맛집! 솥내음 왔어요!
사장님 엄청 친절하시구 밑반찬도 많고 맛있어요!
3시에 브레이크 타임이라 3시 30까지 식사 가능했습니다!!
에버랜드 오시면 꼭 들려서 먹구 가세오!!",2026-08-30,2026-08-30,2,1,"[""https://pup-review-phinf.pstatic.net/MjAyNjA4MzBfMjE1/MDAxNzg4MDY4ODc3OTYy.4sSMVXpK5gLdKkknM5pXMXfEhoSBHjqsQ2DixZNz58sg.EUOUYY_91N2Yv_7jwMypDWUzPXk4prSCF6iDZXvqP4gg.JPEG/8893B549-3AD9-44CC-AFA3-89CD98E989D3.jpeg?type=w1500_60_sharpen""]",0,"[""뷰가 좋아요"", ""인테리어가 멋져요"", ""혼밥하기 좋아요"", ""음식이 맛있어요"", ""재료가 신선해요""]",,true,2026-09-01T06:24:30+00:00,naver_솥내음-용인-에버랜드점_20260901T055008Z#24
naver,솥내음 용인 에버랜드점,1413421949,https://pcmap.place.naver.com/restaurant/1413421949/review/visitor,6a93bb3a23b020ad8346831f,Hoe L,3HPrj,https://m.place.naver.com/my/5e9ef2038f87a842bc8d46ea/review?v=2,5.0,할머님이 솥내음 장어덮밥을 좋아하셔서 종종 오는 용인 처인구 전대리 맛집 입니다!! 한달에 한두번씩은 꾸준히 들리는 로컬 주민 맛집 인증이에요! 매장도 깨끗하고 메뉴도 정갈하고 깔끔하게 나와요! 전대리 오시면 추천드려요!,2026-08-30,2026-08-30,2,1,"[""https://pup-review-phinf.pstatic.net/MjAyNjA4MzBfNiAg/MDAxNzg4MDY2NjE2Njk5.oolcIG-OiR0nldoZzfnLQ55NVzt8Im_QB7-MHscs3_Qg.govkJBGxbdxCTYRzxUJ3haZu-ehfzQCZe4jWV0Q_apcg.JPEG/7A878788-70C2-47FB-AF8D-D4D58D8A84D1.jpeg?type=w1500_60_sharpen""]",0,"[""음식이 맛있어요"", ""재료가 신선해요"", ""인테리어가 멋져요"", ""친절해요"", ""매장이 청결해요""]",,true,2026-09-01T06:24:30+00:00,naver_솥내음-용인-에버랜드점_20260901T055008Z#25
naver,솥내음 용인 에버랜드점,1413421949,https://pcmap.place.naver.com/restaurant/1413421949/review/visitor,6a93a2a8ab72e22e9a2e73bd,앵두양양,81uEx,https://m.place.naver.com/my/5f04919eb1098e3a327b4033/review?v=2,5.0,"스테이크 솥밥이랑 돼지불고기 솥밥 시켰어요 !
음식이 맛있고 내부가 깔끔해요
직원분들 친절하시고 메뉴 종류가 다양해서 좋았어요
용인 처인구 전대리 맛집 입니다~~",2026-08-30,2026-08-30,1,3,"[""https://pup-review-phinf.pstatic.net/MjAyNjA4MzBfODMg/MDAxNzg4MDYwMzI2MDQy.TbXi84vQmjV8ltLZNjj4MVMyOF6VX6GXksSCgomg7ykg.P_N5gbDhKWeaASAA7P2i6Rn-rWs7XfLi-Hit5vsVsQgg.JPEG/916BDA7F-BD21-4633-A590-B36BCCB749B3.jpeg?type=w1500_60_sharpen"", ""https://pup-review-phinf.pstatic.net/MjAyNjA4MzBfODYg/MDAxNzg4MDYwMzI2NTc2.GS_2VP3M2ZqXu_Z0hh1B9Y5nQ-Qt2p_6hEVKwgBig74g.HkH0gorRBVp_imVKljJDk9_BNlxbKv1I1K_zQZEluQAg.JPEG/5182F8BE-BA8E-45FC-8943-9E3D7103DC1F.jpeg?type=w1500_60_sharpen"", ""https://pup-review-phinf.pstatic.net/MjAyNjA4MzBfNjIg/MDAxNzg4MDYwMzI2ODcz.cYgFp0WRAfqAYHk5t1HP-FpZTtFm5qqPsHiQ4mx-fJcg.1udbBmLef88dLvliKDVGkZgNWHerr5DjKLNbixQFsbcg.JPEG/CB653D50-1D4D-4805-8D26-3EC71A29F61E.jpeg?type=w1500_60_sharpen""]",0,"[""인테리어가 멋져요"", ""좌석이 편해요"", ""특별한 날 가기 좋아요"", ""친절해요"", ""특별한 메뉴가 있어요""]",,true,2026-09-01T06:24:30+00:00,naver_솥내음-용인-에버랜드점_20260901T055008Z#26
naver,솥내음 용인 에버랜드점,1413421949,https://pcmap.place.naver.com/restaurant/1413421949/review/visitor,6a93992b0decf334b7efcfb7,2빠e,13gvh,https://m.place.naver.com/my/5dd75b579ec8258e4a89d84a/review?v=2,5.0,"#용인 처인구 전대리 맛집 #솥내음 용인 에버랜드점
올때마다 가지솥밥만 시키고 있습니다. 가지도 맛있고 양념이 맛도리네요. 주말마다 생각날거 같아요",2026-08-30,2026-08-30,1,1,"[""https://pup-review-phinf.pstatic.net/MjAyNjA4MzBfODIg/MDAxNzg4MDU3NzQ2NDMz.oH3FxpxTR-zK7tQVrU45C7RjuDfQkobwZU3tJiQ3USwg.Dw079oaVGV7_qwYMOwfW4rGTEO4C5HI4jQkuUD5MzxYg.JPEG/8454.jpg?type=w1500_60_sharpen""]",0,"[""음식이 맛있어요"", ""재료가 신선해요"", ""특별한 메뉴가 있어요"", ""고기 질이 좋아요""]",,true,2026-09-01T06:24:30+00:00,naver_솥내음-용인-에버랜드점_20260901T055008Z#27
naver,솥내음 용인 에버랜드점,1413421949,https://pcmap.place.naver.com/restaurant/1413421949/review/visitor,6a93993de9cff084a1e8b443,hae****,ar01W,https://m.place.naver.com/my/6210b14f27c8617ca6e76f14/review?v=2,5.0,"부모님과 데이트하고 용인왔어요. 솥밥이라 매우좋아하셨구요ㅎㅎ
저희는 전복솥밥과 불쭈꾸미솥밥 주문했어요ㅎㅎ
용인 처인구 전대리 맛집으로 추천합니당ㅎ",2026-08-30,2026-08-30,1,2,"[""https://pup-review-phinf.pstatic.net/MjAyNjA4MzBfOTgg/MDAxNzg4MDU3OTE1MTIz.FzPvMWSkuGpw3CymQOmyQ0NZmjbox9MWJEtNrMXk7z8g.0NO6AezGv0TVSG9KhGDUymaUL_KkZKTWpxLL0mM6Xuog.JPEG/20260830_111626.jpg.jpg?type=w1500_60_sharpen"", ""https://pup-review-phinf.pstatic.net/MjAyNjA4MzBfMjc4/MDAxNzg4MDU3OTE1MDc2.S67kMidjWCpSFQO0x6vUeQU7ce7QAxvIbALJLefqCBIg.0wvco_YCI4sHTXgFm7tEVG4zYXzy-ZboBSTI2Is829kg.JPEG/20260830_111726.jpg.jpg?type=w1500_60_sharpen""]",0,"[""음식이 맛있어요"", ""특별한 메뉴가 있어요"", ""가성비가 좋아요"", ""건강한 맛이에요"", ""주차하기 편해요""]",,true,2026-09-01T06:24:30+00:00,naver_솥내음-용인-에버랜드점_20260901T055008Z#28
naver,솥내음 용인 에버랜드점,1413421949,https://pcmap.place.naver.com/restaurant/1413421949/review/visitor,694bdf69c3bbec952bfc606b,쵸코쿠키70,1umz5,https://m.place.naver.com/my/5e9eb4e78f87a842bcb3a696/review?v=2,,,,2025-12-24,1,,,0,"[""음식이 맛있어요""]",,true,2026-09-01T06:24:30+00:00,naver_솥내음-용인-에버랜드점_20260901T055008Z#29
naver,솥내음 용인 에버랜드점,1413421949,https://pcmap.place.naver.com/restaurant/1413421949/review/visitor,6947e02a46d2fa258bf7239d,kgs****,8pCEZ,https://m.place.naver.com/my/5e17043f8f87a842bc37a8d6/review?v=2,,,,2025-12-21,1,,,0,"[""음식이 맛있어요"", ""특별한 메뉴가 있어요""]",,true,2026-09-01T06:24:30+00:00,naver_솥내음-용인-에버랜드점_20260901T055008Z#30
naver,포메인 에버랜드직영점,1182555323,https://pcmap.place.naver.com/restaurant/1182555323/review/visitor,6a82dcae235fafdc2cf72e13,소솜하다,bSzl2,https://m.place.naver.com/my/63f603c61438fc3a9cb83b65/review?v=2,5.0,나오는데 시간은 걸리지만 셀프고 에버랜드 치고는 가격도 괜찮아서 만족스러워요.,2026-08-17,2026-08-17,1,2,"[""https://pup-review-phinf.pstatic.net/MjAyNjA4MTdfMTMg/MDAxNzg2OTYxMDY4MTcy.QL93BiHsfpvbRQi7ySlrrkHc6-hRCxfndSYFn-MFTDog.I4cppOcWpjIoMhRwNAH83hGgh18KhiYIIETQMro06mcg.JPEG/20260817_105240.jpg.jpg?type=w1500_60_sharpen"", ""https://pup-review-phinf.pstatic.net/MjAyNjA4MTdfOTgg/MDAxNzg2OTYxMDY4NDEy.aJwpyC2Of2snj7yVzoeaiWvkQlvJAiWdtN2xZ1JqVYIg.gO6myPCM-Ce0okpd9R5VWMSITVY3of-bD0UKcf85Ibwg.JPEG/20260817_105249.jpg.jpg?type=w1500_60_sharpen""]",0,"[""음식이 맛있어요"", ""재료가 신선해요"", ""인테리어가 멋져요"", ""친절해요"", ""매장이 청결해요""]",,true,2026-09-01T06:26:28+00:00,naver_포메인-에버랜드직영점_20260901T055008Z#0
naver,포메인 에버랜드직영점,1182555323,https://pcmap.place.naver.com/restaurant/1182555323/review/visitor,6a5d7176ccaa06d453da5d0d,샤랄하츄,17dm9,https://m.place.naver.com/my/5ca8b01b40e73096adf05eb6/review?v=2,5.0,아이와 놀다가 밥먹으러 하기 좋습니다. 깔끔하고 편하게 먹기 좋은 식당입니다.,2026-07-20,2026-06-25,1,2,"[""https://pup-review-phinf.pstatic.net/MjAyNjA3MjBfNDIg/MDAxNzg0NTA4Nzg4ODEy.7SRflts3jKf8iYMsExpmBdbcKR2Xtbgm-DF8Iq5u4G8g.Prgr3vj1qnpwbfJJM6TFOym4ebnw1ldHOpEM1ATmmOcg.JPEG/20260625_144804.jpg.jpg?type=w1500_60_sharpen"", ""https://pup-review-phinf.pstatic.net/MjAyNjA3MjBfMjQ0/MDAxNzg0NTA4Nzg4NDQx.veajyWLRtlnYpdE6DOmjW0PSFBqCLtGbCh1O9Y7Jg6wg.sAQFtPkFz7BwKTBJg5ns8p_InL3GEPpQzldvdO4Abtkg.JPEG/video_thumbnail.jpg""]",0,"[""음식이 맛있어요"", ""재료가 신선해요"", ""양이 많아요"", ""가성비가 좋아요"", ""인테리어가 멋져요""]",,true,2026-09-01T06:26:28+00:00,naver_포메인-에버랜드직영점_20260901T055008Z#1
naver,포메인 에버랜드직영점,1182555323,https://pcmap.place.naver.com/restaurant/1182555323/review/visitor,6a66121a55237e67004808ab,홀훌잉,rclH,https://m.place.naver.com/my/5f0bc0ae9ec8258e4aa8151a/review?v=2,4.0,"매장 넓어서 사람많을 때에 좋아요.
마감 45분전에 갔는데 다들 마감준비를 시작해서
식사하는 동안 신경이 많이 쓰였어요
아이랑 가기엔 그럭저럭 괜찮아요",2026-07-26,2026-07-12,1,1,"[""https://pup-review-phinf.pstatic.net/MjAyNjA3MjZfMjQx/MDAxNzg1MDc0MjAwOTY2.UT4yeSRlkRidIVTMvxG5IabXTiaOZl3D-OS2EzSDNO0g.nSWghYJrRlTWqxRD-1hh_YCT19DJAt3AtXZ4yn_P1qAg.JPEG/20260712_211153.jpg.jpg?type=w1500_60_sharpen""]",0,"[""음식이 맛있어요"", ""가성비가 좋아요"", ""매장이 넓어요""]",,true,2026-09-01T06:26:28+00:00,naver_포메인-에버랜드직영점_20260901T055008Z#2
naver,포메인 에버랜드직영점,1182555323,https://pcmap.place.naver.com/restaurant/1182555323/review/visitor,69f820e596f8155451d2ed82,바다와뜰,2bIJE,https://m.place.naver.com/my/5edc35b98f87a842bc3e5352/review?v=2,5.0,"쌀국수와 매콤한 비빔쌀국수 모두 맛있어요
치킨도 튀김 말고 안쪽은 맵지 않아서 아이가 잘 먹네요
유원지 안에 있는 식당인데도 맛있었어요
감사합니다",2026-05-04,2026-05-03,1,3,"[""https://pup-review-phinf.pstatic.net/MjAyNjA1MDRfMjg1/MDAxNzc3ODY5MDI4MDQz.v64DWgZ4a856-VpSRLKCvSrqzIztbMvj9xNxCQBvW4cg.z22msnAGen3LvpfSC6v0zoKTgpJWRGr9pmyoiHeu7lYg.JPEG/1000055733.jpg.jpg?type=w1500_60_sharpen"", ""https://pup-review-phinf.pstatic.net/MjAyNjA1MDRfMjcy/MDAxNzc3ODY5MDI4MDEw.d0E8PWgC4jAbwLzm0kHKfWOK1sSvtoh0ElcFZJISIm0g.W3OYt617RxCu-przELvPWYEdxGcCdR9Aj7QQslR6o1cg.JPEG/1000055734.jpg.jpg?type=w1500_60_sharpen"", ""https://pup-review-phinf.pstatic.net/MjAyNjA1MDRfNTIg/MDAxNzc3ODY5MDI3OTc5.LUbWabPDY1gIva2olcUOGlLD7wx45rOgtgjA2pjbXasg.Kg9hDnyGdRGj9ukx4gzzDSgR59Il-iOVOhBORi6Mwxsg.JPEG/1000055735.jpg.jpg?type=w1500_60_sharpen""]",0,"[""음식이 맛있어요"", ""현지 맛에 가까워요"", ""건강한 맛이에요"", ""재료가 신선해요"", ""메뉴 구성이 알차요""]",,true,2026-09-01T06:26:28+00:00,naver_포메인-에버랜드직영점_20260901T055008Z#3
naver,포메인 에버랜드직영점,1182555323,https://pcmap.place.naver.com/restaurant/1182555323/review/visitor,69fae1c1ff652c996f718d7e,ㅇ행복한 하루ㅇ,34Iwu,https://m.place.naver.com/my/5e91313f8f87a842bcddf5b3/review?v=2,5.0,"에버랜드 내에있는 매장치곤 넓고 테이블 간격도 좋아서  편하게 식사할수 있었던 곳이였습니다~~
평소 쌀국수를 즐기지는 않지만 맛있게 잘 먹었습니다^^",2026-05-06,2026-04-25,1,3,"[""https://pup-review-phinf.pstatic.net/MjAyNjA1MDZfNDcg/MDAxNzc4MDQ5NDcyMDcz.fuUYRN0EXb_o5wQUfarywKrHAMA6wIc-2LLE-b9oJGMg.-yHvlJPVOJSVR-MCYLYgEdkv0twXNcS3GaQYQDlCiysg.JPEG/20260425_184218.jpg.jpg?type=w1500_60_sharpen"", ""https://pup-review-phinf.pstatic.net/MjAyNjA1MDZfMTAg/MDAxNzc4MDQ5NDcyMDQ1.MUZBzLRiZhFeC8hicUcs2rIr_RXr6fjjPXKWqqszztgg.HrKzsnqFb9BoJa7Dml0djhjARu-8zil1y8EchON0eHgg.JPEG/20260425_184220.jpg.jpg?type=w1500_60_sharpen"", ""https://pup-review-phinf.pstatic.net/MjAyNjA1MDZfNzAg/MDAxNzc4MDQ5NDcyMDc3.Q8cyhQ6JPqNfP56v_MyBdPrcoTnt6f-3toXnVzDb2ucg.imv08eKkbzl-kFZgyhXTfovrvPAedYpCTbVDQ7kldZcg.JPEG/20260425_184207.jpg.jpg?type=w1500_60_sharpen""]",0,"[""음식이 맛있어요"", ""재료가 신선해요""]",,true,2026-09-01T06:26:28+00:00,naver_포메인-에버랜드직영점_20260901T055008Z#4
naver,포메인 에버랜드직영점,1182555323,https://pcmap.place.naver.com/restaurant/1182555323/review/visitor,6a81576c7f6be72675c70d54,스미레4691,NYaZ,https://m.place.naver.com/my/5ca6dfc549ea5202b025ac36/review?v=2,5.0,"빠르게 나오고 국물이 시원해요
공간도 넓어요",2026-08-16,2026-08-16,1,,,0,"[""음식이 맛있어요""]",,true,2026-09-01T06:26:28+00:00,naver_포메인-에버랜드직영점_20260901T055008Z#5
naver,포메인 에버랜드직영점,1182555323,https://pcmap.place.naver.com/restaurant/1182555323/review/visitor,6a1feb23ef365f8f94477380,GA66,5i8ej,https://m.place.naver.com/my/60a27ca2ef1af2c48c3c01e6/review?v=2,3.5,"매장이 넓어요
음식이 빨리 나옵니다. 
다른 포메인 지점에 비해서
맛이 밍밍하지만
에버랜드에서 한 끼 식사로 좋아요
쌀국수 말고 다른 메뉴도 괜찮더라고요",2026-06-03,2026-06-02,1,1,"[""https://pup-review-phinf.pstatic.net/MjAyNjA2MDNfMjUw/MDAxNzgwNDc2NzA0OTU1.MawnIl7Y1tFk2mXqnYCeDwQ5ltVDkUCd5Sh7bIuE5Qsg.MRoYwuJKWH515g0oKSlOwJLmDDl4_0_kb274wPnSj4Yg.JPEG/C2B29B60-3570-46EB-BD83-8461F64951BC.jpeg?type=w1500_60_sharpen""]",0,"[""음식이 맛있어요"", ""매장이 넓어요""]",,true,2026-09-01T06:26:28+00:00,naver_포메인-에버랜드직영점_20260901T055008Z#6
naver,포메인 에버랜드직영점,1182555323,https://pcmap.place.naver.com/restaurant/1182555323/review/visitor,6a094038331abef255a7efe8,hesedjh,28ToK,https://m.place.naver.com/my/5c73c13be667b37e3545612e/review?v=2,4.0,"19개월 아가들과 에버랜드에 와서 퍼레이드 보기 전에 여기서 저녁 먹었어요. 아기의자도 잘 되어있고, 기본 쌀국수에 있는 소고기 잘라서 아기 먹이기 괜찮았고, 쌀국수들 맛은 괜찮은데 아기 먹이려 주문한 소고기 볶음밥은 아기가 먹기에 좀 느끼하고 고기가 질겼어요.",2026-05-17,2026-05-16,1,2,"[""https://pup-review-phinf.pstatic.net/MjAyNjA1MTdfMTQx/MDAxNzc4OTkxMTU4MzA2.WHxigw_tBplwBpveM30LHuL-H35Tq05HQYEU0MHJhp0g.w-OMS3wpAPKGVz9ixGhgXyWCVNSH8evv07xdDrPBueIg.JPEG/5B815D11-5A48-40AB-A379-5731FA265602.jpeg?type=w1500_60_sharpen"", ""https://pup-review-phinf.pstatic.net/MjAyNjA1MTdfMjQg/MDAxNzc4OTkxMTU4NDg0.Brg_yb0Ep91hSGR09bMfyeLgDtqNuaQKTku6gZI5K90g.UXI5FtDtAZAqmJcopqmO8Rag5bZAuRyllgnfSzFQz3Qg.JPEG/0D22C031-DF81-4724-999B-765C9FB97909.jpeg?type=w1500_60_sharpen""]",0,"[""매장이 넓어요"", ""아이와 가기 좋아요"", ""음식이 빨리 나와요"", ""메뉴 구성이 알차요""]",,true,2026-09-01T06:26:28+00:00,naver_포메인-에버랜드직영점_20260901T055008Z#7
naver,포메인 에버랜드직영점,1182555323,https://pcmap.place.naver.com/restaurant/1182555323/review/visitor,69d74e9772837c1db6071672,맛잘알밍밍,2cmRS1,https://m.place.naver.com/my/66397c3573736e3dcf89a265/review?v=2,,에버랜드 내 최고의 맛집 ㅋㅋㅋ 곱배기 추천드리고 야간 개장까지 있을 거면 뜨끈한 국물로 몸 따닷하게 하시고 보세요. 뭔 고기 버거보다 훨씬 나음. 강추!,2026-04-09,2026-03-27,1,2,"[""https://pup-review-phinf.pstatic.net/MjAyNjA0MDlfNjEg/MDAxNzc1NzE4MDM4NDc0.yEr_Bxohvrc-WCMWmvXxcqSdiPuA2hsXKXDuFskjbFog.hv2obCDXOo9O8GWqnka2EyhsgKmwhjA5FvSykOeyqSwg.JPEG/8CF460E1-AB50-45B1-B40B-5F2419610D21.jpeg?type=w1500_60_sharpen"", ""https://pup-review-phinf.pstatic.net/MjAyNjA0MDlfMTI5/MDAxNzc1NzE4MDM4NDg3.n0-OjDHaNdfqMgyeuAEO0PD0tMsqW9rt7FlqlWQkVWgg.jhvjukpXoDFTRuoQmMPu_mLa2thnBHpaTRRRIS4PtBwg.JPEG/121ADBC5-C4DB-4367-BE5C-DBDAFBCDA4FE.jpeg?type=w1500_60_sharpen""]",0,"[""음식이 맛있어요"", ""재료가 신선해요"", ""양이 많아요"", ""현지 맛에 가까워요"", ""매장이 넓어요""]",,true,2026-09-01T06:26:28+00:00,naver_포메인-에버랜드직영점_20260901T055008Z#8
naver,포메인 에버랜드직영점,1182555323,https://pcmap.place.naver.com/restaurant/1182555323/review/visitor,6a4c8a4c10b9d6d37e746ae3,행복한 쿼카는 오늘도 여행중,2cDfRZ,https://m.place.naver.com/my/66482f0673736e3dcf015d7f/review?v=2,,"에버랜드에서 아주 씐나게 놀고🎶
따뜻한 국물이 생각나 방문했어요.😊

쌀국수 국물이 깔끔하고 진해서
속이 편안해졌어요.

맛있게 먹었습니다. ㅎㅎ
든든한 한 끼가 되었어요.🍜

놀이공원 안이라 사람이 많은 편이었지만
음식은 비교적 빠르게 나왔고
직원분들도 친절하게 응대해 주셨습니다.

에버랜드에서 한식 말고
다른 메뉴가 생각날 때
부담 없이 들르기 좋은 곳인 것 같아요.

다음에 방문해도
다시 이용할 의향 있습니다.🙂",2026-07-07,2026-04-02,1,1,"[""https://pup-review-phinf.pstatic.net/MjAyNjA3MDdfNjAg/MDAxNzgzNDAxMDM0Nzg5.T3Itf1o8e7D6Krcq4sUCYmXrtb_Aen_IHaObsRQBhvUg.iazLxIicvFF79cmjgjDkSDUJOhTc5fbaDMj32wklPe4g.JPEG/20260402_193151.jpg.jpg?type=w1500_60_sharpen""]",0,"[""음식이 맛있어요""]",,true,2026-09-01T06:26:28+00:00,naver_포메인-에버랜드직영점_20260901T055008Z#9
naver,포메인 에버랜드직영점,1182555323,https://pcmap.place.naver.com/restaurant/1182555323/review/visitor,69f95b7704c692d018b8d16d,200****,uG7j,https://m.place.naver.com/my/5c574b31c0a9b18064c9453c/review?v=2,5.0,,,2026-05-05,4,,,0,"[""음식이 맛있어요"", ""재료가 신선해요""]",,true,2026-09-01T06:26:28+00:00,naver_포메인-에버랜드직영점_20260901T055008Z#10
naver,포메인 에버랜드직영점,1182555323,https://pcmap.place.naver.com/restaurant/1182555323/review/visitor,69b4eddc076cc8b5c205cc01,oct****,40GVH,https://m.place.naver.com/my/5d8c209d8f87a842bcc0f5ac/review?v=2,,,,2026-02-28,1,,,0,"[""현지 맛에 가까워요""]",,true,2026-09-01T06:26:28+00:00,naver_포메인-에버랜드직영점_20260901T055008Z#11
naver,포메인 에버랜드직영점,1182555323,https://pcmap.place.naver.com/restaurant/1182555323/review/visitor,692453d13e0d40bf36510a54,jye****,4Cnqt,https://m.place.naver.com/my/5f20f44251610250a5ebe18b/review?v=2,,,,2025-11-24,1,,,0,"[""음식이 맛있어요"", ""매장이 넓어요""]",,true,2026-09-01T06:26:28+00:00,naver_포메인-에버랜드직영점_20260901T055008Z#12
naver,포메인 에버랜드직영점,1182555323,https://pcmap.place.naver.com/restaurant/1182555323/review/visitor,68fe5210a378ef9526a9b837,송유미51,18tGo,https://m.place.naver.com/my/5f0614e3c6c911a490bce1a7/review?v=2,,,,2025-10-24,1,,,0,"[""음식이 맛있어요"", ""재료가 신선해요""]",,true,2026-09-01T06:26:28+00:00,naver_포메인-에버랜드직영점_20260901T055008Z#13
naver,포메인 에버랜드직영점,1182555323,https://pcmap.place.naver.com/restaurant/1182555323/review/visitor,68fc2907c8622e6c47deed51,히히70,1PYAM,https://m.place.naver.com/my/5efe9b24670bd5c7e121084f/review?v=2,,,,2025-10-14,3,,,0,"[""음식이 맛있어요"", ""재료가 신선해요"", ""현지 맛에 가까워요""]",,true,2026-09-01T06:26:28+00:00,naver_포메인-에버랜드직영점_20260901T055008Z#14
naver,포메인 에버랜드직영점,1182555323,https://pcmap.place.naver.com/restaurant/1182555323/review/visitor,693d38bcbf9f81f0f2d9d0d0,esc****,5tDda,https://m.place.naver.com/my/5e80a7a28f87a842bc8a2b45/review?v=2,,,,2025-11-29,14,,,0,"[""가성비가 좋아요""]",,true,2026-09-01T06:26:28+00:00,naver_포메인-에버랜드직영점_20260901T055008Z#15
naver,포메인 에버랜드직영점,1182555323,https://pcmap.place.naver.com/restaurant/1182555323/review/visitor,67ea4cdda6bae2491e064a67,관저러,7NFVe,https://m.place.naver.com/my/5ec139d58f87a842bc625b11/review?v=2,,,,2025-03-31,2,,,0,"[""음식이 맛있어요""]",,true,2026-09-01T06:26:28+00:00,naver_포메인-에버랜드직영점_20260901T055008Z#16
naver,포메인 에버랜드직영점,1182555323,https://pcmap.place.naver.com/restaurant/1182555323/review/visitor,67d1389a34c3601258a41ced,해피냥8,2yQKk,https://m.place.naver.com/my/5e10065e8f87a842bc28f52d/review?v=2,,,,2025-03-08,8,,,0,"[""음식이 맛있어요"", ""재료가 신선해요"", ""매장이 넓어요"", ""아이와 가기 좋아요"", ""음식이 빨리 나와요""]",,true,2026-09-01T06:26:28+00:00,naver_포메인-에버랜드직영점_20260901T055008Z#17
naver,포메인 에버랜드직영점,1182555323,https://pcmap.place.naver.com/restaurant/1182555323/review/visitor,67e2caeafa33d8169ee38155,쪕쪕쪕쩝박사,2BV8Y,https://m.place.naver.com/my/5c4175e3693da0e4eb9af300/review?v=2,,,,2025-03-21,1,,,0,"[""음식이 맛있어요""]",,true,2026-09-01T06:26:28+00:00,naver_포메인-에버랜드직영점_20260901T055008Z#18
naver,포메인 에버랜드직영점,1182555323,https://pcmap.place.naver.com/restaurant/1182555323/review/visitor,67b279e9526762445c938e2d,메카닉너구리,2wWPI,https://m.place.naver.com/my/5efed6a11c9b02e1ea3bf556/review?v=2,,,,2025-02-15,1,,,0,"[""매장이 넓어요""]",,true,2026-09-01T06:26:28+00:00,naver_포메인-에버랜드직영점_20260901T055008Z#19
naver,포메인 에버랜드직영점,1182555323,https://pcmap.place.naver.com/restaurant/1182555323/review/visitor,6a83acbbca8ef53f9bf22cc5,yuc****,66fRo,https://m.place.naver.com/my/5ee34ea28f87a842bc401570/review?v=2,5.0,^^,2026-08-18,2026-08-16,1,,,0,,,true,2026-09-01T06:26:28+00:00,naver_포메인-에버랜드직영점_20260901T055008Z#20
naver,포메인 에버랜드직영점,1182555323,https://pcmap.place.naver.com/restaurant/1182555323/review/visitor,6a93d7eb7057de6133e00d5f,김 and JY,W43q,https://m.place.naver.com/my/5f06ab72848333b0d5bdd305/review?v=2,5.0,자주 갑니다,2026-08-30,2026-08-08,1,,,0,"[""특별한 메뉴가 있어요""]",,true,2026-09-01T06:26:28+00:00,naver_포메인-에버랜드직영점_20260901T055008Z#21
naver,포메인 에버랜드직영점,1182555323,https://pcmap.place.naver.com/restaurant/1182555323/review/visitor,6a4886b1737681854383e0db,크헐헐헐허헐허,1s0l5,https://m.place.naver.com/my/5edba39c8f87a842bce96bbc/review?v=2,0.5,"맛없어요. 면도 덜익었고 짜조도 기름 엄청 많고 ...
진짜 별로네요. 비추합니다",2026-07-04,2026-07-04,1,,,0,,,true,2026-09-01T06:26:28+00:00,naver_포메인-에버랜드직영점_20260901T055008Z#22
naver,포메인 에버랜드직영점,1182555323,https://pcmap.place.naver.com/restaurant/1182555323/review/visitor,6a2ff6b593094adc17489ae8,준미,4dYoV,https://m.place.naver.com/my/5c113739d85b035d9ffc7318/review?v=2,4.0,"에버랜드 오랜만에가니 생긴 쌀국수식당~~
아이들은 안매운거 어른은 매운맛 먹었는데 담백하고 맛있었어요~",2026-06-15,2026-06-06,1,,,0,"[""음식이 맛있어요"", ""재료가 신선해요"", ""매장이 넓어요"", ""친절해요""]",,true,2026-09-01T06:26:28+00:00,naver_포메인-에버랜드직영점_20260901T055008Z#23
naver,포메인 에버랜드직영점,1182555323,https://pcmap.place.naver.com/restaurant/1182555323/review/visitor,6a1265a9de58b5cb657715ec,루루루야,2cMH4,https://m.place.naver.com/my/5ddeaeed9ec8258e4ae9f4c4/review?v=2,5.0,,2026-05-24,2026-05-24,1,2,"[""https://pup-review-phinf.pstatic.net/MjAyNjA1MjRfMjgg/MDAxNzc5NTkwNTY3NDcz.kLj3J9j4FXwowJIiK74Lc6y9cn7QMobyeWEl1O4FUMMg.QaJMxCYYgTJd3NweD6OgsqbZXVTDKbhCghBOdq6JUUAg.JPEG/5B7B1B72-FB47-4E22-9398-E5C1977E3E9A.jpeg?type=w1500_60_sharpen"", ""https://pup-review-phinf.pstatic.net/MjAyNjA1MjRfMjY1/MDAxNzc5NTkwNTY3MDg1.T4TB05px6PGtZD_oqMboy5hiGbveSo52uEXHKlYm7qsg.d3mm0SXayO-7IeDkwXBD1pKocVu4yxbsq37vFUlVYnAg.JPEG/AF73E562-233C-405E-8E96-50AF84370240.jpeg?type=w1500_60_sharpen""]",0,"[""음식이 맛있어요""]",,true,2026-09-01T06:26:28+00:00,naver_포메인-에버랜드직영점_20260901T055008Z#24
naver,포메인 에버랜드직영점,1182555323,https://pcmap.place.naver.com/restaurant/1182555323/review/visitor,6819800af3e76b7f6775a831,그렁그렁,1iA5B,https://m.place.naver.com/my/5bc2c3329223c0a6dd2030f2/review?v=2,,,,2025-05-06,1,,,0,"[""매장이 넓어요"", ""친절해요"", ""음식이 맛있어요""]",,true,2026-09-01T06:26:28+00:00,naver_포메인-에버랜드직영점_20260901T055008Z#25
naver,포메인 에버랜드직영점,1182555323,https://pcmap.place.naver.com/restaurant/1182555323/review/visitor,681719e52b7b644ef38b966c,Glod,2bBgTL,https://m.place.naver.com/my/637576cca7b1630006eae259/review?v=2,,,,2025-05-04,1,,,0,"[""음식이 맛있어요"", ""재료가 신선해요"", ""현지 맛에 가까워요""]",,true,2026-09-01T06:26:28+00:00,naver_포메인-에버랜드직영점_20260901T055008Z#26
naver,포메인 에버랜드직영점,1182555323,https://pcmap.place.naver.com/restaurant/1182555323/review/visitor,68149415f4dadec174218591,maple02,4axqA,https://m.place.naver.com/my/6312ca9615a1e11c28a19740/review?v=2,,,,2025-05-02,1,,,0,"[""음식이 맛있어요""]",,true,2026-09-01T06:26:28+00:00,naver_포메인-에버랜드직영점_20260901T055008Z#27
naver,스타벅스 용인에버랜드점,1660460217,https://pcmap.place.naver.com/restaurant/1660460217/review/visitor,6a4f742ddf39a0f5beebcd67,솔직구체리뷰어,3pc4y,https://m.place.naver.com/my/5bcb1ac12cbb6566ba3879f2/review?v=2,4.5,"콜드브루 맛있어요~
+ 미트볼 샌드위치도 따뜻하게 데운거 바로 먹으니 세상 넘나 맛있었어요!☆
갓 데운 빵과 & 맛있는 미트볼의 조합 = ♡입니다☺️
뭔가 라구소스의 맛에다, 좀 고급진 맛의 meatball이었어요.

-화장실 동선은 멀어서 (출구쪽에 위치.) 불편.
-파크 내에 사람 많은 시즌엔 번잡한데, 이 날은 장마시기라 한산해서 편리했습니다",2026-07-09,2026-07-08,10,3,"[""https://pup-review-phinf.pstatic.net/MjAyNjA3MDlfMjg5/MDAxNzgzNTkyMjIxODEz.1tGJ8UpUDrw6MsWIfKZfkTQ9Oqi5dsJgzLdXVySJu7wg.S3rbUJ4-TiCavRt_IMeVOfiI2JPwVrAHcNZvelnEFJwg.JPEG/20260709_191402.jpg?type=w1500_60_sharpen"", ""https://pup-review-phinf.pstatic.net/MjAyNjA3MDlfMTc1/MDAxNzgzNTkyMjE4NTMx.X8T10wopx5Hi75iXgcosgPRQa2ZwHyTPsUfq-VziU0wg.jZBikHVc_K1LbjO7cF5cJoIuXUnJ4ZpnuP2KMEYkhkMg.JPEG/20260708_144417.jpg?type=w1500_60_sharpen"", ""https://pup-review-phinf.pstatic.net/MjAyNjA3MDlfMjQy/MDAxNzgzNTkxOTc3NTM2.zNIDHuf3wEq13rRcKid2D44OREmM-LsN3fq-HMfz2Cwg.Isk_kOJChJ9HyalgDuagHbgiSmTqwJMmaKTPnpHr0qwg.PNG/Capture%2B_2026-07-08-20-25-02_%281%29.png?type=w1500_60_sharpen""]",0,"[""재료가 신선해요""]",,true,2026-09-01T06:28:14+00:00,naver_스타벅스-용인에버랜드점_20260901T055008Z#0
naver,스타벅스 용인에버랜드점,1660460217,https://pcmap.place.naver.com/restaurant/1660460217/review/visitor,6a8100b38589b4fc044b4c8c,온푸냥,3oMOv,https://m.place.naver.com/my/5effae6680dd0fa8cd66d471/review?v=2,0.5,"놀이공원 스타벅스라 틱틱
매우 불친절하네요 전체적으로 직원들이 다요.",2026-08-16,2026-08-01,3,1,"[""https://pup-review-phinf.pstatic.net/MjAyNjA4MTZfMTg1/MDAxNzg2ODM5MjE4NDk2.AAFBZDgSPlHnlAtdgeV4ueYkQB-fDoV3j4Sgv4WXXEkg.kU7jYvYai_sSic-EVsspt3EnGZuy3uTNznzQPx6PzcMg.JPEG/8770C6F1-764D-422E-BF01-86BEC5B58DF0.jpeg?type=w1500_60_sharpen""]",1,,,true,2026-09-01T06:28:14+00:00,naver_스타벅스-용인에버랜드점_20260901T055008Z#1
naver,스타벅스 용인에버랜드점,1660460217,https://pcmap.place.naver.com/restaurant/1660460217/review/visitor,69f6df761d710653b336e7d1,미스터Pooh,VitD,https://m.place.naver.com/my/5eaf6d7f8f87a842bcdbcf64/review?v=2,5.0,"에버랜드에서 커피한잔 하면서 
걷고 줄서느라 힘들었던(?) 몸을
잠시 쉴 수 있는 공간입니다!

키오스크가 직관적으로 잘 되어있어서
주문하기도 편리했고
공간이 넓어서 여유롭게 쉬기 좋았습니다.",2026-05-03,2026-05-03,1,1,"[""https://pup-review-phinf.pstatic.net/MjAyNjA1MDNfMTkz/MDAxNzc3Nzg2NzQxMzI1.GgPcqhSWOCwFj8xyD_-txbRhiEigr4nIgdURtB6uM-Eg.a66oQXRi_xwr1h-XWrnaWPPb_NM8b6nbswAMJC3qkikg.JPEG/1777786672125.jpg.jpg?type=w1500_60_sharpen""]",0,"[""커피가 맛있어요"", ""대화하기 좋아요"", ""매장이 청결해요""]",,true,2026-09-01T06:28:14+00:00,naver_스타벅스-용인에버랜드점_20260901T055008Z#2
naver,스타벅스 용인에버랜드점,1660460217,https://pcmap.place.naver.com/restaurant/1660460217/review/visitor,6a8c3054e921f361631c4dd5,롤케잌쿠,NksG,https://m.place.naver.com/my/5c4f23a5b4f91a60d7221b14/review?v=2,1.0,이렇게 불친절한 스타벅스는 처음..틱틱거리는 건 기본 동네 메가커피가도 안그럽니다. 카드 긁으라고 기싸움하는것도 참..할말을 잃음,2026-08-24,2026-08-20,1,,,0,"[""차분한 분위기예요"", ""뷰가 좋아요"", ""특별한 메뉴가 있어요""]",,true,2026-09-01T06:28:14+00:00,naver_스타벅스-용인에버랜드점_20260901T055008Z#3
naver,스타벅스 용인에버랜드점,1660460217,https://pcmap.place.naver.com/restaurant/1660460217/review/visitor,6a22f2926214006c3794ff19,85수현맘,viKv,https://m.place.naver.com/my/5cb9687976cc23037eb5656a/review?v=2,5.0,"스타벅스
샌드위치 맛있습니다~~",2026-06-06,2026-06-05,1,2,"[""https://pup-review-phinf.pstatic.net/MjAyNjA2MDZfNDEg/MDAxNzgwNjc1MjE2Mjcw.Iwc3sBIqr3OIn7KhNpx8m3ncN-Yj0evoOQpz0XMK58sg.QPqkTFOai1eNQHlzlCnt0EOq2Wbv3gOkcmaXdXKTJAwg.JPEG/20260605_154413.jpg.jpg?type=w1500_60_sharpen"", ""https://pup-review-phinf.pstatic.net/MjAyNjA2MDZfMTc2/MDAxNzgwNjc1MjE2MzIy.a5p0UFv3ONXz17vWU-wUa_Aqhn_MZrGlBinTUo3P4b4g.QzISI4Kf_u14-BadLKIcESRaS008LrW4Ckw7yLmRbzEg.JPEG/20260605_154431%280%29.jpg.jpg?type=w1500_60_sharpen""]",0,"[""커피가 맛있어요"", ""디저트가 맛있어요"", ""음료가 맛있어요"", ""특별한 메뉴가 있어요"", ""가성비가 좋아요""]",,true,2026-09-01T06:28:14+00:00,naver_스타벅스-용인에버랜드점_20260901T055008Z#4
naver,스타벅스 용인에버랜드점,1660460217,https://pcmap.place.naver.com/restaurant/1660460217/review/visitor,6a7aaed92df881f0d6633b35,Y1278,3U4yX,https://m.place.naver.com/my/5efe5c32bf28894a92886612/review?v=2,5.0,직원분들 너무 친절하세요. 음료도 맛있어용✨️,2026-08-11,2026-08-11,56,1,"[""https://pup-review-phinf.pstatic.net/MjAyNjA4MTFfMTgy/MDAxNzg2NDI1MDQ3NzY5.APUdpz9zyMSiX20dmBHhGPZcCqLljb3sw2ht9lRjaq0g.4pk5yketXivV4GaQ5zCbByoggapmtm5BbYYTwqgS4Qsg.JPEG/1000054401.jpg.jpg?type=w1500_60_sharpen""]",0,"[""음료가 맛있어요"", ""친절해요""]",,true,2026-09-01T06:28:14+00:00,naver_스타벅스-용인에버랜드점_20260901T055008Z#5
naver,스타벅스 용인에버랜드점,1660460217,https://pcmap.place.naver.com/restaurant/1660460217/review/visitor,699023f99d039ed19e5614b8,드론세상,9SzYB,https://m.place.naver.com/my/5b73f61dbe47bec7e8463492/review?v=2,,"설 연휴 첫날, 사람들 마음이 다 같은지 에버랜드 입구부터 들뜬 분위기였습니다. 

놀이기구 줄보다 먼저 들른 곳은 역시 스타벅스. 매장은 생각보다 넓고 창가 자리에서 퍼레이드 음악이 은은하게 들려 여행 온 기분이 나더군요. 

시즌 음료 한 잔과 따뜻한 베이커리를 주문했는데, 직원 응대가 연휴임에도 차분하고 친절해 인상적이었습니다. 

가족 단위 손님이 많아 다소 분주했지만 회전이 빨라 오래 기다리진 않았습니다. 커피 맛은 평소와 같아 오히려 안정감이 있었고, 놀이공원 특유의 소란 속에서도 잠깐 쉬어가는 휴식 공간 역할을 제대로 했습니다. 

연휴 첫날의 시작을 무난하게 만들어 준 한 잔이었습니다.",2026-02-14,2026-02-14,1,5,"[""https://pup-review-phinf.pstatic.net/MjAyNjAyMTRfMTI2/MDAxNzcxMDU0MDY4NjI4.4n17c3ts_qmuaq0ggtG_himwlF5DS_pKrjOJX8boEr8g.exliyP0EpkmpWwhLDcxCmVlJAtg9Vu71i2ci812WRK0g.JPEG/1753AD35-1210-4925-91CE-C82B7A7B0EC0.jpeg?type=w1500_60_sharpen"", ""https://pup-review-phinf.pstatic.net/MjAyNjAyMTRfMTE4/MDAxNzcxMDU0MDY5MjU5._lnEM4mIESzIUMuxSU6RmvV9qLKGjpLvYnlqnVtOdRIg.EQh2LHJT-cxWjfHE5n7p8nKbLcGb6qVgNHOHhxjH04Ag.JPEG/27E1871A-30A5-4E5A-90A7-7E1A11EF3E8D.jpeg?type=w1500_60_sharpen"", ""https://pup-review-phinf.pstatic.net/MjAyNjAyMTRfMjc0/MDAxNzcxMDU0MDcwNjQ3.46KbNg9bCdAd5Gy4M23XFqXLiN7HbjMdXVKyFIQLiUEg.xKaMc6ZFSa1FdUuFXM1rRbD4S5g8SMHtkjlh82hVer4g.JPEG/4FE1F698-1F40-45A8-AAC7-0DD83F55A1E2.jpeg?type=w1500_60_sharpen"", ""https://pup-review-phinf.pstatic.net/MjAyNjAyMTRfMjE5/MDAxNzcxMDU0MDY5Njc2.iTbT4X4RgA2nh1hg-EeU2EkKA_Hs1FEKPpO_Q3fBfu4g.9T9EVtiGZwqADKfqoxrAoFecDMGPxVU8KCDvz5iGDO8g.JPEG/0B1B4A87-5122-43CD-BA23-9AD83F5E95C4.jpeg?type=w1500_60_sharpen"", ""https://pup-review-phinf.pstatic.net/MjAyNjAyMTRfMjg2/MDAxNzcxMDU0MDcxMjY4.K3eminu3xeB5JP3yOg_DN0ZO1OViuVMejnNfnPPCLu4g.CLHhGTjTDWdkHJH0uSAyfiLDbkDhbeJ28QhWJZNZs2gg.JPEG/6B58DE56-31A1-44D7-A698-5D7D21BF4613.jpeg?type=w1500_60_sharpen""]",2,"[""디저트가 맛있어요"", ""커피가 맛있어요"", ""음료가 맛있어요"", ""인테리어가 멋져요""]",,true,2026-09-01T06:28:14+00:00,naver_스타벅스-용인에버랜드점_20260901T055008Z#6
naver,스타벅스 용인에버랜드점,1660460217,https://pcmap.place.naver.com/restaurant/1660460217/review/visitor,6a054a1a0f5af748c9dc26e2,경찰27,40sh9,https://m.place.naver.com/my/5da135978f87a842bcc32e7f/review?v=2,3.5,에버랜드 너무더워 아이스아메리카노 마셔요,2026-05-14,2026-05-14,1,2,"[""https://pup-review-phinf.pstatic.net/MjAyNjA1MTRfMTc0/MDAxNzc4NzMxNTQ0OTQ5.oeubgBKMJlUli2xZgxa2lLC311LnQxxf1hXQ7nCoCN8g.CaT1YHuZwbTEa8BWW2OB55Bpw-tJzR0Y4nnCfcJwbIEg.JPEG/20260514_130447.jpg.jpg?type=w1500_60_sharpen"", ""https://pup-review-phinf.pstatic.net/MjAyNjA1MTRfMjUz/MDAxNzc4NzMxNTQ1MTk1.DMxRRfB5_KeXKnKHtMo44RHYieRseamQYNjKm_PEzRcg.h02QwVOZcmItU7b2pI05IjNC8BMBxjx8hBTGHc9fN2Ig.JPEG/20260514_130445.jpg.jpg?type=w1500_60_sharpen""]",0,"[""가성비가 좋아요"", ""커피가 맛있어요""]",,true,2026-09-01T06:28:14+00:00,naver_스타벅스-용인에버랜드점_20260901T055008Z#7
naver,스타벅스 용인에버랜드점,1660460217,https://pcmap.place.naver.com/restaurant/1660460217/review/visitor,69d8de0447be2d7e7775d578,헬리찡,blamL,https://m.place.naver.com/my/5efed350a7f1cdd89fef1456/review?v=2,5.0,"환상의나라 에버랜드 스벅!
판다핫초콜릿 맛있어유🐼🍫",2026-04-10,2026-04-10,1,2,"[""https://pup-review-phinf.pstatic.net/MjAyNjA0MTBfMTEy/MDAxNzc1ODIwMjkwMDYw.G7Ws-cLhIcSkvSp0OfWCF2ymduWnIGPzPRJtaytcIlcg.ghn7h53Yv7czFa2jTTDqDWErwBCAM6_EkEYTlnc8WDsg.JPEG/1E2B66BA-5F72-4850-ABE3-38B52E2174F6.jpeg?type=w1500_60_sharpen"", ""https://pup-review-phinf.pstatic.net/MjAyNjA0MTBfMjIg/MDAxNzc1ODIwMjkwMzk5.r2rSrx2kUpaB5WcEpqhmV1E3zMZMpYigRrXsflXU-Yog.LnvHzPabdcI_xFpdUlNsV9_sHrd2GClrlYen9Tu-4wgg.JPEG/084C5BB5-385B-471B-BF74-B639AC763E9E.jpeg?type=w1500_60_sharpen""]",1,"[""커피가 맛있어요"", ""디저트가 맛있어요"", ""음료가 맛있어요""]",,true,2026-09-01T06:28:14+00:00,naver_스타벅스-용인에버랜드점_20260901T055008Z#8
naver,스타벅스 용인에버랜드점,1660460217,https://pcmap.place.naver.com/restaurant/1660460217/review/visitor,6a8da4e08681ece4d027ac47,Hyeong,Juj7,https://m.place.naver.com/my/5ca8c5df2ee8110fde09e4bd/review?v=2,5.0,넓고 좋아요!,2026-08-25,2026-08-15,1,1,"[""https://pup-review-phinf.pstatic.net/MjAyNjA4MjVfNjAg/MDAxNzg3NjY3Njc5MTU4.2tFa3oiSaaY0ZKB1HhFwrrJP7pNMGxcnQcYfe3ecdOwg.doX0nJDRIhtlpTJwGtqnwHjiLOrPniyLEi-YyN8pe-kg.JPEG/7CD4A46C-E987-4A1E-83C8-FAE89E78B4B6.jpeg""]",0,"[""커피가 맛있어요"", ""뷰가 좋아요""]",,true,2026-09-01T06:28:14+00:00,naver_스타벅스-용인에버랜드점_20260901T055008Z#9
naver,스타벅스 용인에버랜드점,1660460217,https://pcmap.place.naver.com/restaurant/1660460217/review/visitor,6a3e299331e04412c188308c,멋진인생9345,8xlrZ,https://m.place.naver.com/my/5c710c5f8230ce77a1d6e5fd/review?v=2,3.0,,,2026-06-26,1,,,0,"[""커피가 맛있어요""]",,true,2026-09-01T06:28:14+00:00,naver_스타벅스-용인에버랜드점_20260901T055008Z#10
naver,스타벅스 용인에버랜드점,1660460217,https://pcmap.place.naver.com/restaurant/1660460217/review/visitor,6a28ebee6cd092d6892ee78c,내돈내산솔직리뷰중,qoYq,https://m.place.naver.com/my/5e389bd98f87a842bc6e370c/review?v=2,5.0,,,2026-06-10,1,,,0,"[""커피가 맛있어요"", ""음료가 맛있어요""]",,true,2026-09-01T06:28:14+00:00,naver_스타벅스-용인에버랜드점_20260901T055008Z#11
naver,스타벅스 용인에버랜드점,1660460217,https://pcmap.place.naver.com/restaurant/1660460217/review/visitor,6a1bffdcdd2bcc0691ffebb1,밍밍이와,45avo,https://m.place.naver.com/my/5d7a33b38f87a842bc09bb6d/review?v=2,5.0,,,2026-05-30,1,,,0,"[""커피가 맛있어요"", ""디저트가 맛있어요"", ""음료가 맛있어요"", ""인테리어가 멋져요"", ""사진이 잘 나와요""]",,true,2026-09-01T06:28:14+00:00,naver_스타벅스-용인에버랜드점_20260901T055008Z#12
naver,스타벅스 용인에버랜드점,1660460217,https://pcmap.place.naver.com/restaurant/1660460217/review/visitor,6a325d82ec7826f335a4e15e,516kco,3Umgo,https://m.place.naver.com/my/5d9c04298f87a842bcd40754/review?v=2,4.5,,,2026-05-14,1,,,0,"[""커피가 맛있어요""]",,true,2026-09-01T06:28:14+00:00,naver_스타벅스-용인에버랜드점_20260901T055008Z#13
naver,스타벅스 용인에버랜드점,1660460217,https://pcmap.place.naver.com/restaurant/1660460217/review/visitor,6a20e02138af8ddcfdb9f5df,빵사모28,4N7Ih,https://m.place.naver.com/my/5dee22d68f87a842bc4ec54c/review?v=2,3.0,,,2026-06-04,1,,,0,"[""커피가 맛있어요""]",,true,2026-09-01T06:28:14+00:00,naver_스타벅스-용인에버랜드점_20260901T055008Z#14
naver,스타벅스 용인에버랜드점,1660460217,https://pcmap.place.naver.com/restaurant/1660460217/review/visitor,69fda1bfae0b5610aa838a82,아미코짱,35T7o,https://m.place.naver.com/my/5ea4397b8f87a842bc706e7a/review?v=2,5.0,,,2026-04-24,1,,,0,"[""친절해요""]",,true,2026-09-01T06:28:14+00:00,naver_스타벅스-용인에버랜드점_20260901T055008Z#15
naver,스타벅스 용인에버랜드점,1660460217,https://pcmap.place.naver.com/restaurant/1660460217/review/visitor,6a1127cabd67b66dfbd596bb,iam지은,4kiAy,https://m.place.naver.com/my/5dd8871e9ec8258e4acdcab1/review?v=2,4.5,,,2026-05-23,1,,,0,"[""커피가 맛있어요""]",,true,2026-09-01T06:28:14+00:00,naver_스타벅스-용인에버랜드점_20260901T055008Z#16
naver,스타벅스 용인에버랜드점,1660460217,https://pcmap.place.naver.com/restaurant/1660460217/review/visitor,6a2b6936ec7826f33524db8a,아몬드봉봉3637,ujkH,https://m.place.naver.com/my/5db8f1cb8f87a842bcf0c8fb/review?v=2,5.0,,,2026-04-13,1,,,0,"[""커피가 맛있어요"", ""디저트가 맛있어요""]",,true,2026-09-01T06:28:14+00:00,naver_스타벅스-용인에버랜드점_20260901T055008Z#17
naver,스타벅스 용인에버랜드점,1660460217,https://pcmap.place.naver.com/restaurant/1660460217/review/visitor,69afb1d25db444b812c1bf6b,wjs****,4tlyO,https://m.place.naver.com/my/5e91125f8f87a842bcb40b3e/review?v=2,,,,2026-03-10,1,,,0,"[""커피가 맛있어요"", ""인테리어가 멋져요"", ""친절해요""]",,true,2026-09-01T06:28:14+00:00,naver_스타벅스-용인에버랜드점_20260901T055008Z#18
naver,스타벅스 용인에버랜드점,1660460217,https://pcmap.place.naver.com/restaurant/1660460217/review/visitor,69e0ffb0bbeda7b91e5db764,Mm8282,6Jqp3,https://m.place.naver.com/my/5ec7300a8f87a842bc01f7fd/review?v=2,4.5,,,2026-04-13,1,,,0,"[""커피가 맛있어요""]",,true,2026-09-01T06:28:14+00:00,naver_스타벅스-용인에버랜드점_20260901T055008Z#19
naver,스타벅스 용인에버랜드점,1660460217,https://pcmap.place.naver.com/restaurant/1660460217/review/visitor,6a3c9b5b0c52d6cfebcd5038,감ㅈr도리,jEHG,https://m.place.naver.com/my/5ecf75c78f87a842bcab6c08/review?v=2,5.0,☕,2026-06-25,2026-06-23,1,2,"[""https://pup-review-phinf.pstatic.net/MjAyNjA2MjVfNjMg/MDAxNzgyMzU2ODI1NzQ4.OuXvghMlwzcmImHeQlAo4LP-iTL2YGgy2b07vVHYAlAg.kR390acne3NHTN1kpVj94l2QYFiHpAkOjc3Wd45m-qog.JPEG/20906.jpg.jpg?type=w1500_60_sharpen"", ""https://pup-review-phinf.pstatic.net/MjAyNjA2MjVfOTEg/MDAxNzgyMzU2ODI1ODA4.tJH1UrRcd-xEeBUdnImzKQdd2pm_sLE-juRpXFYSDaAg.dNNKbtTHJP8eibcNog2KtKNpxjg6lVcT7SAb0VpcKBQg.JPEG/20905.jpg.jpg?type=w1500_60_sharpen""]",0,"[""주차하기 편해요""]",,true,2026-09-01T06:28:14+00:00,naver_스타벅스-용인에버랜드점_20260901T055008Z#20
naver,스타벅스 용인에버랜드점,1660460217,https://pcmap.place.naver.com/restaurant/1660460217/review/visitor,6a361d3e0ad3a91c95dc0fbf,봉돌이w,2XpyW,https://m.place.naver.com/my/5e3aa55a8f87a842bc9d9656/review?v=2,5.0,좋아요,2026-06-20,2026-06-20,1,1,"[""https://pup-review-phinf.pstatic.net/MjAyNjA2MjBfNDcg/MDAxNzgxOTMxMzI1NDI2.h-MFcktJkx84mAiceac8quV17ov0jZDlw1WnIwd3pZQg.y-gntKjNEmt81qaH2MF7yh9z4BOh7dzL_i3VNCo1bKgg.JPEG/20260620_101719.jpg.jpg?type=w1500_60_sharpen""]",0,"[""커피가 맛있어요"", ""특별한 메뉴가 있어요"", ""인테리어가 멋져요"", ""친절해요"", ""매장이 청결해요""]",,true,2026-09-01T06:28:14+00:00,naver_스타벅스-용인에버랜드점_20260901T055008Z#21
naver,스타벅스 용인에버랜드점,1660460217,https://pcmap.place.naver.com/restaurant/1660460217/review/visitor,6a216c47e2b452c7ed69424a,shi****,3jr5l,https://m.place.naver.com/my/5dd092028f87a842bcc80ddb/review?v=2,5.0,감사합니다.,2026-06-04,2026-06-04,1,,,0,"[""커피가 맛있어요"", ""디저트가 맛있어요"", ""음료가 맛있어요""]",,true,2026-09-01T06:28:14+00:00,naver_스타벅스-용인에버랜드점_20260901T055008Z#22
naver,스타벅스 용인에버랜드점,1660460217,https://pcmap.place.naver.com/restaurant/1660460217/review/visitor,6a1ea742b1f0dfc1c1c7e977,pl****,2Bsj0,https://m.place.naver.com/my/61456c50edc82600063a64f5/review?v=2,4.5,,2026-06-02,2026-06-02,1,1,"[""https://pup-review-phinf.pstatic.net/MjAyNjA2MDJfNTEg/MDAxNzgwMzkzNzkyOTEz.c2SePQbRgKYGRIWmidJ2upxTuonGMda1vnkF4BE2JS4g.DZdc-g863raddOZCp3g_mP-71Rxa-3G3mwU_kXWr0Bcg.JPEG/20260602_184839.jpg.jpg?type=w1500_60_sharpen""]",0,"[""커피가 맛있어요"", ""디저트가 맛있어요"", ""음료가 맛있어요"", ""매장이 청결해요""]",,true,2026-09-01T06:28:14+00:00,naver_스타벅스-용인에버랜드점_20260901T055008Z#23
naver,스타벅스 용인에버랜드점,1660460217,https://pcmap.place.naver.com/restaurant/1660460217/review/visitor,6a213b1e1b82e2b724a33a71,국산더덕29,4uBb1,https://m.place.naver.com/my/5eff985ba1b6a107c6e338c1/review?v=2,5.0,,,2026-06-04,1,,,0,"[""커피가 맛있어요"", ""음료가 맛있어요"", ""인테리어가 멋져요"", ""사진이 잘 나와요""]",,true,2026-09-01T06:28:14+00:00,naver_스타벅스-용인에버랜드점_20260901T055008Z#24
naver,커피빈 용인에버랜드점,1131675496,https://pcmap.place.naver.com/restaurant/1131675496/review/visitor,6a30d096a54e172ff7f097b2,fri****,28v9F,https://m.place.naver.com/my/5c1e106e75d06c528a3acc07/review?v=2,5.0,에버랜드 안에 쉬기 좋은 커피빈입니다! 메뉴가 다양하고 매장이 청결하게 관리되고 있어요! 좌석이 넓어서 단체도 가능입니다!,2026-06-16,2026-06-12,1,7,"[""https://pup-review-phinf.pstatic.net/MjAyNjA2MTZfMzkg/MDAxNzgxNTg0MDE5MzAy.dEhig_vEEYMrCdQAsgzgATueAJIjY4y2fS3sUAhBw-4g.dTdfnBuWFmLNtox4DLJScKbgV0MtiHFc1cumF1-Lglkg.JPEG/20260612_122506.jpg.jpg?type=w1500_60_sharpen"", ""https://pup-review-phinf.pstatic.net/MjAyNjA2MTZfMjgz/MDAxNzgxNTg0MDE5MTU0.NZBVwcojHet2o7XkLYppnhriWqT-BvLLxaNbmNqr2NEg.ZKi-sUtkcpTm6eGZ5T_uBdBY1nb5yTWNXrIsXPf21dog.JPEG/20260612_120945.jpg.jpg?type=w1500_60_sharpen"", ""https://pup-review-phinf.pstatic.net/MjAyNjA2MTZfMjM3/MDAxNzgxNTg0MDE5MzU4.9bITjREHdWyYFcHIvpfYiM-uDIgLsnu10l20H80VoVEg.fB9-Rubo7WXyE2Ctj8YF5IqS3ZnLnAgj_H4ucGy9I7Ig.JPEG/20260612_121849.jpg.jpg?type=w1500_60_sharpen"", ""https://pup-review-phinf.pstatic.net/MjAyNjA2MTZfMjQw/MDAxNzgxNTg0MDE5Mjg4.GDwpz6iI7OyBGIrvvxGYImS3EcOJXnDpqqkQLFTZxlYg.Gg3AXIm6NKNMUQLDBt4b_93Ym0Nrn0xXTLh0Lomq7DQg.JPEG/20260612_121846.jpg.jpg?type=w1500_60_sharpen"", ""https://pup-review-phinf.pstatic.net/MjAyNjA2MTZfNTcg/MDAxNzgxNTg0MDE5MjU5.r_gS0Iw6cXfJuw-g2mp0c3xATd9O6iejLlcAlJjECf4g.dXdTQkWW_JtS4Euz16agqi1ycq9ThE79_uhF-pZcnhUg.JPEG/20260612_120938.jpg.jpg?type=w1500_60_sharpen"", ""https://pup-review-phinf.pstatic.net/MjAyNjA2MTZfNTkg/MDAxNzgxNTg0MDIwNTY5.Hewaaws27XXW1RTo34Lc507adu5UNhTtk61khuBCevYg.cpUQSaInLHCh3dZX98LfXTWQEe5Qj_CfqK6rW2OuMP8g.JPEG/20260612_120940.jpg.jpg?type=w1500_60_sharpen"", ""https://pup-review-phinf.pstatic.net/MjAyNjA2MTZfMTYz/MDAxNzgxNTg0MDIwODYz.3RJeDVi2-0FzzwxmgriH1DzaDI2JQWS7t31LNpoNd00g.US-hZLN_eVhb7o7SIixGWY2OIBkQ5O_tC4TEl0AEVuIg.JPEG/20260612_121843.jpg.jpg?type=w1500_60_sharpen""]",0,"[""커피가 맛있어요"", ""디저트가 맛있어요"", ""음료가 맛있어요""]",,true,2026-09-01T06:30:01+00:00,naver_커피빈-용인에버랜드점_20260901T055008Z#0
naver,커피빈 용인에버랜드점,1131675496,https://pcmap.place.naver.com/restaurant/1131675496/review/visitor,6a6aee05c92a919bc8a56967,프라이머99,2astj,https://m.place.naver.com/my/5c209be838c23ec76ee1c3b0/review?v=2,4.0,아이스 아메리카노 먹으면서 더위를 잠시 식히기에 넘 좋았어요.게다가 한적하고 조용해서 살짝 쉬어가기 좋은 장소예요.,2026-07-30,2026-07-13,1,4,"[""https://pup-review-phinf.pstatic.net/MjAyNjA3MzBfMTI0/MDAxNzg1MzkyNTY0NzMy.yk3IswTlspQDWrzshASYflbiaG226xkdqmaHQT2j7xog.eeiuOTQf1K2BNwRxwTvL2NcCFuzi-QqZrDYB1DDjw1Eg.JPEG/IMG_7288.jpeg?type=w1500_60_sharpen"", ""https://pup-review-phinf.pstatic.net/MjAyNjA3MzBfMTA2/MDAxNzg1MzkyNTY0NDk0.hZp0DPk3a4QZQi3UOcNh_KaGrytyXLbK2ebMso_ailEg.U2SPRRNp2zDLnwJ-_FI1Xd2Z9bI2-QMCNTwmoJTjDfIg.JPEG/IMG_7289.jpeg?type=w1500_60_sharpen"", ""https://pup-review-phinf.pstatic.net/MjAyNjA3MzBfNDMg/MDAxNzg1MzkyNTY0NzE3.eCfobu1lOgwl3lfkppOLk7mXE_FUglzLo7pCc1_Wn2Qg.aXlh8QbJ-LGHKjACqhPrN2uirQp1wzA7ohuO3h2vwDcg.JPEG/IMG_7290.jpeg?type=w1500_60_sharpen"", ""https://pup-review-phinf.pstatic.net/MjAyNjA3MzBfNzcg/MDAxNzg1MzkyNTY0ODMx.AWfv-i2aPHH1kVSdk2HD5DqArL2sjXgg_0mdMEgHwVQg.Q9eAB_VgCDqFHFQamKj5sNnZFQr-1D_5oEuKtGFCdFEg.JPEG/IMG_7291.jpeg?type=w1500_60_sharpen""]",1,"[""인테리어가 멋져요"", ""매장이 청결해요"", ""오래 머무르기 좋아요""]",,true,2026-09-01T06:30:01+00:00,naver_커피빈-용인에버랜드점_20260901T055008Z#1
naver,커피빈 용인에버랜드점,1131675496,https://pcmap.place.naver.com/restaurant/1131675496/review/visitor,6a82dcdf057c7e8ac172f816,소솜하다,bSzl2,https://m.place.naver.com/my/63f603c61438fc3a9cb83b65/review?v=2,5.0,충전도 가능하고 엄청 넓어서 만족스러워요.,2026-08-17,2026-08-17,1,1,"[""https://pup-review-phinf.pstatic.net/MjAyNjA4MTdfNzUg/MDAxNzg2OTYxMTE3OTA1.k1OwgXlC41JEg4rbmVySVJr1ihL-lXIWmvhrtK2zV6Ug.zx2RA_75sBSYyr-AS-SU-zCAVtSFv_XqGX-VHor-0SMg.JPEG/20260817_113425.jpg.jpg?type=w1500_60_sharpen""]",0,"[""커피가 맛있어요"", ""디저트가 맛있어요""]",,true,2026-09-01T06:30:01+00:00,naver_커피빈-용인에버랜드점_20260901T055008Z#2
naver,커피빈 용인에버랜드점,1131675496,https://pcmap.place.naver.com/restaurant/1131675496/review/visitor,69db728d024667e4b5994e13,솔직구체리뷰어,3pc4y,https://m.place.naver.com/my/5bcb1ac12cbb6566ba3879f2/review?v=2,4.5,"🙁 에버랜드는 10시까진데 여긴 9시까지 영업.
🙁 에버랜드 솜 적립 / 사용 X.
🙁 아이스크림은 5시까지 주문 가능하다네요 ; 왜 이런 제한을 해두는지...

🙂 정원이 보이는 뷰라, 낮에 자연광일때 오면 더 보기좋아요. 
🙂 소파석도 있고, 콘센트 있는 자리들도 벽쪽에 꽤 있어서
놀다 중간에 쉼터로도, 충전하는 공간으로도 좋아요

-아마타임 쥬스(4,800원)는 생각보다 신선한 과즙의 느낌은 아니예요",2026-04-12,2026-04-12,5,3,"[""https://pup-review-phinf.pstatic.net/MjAyNjA0MTJfMjIy/MDAxNzc1OTg5OTMwNTA1.inrPQ5ug7R75YYXyUq4NnDN6vUh-DS0iYC8qr9mbrCcg.48WCXXjFe1wo8RO6dE1nhZkVDCPp1NnMoSx3FMtjypcg.JPEG/20260412_184442.jpg?type=w1500_60_sharpen"", ""https://pup-review-phinf.pstatic.net/MjAyNjA0MTJfMjA0/MDAxNzc1OTg5ODMzMTI2.Z32DCLw7nh0DFBIwzD442rZfaS7CSTq1lIeQ-4XYy70g.DmDgTb6CwpemKIueVjlYumVCjrZyCI-Tv3-C52fXeEkg.JPEG/20260412_192930.jpg?type=w1500_60_sharpen"", ""https://pup-review-phinf.pstatic.net/MjAyNjA0MTJfNjYg/MDAxNzc1OTg5NDYwNzE1.s5y6mv_-X2O9XXdZfYVonRvxcNEMgPuJUKotyFvUIEIg.3uAmCZbujIkliH1HvoIbfkV_9Cx1AdOZWfpdvpSNlogg.JPEG/20260412_183926.jpg?type=w1500_60_sharpen""]",1,"[""매장이 넓어요""]",,true,2026-09-01T06:30:01+00:00,naver_커피빈-용인에버랜드점_20260901T055008Z#3
naver,커피빈 용인에버랜드점,1131675496,https://pcmap.place.naver.com/restaurant/1131675496/review/visitor,6a6dc88861ef55bc25509e72,씰룽씰룽,8P3TE,https://m.place.naver.com/my/5f05930ab2804547b1888474/review?v=2,5.0,"라떼가 좀 많이 맹맹했어요.
하지만 실내는 시원하고 편하게 쉴 수 있어요.",2026-08-01,2026-07-28,2,,,0,"[""매장이 넓어요"", ""야외공간이 멋져요"", ""좌석이 편해요""]",,true,2026-09-01T06:30:01+00:00,naver_커피빈-용인에버랜드점_20260901T055008Z#4
naver,커피빈 용인에버랜드점,1131675496,https://pcmap.place.naver.com/restaurant/1131675496/review/visitor,6a59c2307167a9bdf41da1aa,리썬e,2AwJ4,https://m.place.naver.com/my/5e6bb20d8f87a842bce75890/review?v=2,4.0,시원해서 좋아요~,2026-07-17,2026-07-17,2,1,"[""https://pup-review-phinf.pstatic.net/MjAyNjA3MTdfMjEg/MDAxNzg0MjY3MzAyNzYw.bBBmy8fsyKJlhtc4VDLRkYvWCxsLOkQcY3amnu5--wQg.3y-V320vW-zL1AYxbiJtN9nnV3hThYdapdUSiMi4Yz8g.JPEG/20260717_144815.jpg?type=w1500_60_sharpen""]",0,"[""커피가 맛있어요"", ""디저트가 맛있어요"", ""음료가 맛있어요"", ""특별한 메뉴가 있어요"", ""가성비가 좋아요""]",,true,2026-09-01T06:30:01+00:00,naver_커피빈-용인에버랜드점_20260901T055008Z#5
naver,커피빈 용인에버랜드점,1131675496,https://pcmap.place.naver.com/restaurant/1131675496/review/visitor,6a5b2a1c18818ff252e16c92,하쿠나마타타3520,2Jj8k,https://m.place.naver.com/my/5b630876abd23862ef2a6628/review?v=2,4.0,쏘쏘 합니다. 흔히 기대하는 만큼의 커피빈,2026-07-18,2026-07-17,1,,,0,"[""뷰가 좋아요"", ""매장이 청결해요""]",,true,2026-09-01T06:30:01+00:00,naver_커피빈-용인에버랜드점_20260901T055008Z#6
naver,커피빈 용인에버랜드점,1131675496,https://pcmap.place.naver.com/restaurant/1131675496/review/visitor,69f86fde38042e6f63c4f0b5,Rosemary93,4T7J8,https://m.place.naver.com/my/5be5f048d7efaaea834a1ba1/review?v=2,5.0,"에버랜드 돌아다니다가 잠깐 음료 마시며 쉬기 좋아요.
커피 맛있어요.손님은 많았지만 음료  빠르게 나와서
대기 시간 많이 길지않았어요",2026-05-04,2026-05-04,1,1,"[""https://pup-review-phinf.pstatic.net/MjAyNjA1MDRfMzgg/MDAxNzc3ODg5MjQ0Mzg0.35xWvF1kULYnZd4gztgwfE2mz9CXcO6EJb3-_2dDh-Yg._hpRywR0EoGBbCwHjTI1PA-2ROF0yW3mDNU7vd5dLQQg.JPEG/20260504_190601.jpg.jpg?type=w1500_60_sharpen""]",0,"[""커피가 맛있어요"", ""디저트가 맛있어요"", ""음료가 맛있어요""]",,true,2026-09-01T06:30:01+00:00,naver_커피빈-용인에버랜드점_20260901T055008Z#7
naver,커피빈 용인에버랜드점,1131675496,https://pcmap.place.naver.com/restaurant/1131675496/review/visitor,6a1c09f04865f0d7fb86257d,FAM90,3yfWP,https://m.place.naver.com/my/5efed0d91c9b02e1ea3becf0/review?v=2,5.0,에버랜드에 오면 중간에 반드시 들려줘야 하는 커피 맛집입니다. 자리찾기가 정말 힘들지만 일단 찾아서 앉아서 달달한 커피한잔하면 다시 재정비 할수 있습니다.,2026-05-31,2026-04-25,2,1,"[""https://pup-review-phinf.pstatic.net/MjAyNjA1MzFfMjMy/MDAxNzgwMjIyNDQ3MDY3.2twNNITVEkREfRyOnWd2ZnSmOFgP5OEBOOI7gobfphMg.8JhyfpLh0x_JzjNRb7IKoTd9kUZW3eVwY4bH_bHYgxsg.JPEG/20260425_143706.jpg.jpg?type=w1500_60_sharpen""]",1,"[""커피가 맛있어요"", ""가성비가 좋아요"", ""대화하기 좋아요"", ""친절해요""]",,true,2026-09-01T06:30:01+00:00,naver_커피빈-용인에버랜드점_20260901T055008Z#8
naver,커피빈 용인에버랜드점,1131675496,https://pcmap.place.naver.com/restaurant/1131675496/review/visitor,6923dd6c887fecac25905f4b,띠두킹,2c0xn3,https://m.place.naver.com/my/64a2a6e7ee211f0006ef7156/review?v=2,,달달한 커피 땡겨서 커피빈 방문했어요! >_< 야외 좌석이 정말 잘 되어 있었고 내부도 완전 넓었습니다. ㅎㅎ 손님은 많았지만 음료 대기시간은 길지 않았고 직원 선생님들이 친절하셔서 좋았어요. 테이크아웃 주문하니 리유저블 컵에 주시더라고요! 다 먹고 잘 헹궈서 집에 가져왔습니다. ㅎㅎㅎ 저희는 요즘 대세인 말차가 들어간 헤이즐넛 말차라떼와 아이스 바닐라라떼 주문했는데 역시 커피빈의 달달 음료들은 언제 먹어도 맛있습니다! >_<,2025-11-24,2025-10-31,1,16,"[""https://pup-review-phinf.pstatic.net/MjAyNTExMjRfMjcx/MDAxNzYzOTU4MTE5NzY2.wApN4BBOdaZ88AxD2sWOD1mK1lwMOdYBB0B3AVLq73Yg.Wmh1GBRDgQoLaZFeOxZk-Ek95euV9wVwZHyQ3LRpsIMg.JPEG/A8E7DD37-013A-4B03-B9B2-2C59B764485C.jpeg?type=w1500_60_sharpen"", ""https://pup-review-phinf.pstatic.net/MjAyNTExMjRfNTAg/MDAxNzYzOTU4MTE5NjM1.m7IIeiHwuOWsIDTQS0S2S619jqSgiPEBqLE8C8MFsZwg.-uHms0G7eMlYjGSq7cZHeA8vCCaAekYeFL5MucKvsskg.JPEG/653E4238-BDB8-4765-8086-39714CB39462.jpeg?type=w1500_60_sharpen"", ""https://pup-review-phinf.pstatic.net/MjAyNTExMjRfMjIz/MDAxNzYzOTU4MTE5Nzk1.uoTiTHxu6NTwlpz_sp_ORWPm7l-DOPUcx4aug3bt634g.fTpcMqBQNKOgN0mF_KWEDg2sxmKdYGjW3eqOGaZBXhMg.JPEG/212C2793-4435-4C0A-940F-223891A50BAF.jpeg?type=w1500_60_sharpen"", ""https://pup-review-phinf.pstatic.net/MjAyNTExMjRfMTAy/MDAxNzYzOTU4MTE5Mjg5.XHP01SUipCyW81mktQ0Hd42WjX-o13Jvl_O57mZn1Vkg.x8YMpTvp8Czeflgv6883iZGmlulE4d8e1rODfT6cpAIg.JPEG/50E28B20-3517-413D-A4C5-52C411575996.jpeg?type=w1500_60_sharpen"", ""https://pup-review-phinf.pstatic.net/MjAyNTExMjRfMTY0/MDAxNzYzOTU4MTE5MzM3.AUDwwQ1Q-p3HIdo4so7CstJTI8axNU9xINTVYObDvX0g.-s5QHHfPbDZRJmKBMBNDsjTl97Y-qEeszbHoWfeLtl8g.JPEG/047513EA-8650-4414-9770-E8D85A77FDB4.jpeg?type=w1500_60_sharpen"", ""https://pup-review-phinf.pstatic.net/MjAyNTExMjRfNzcg/MDAxNzYzOTU4MTIwNDMx._48qJF4QlFt3R63N_vz9UiFZxWXWa1i4wXL_B4YGoNAg.csh_vjWfAUyrUNAtIHt3AP_vsdjfDD_fzy6bJqxojIkg.JPEG/27F20348-B10B-41B1-9420-7F921B232208.jpeg?type=w1500_60_sharpen"", ""https://pup-review-phinf.pstatic.net/MjAyNTExMjRfMTYx/MDAxNzYzOTU4MTIwMzQ3.12cxiDYPzMbZ7axLSj9OlNG0seyCWufdUmcxQFTC92Mg.v37-1bCEgj_F_L5e-nLB2te70Spt0AGk8n209Gtpj4Mg.JPEG/E8619884-C20B-4843-BF45-ED9A3457B254.jpeg?type=w1500_60_sharpen"", ""https://pup-review-phinf.pstatic.net/MjAyNTExMjRfMTg4/MDAxNzYzOTU4MTIwOTgw.JS7z9C5PIy3NPhlZpbfIqMdVUPRtiut4GRj2NZ79Emcg.WOnxYJledfANHArxYSH8lxamYUAYGB4dxfsr10hmb4Mg.JPEG/99FE34F8-740B-4D8E-9D73-C927F8643BC0.jpeg?type=w1500_60_sharpen"", ""https://pup-review-phinf.pstatic.net/MjAyNTExMjRfMTQ4/MDAxNzYzOTU4MTIxMDM0.g_Sgt_aKuYp9NDN7W4BXwoLe7w9sC2xjXvsPCN5D8QIg.zGsEdz8CHZHlzDUqCtkDUTuk2nkhOhFQSNG7Y9LSbZEg.JPEG/6918346C-F9E0-4EE3-B08F-5CD4B09A07F7.jpeg?type=w1500_60_sharpen"", ""https://pup-review-phinf.pstatic.net/MjAyNTExMjRfMjYg/MDAxNzYzOTU4MTIxMjUw.SM7CCPbqgY9-m78DrVKKdG4F9SnFAPIyeTTbtcsViQIg.KbuQRirOLl8eHyRAwHxANc9aaRRVktyekzqTeKGtlxsg.JPEG/5C39559E-E1E5-415A-911C-96459538966F.jpeg?type=w1500_60_sharpen"", ""https://pup-review-phinf.pstatic.net/MjAyNTExMjRfMTg4/MDAxNzYzOTU4MTIxMzQz.gpmwp6aFL7bk_4RmwM1jeCtm3Gxyp-QRrTBpZiVPG8Qg.L7UPSsnr0uQrhKM72UmVfrMSlo9YVytBKR_6UVbG0jIg.JPEG/F5C87B94-62EC-4369-8ECE-4DA6FAC0ECCB.jpeg?type=w1500_60_sharpen"", ""https://pup-review-phinf.pstatic.net/MjAyNTExMjRfMjc0/MDAxNzYzOTU4MTIxNTAy.FSQv4EtMmsQjUg6wJnNCqPSEHtmvq_7IEqOWNteBjLAg.9H9Yy_Q3l0j94l3Dkj7OJnmoQ4D466kg-e6dL6s4SJ8g.JPEG/376CAB99-F333-4238-AA45-EA0079BC6CAD.jpeg?type=w1500_60_sharpen"", ""https://pup-review-phinf.pstatic.net/MjAyNTExMjRfMjMg/MDAxNzYzOTU4MTIyMTg5.ExEqWclY4TkRYRYcYBFw-couraXP7jr6dfx11ot1RW0g.iZ2kszwEJPTSQE5Tc0rdCp0rR_sZcbgNMqmtDa0Q-2Ug.JPEG/85934423-FC61-472E-B618-EBBA878755C5.jpeg?type=w1500_60_sharpen"", ""https://pup-review-phinf.pstatic.net/MjAyNTExMjRfMjc3/MDAxNzYzOTU4MTIyMzI3.sXDwQqEk2TvdnNih36SRlNAJ6eKJQ11DEefqkQT71Eog.TUb_C1HPTPXMmQawVS0lVM_ZZOkZlkTRLComAbORHUwg.JPEG/6E694947-46EC-465E-8758-59032D46D4E9.jpeg?type=w1500_60_sharpen"", ""https://pup-review-phinf.pstatic.net/MjAyNTExMjRfMTMg/MDAxNzYzOTU4MTIyNDgz.nP3BSQXVbSuvFDLLWzEii2G3j74luRg3fuRcXMSAsYUg.jQX8TQCO3jWJEymQ-6MzKX3Ss3kohZURp7mq3rsqKuwg.JPEG/CC73735D-F512-4EFE-A5C9-3999675AB6E8.jpeg?type=w1500_60_sharpen"", ""https://pup-review-phinf.pstatic.net/MjAyNTExMjRfMjkz/MDAxNzYzOTU4MTIyNjA2.tksLAoXBZAwU-m5voQKAKVO3j-CPeDLI5C0m_KbgFFog.w3AnoBtzNNKF-WPJkr3aWmHXCb5nIZUkFeHX93R2gZMg.JPEG/75EC101E-DD4C-4292-B1A7-DE5A049EBDA9.jpeg?type=w1500_60_sharpen""]",0,"[""커피가 맛있어요"", ""음료가 맛있어요"", ""인테리어가 멋져요"", ""매장이 넓어요"", ""친절해요""]",,true,2026-09-01T06:30:01+00:00,naver_커피빈-용인에버랜드점_20260901T055008Z#9
naver,커피빈 용인에버랜드점,1131675496,https://pcmap.place.naver.com/restaurant/1131675496/review/visitor,6a81e5ad042447bcc984897f,1004wsj,TFRs,https://m.place.naver.com/my/5b728e082d61e0058a0fafb2/review?v=2,4.0,,,2026-08-15,2,,,0,"[""커피가 맛있어요""]",,true,2026-09-01T06:30:01+00:00,naver_커피빈-용인에버랜드점_20260901T055008Z#10
naver,커피빈 용인에버랜드점,1131675496,https://pcmap.place.naver.com/restaurant/1131675496/review/visitor,6a75ba96fbf6f62deadb7b5d,sunday,29jb5,https://m.place.naver.com/my/5bb58a15587f8acef2df0eae/review?v=2,5.0,,,2026-08-06,1,,,0,"[""커피가 맛있어요"", ""음료가 맛있어요""]",,true,2026-09-01T06:30:01+00:00,naver_커피빈-용인에버랜드점_20260901T055008Z#11
naver,커피빈 용인에버랜드점,1131675496,https://pcmap.place.naver.com/restaurant/1131675496/review/visitor,6a6be439e2481117121dff38,꼬미8916,6ia43,https://m.place.naver.com/my/5da001d18f87a842bc9b85bc/review?v=2,5.0,,,2026-07-29,1,,,0,"[""커피가 맛있어요"", ""디저트가 맛있어요""]",,true,2026-09-01T06:30:01+00:00,naver_커피빈-용인에버랜드점_20260901T055008Z#12
naver,커피빈 용인에버랜드점,1131675496,https://pcmap.place.naver.com/restaurant/1131675496/review/visitor,6a1066aecfb6a64b06354ad0,바다하늘바라기,2f8VI,https://m.place.naver.com/my/5e817aeb8f87a842bc4dc901/review?v=2,5.0,,,2026-05-22,1,,,0,"[""커피가 맛있어요""]",,true,2026-09-01T06:30:01+00:00,naver_커피빈-용인에버랜드점_20260901T055008Z#13
naver,커피빈 용인에버랜드점,1131675496,https://pcmap.place.naver.com/restaurant/1131675496/review/visitor,69f6e1b1ed6045668515351a,kh3,Dor2,https://m.place.naver.com/my/5c0d22bf6dce7c2235d2c365/review?v=2,3.0,,,2026-05-03,1,,,0,"[""커피가 맛있어요""]",,true,2026-09-01T06:30:01+00:00,naver_커피빈-용인에버랜드점_20260901T055008Z#14
naver,커피빈 용인에버랜드점,1131675496,https://pcmap.place.naver.com/restaurant/1131675496/review/visitor,69cfcd5daf815404d386b754,oma****,zKQc,https://m.place.naver.com/my/5be796affb5f89f1611f3232/review?v=2,,,,2026-03-27,1,,,0,"[""음료가 맛있어요"", ""가성비가 좋아요""]",,true,2026-09-01T06:30:01+00:00,naver_커피빈-용인에버랜드점_20260901T055008Z#15
naver,커피빈 용인에버랜드점,1131675496,https://pcmap.place.naver.com/restaurant/1131675496/review/visitor,692a9b39ba376c9c834833bc,케이리28,DyOt,https://m.place.naver.com/my/5df47b278f87a842bcb76c72/review?v=2,,,,2025-11-29,1,,,0,"[""커피가 맛있어요""]",,true,2026-09-01T06:30:01+00:00,naver_커피빈-용인에버랜드점_20260901T055008Z#16
naver,커피빈 용인에버랜드점,1131675496,https://pcmap.place.naver.com/restaurant/1131675496/review/visitor,694f3fe4d7d2901f79567da8,mommysy19,3rNXG,https://m.place.naver.com/my/60531ae6f373657539550bc6/review?v=2,,,,2025-12-27,1,,,0,"[""커피가 맛있어요""]",,true,2026-09-01T06:30:01+00:00,naver_커피빈-용인에버랜드점_20260901T055008Z#17
naver,커피빈 용인에버랜드점,1131675496,https://pcmap.place.naver.com/restaurant/1131675496/review/visitor,68e24be9975b14f9603ecca8,Deneck,711Sb,https://m.place.naver.com/my/5c6e94babaef604852155d98/review?v=2,,,,2025-10-04,2,,,0,"[""커피가 맛있어요"", ""인테리어가 멋져요"", ""대화하기 좋아요""]",,true,2026-09-01T06:30:01+00:00,naver_커피빈-용인에버랜드점_20260901T055008Z#18
naver,커피빈 용인에버랜드점,1131675496,https://pcmap.place.naver.com/restaurant/1131675496/review/visitor,68ef793a091f7ede6ff6fd97,벤티샷추가아아,4e4zJ,https://m.place.naver.com/my/5ba6f2c45ee62e89ee7e29bd/review?v=2,,,,2025-09-27,1,,,0,"[""커피가 맛있어요"", ""디저트가 맛있어요"", ""음료가 맛있어요"", ""가성비가 좋아요"", ""특별한 메뉴가 있어요""]",,true,2026-09-01T06:30:01+00:00,naver_커피빈-용인에버랜드점_20260901T055008Z#19
naver,커피빈 용인에버랜드점,1131675496,https://pcmap.place.naver.com/restaurant/1131675496/review/visitor,6a81b78ddc8ffec78ca889b0,ejjjj,2hP8W,https://m.place.naver.com/my/5c00f26a23c5ba8c148ccc23/review?v=2,5.0,굿,2026-08-16,2026-08-16,3,,,0,"[""커피가 맛있어요""]",,true,2026-09-01T06:30:01+00:00,naver_커피빈-용인에버랜드점_20260901T055008Z#20
naver,커피빈 용인에버랜드점,1131675496,https://pcmap.place.naver.com/restaurant/1131675496/review/visitor,6a6cb1dd94deef29c1a163de,깍뀽,78BX1,https://m.place.naver.com/my/5eff15eb1c9b02e1ea3c5ef3/review?v=2,5.0,커피빈 아이스라떼 💜,2026-07-31,2026-07-31,1,1,"[""https://pup-review-phinf.pstatic.net/MjAyNjA3MzFfMjQ3/MDAxNzg1NTA4MzE2MzMy.5vY8Wr4LwFGX10doJQBf9hu0UiwrPY26fHWFAtKcnzYg.QdQip2R-J82L7dLorS9ANYZWVazFtA0YzU4LOHWZdOIg.JPEG/20260731_133203.jpg.jpg?type=w1500_60_sharpen""]",0,"[""커피가 맛있어요"", ""매장이 청결해요"", ""매장이 넓어요""]",,true,2026-09-01T06:30:01+00:00,naver_커피빈-용인에버랜드점_20260901T055008Z#21
naver,커피빈 용인에버랜드점,1131675496,https://pcmap.place.naver.com/restaurant/1131675496/review/visitor,6a3f1ec237abdbfc4ba7c2e0,스카디58,1MXpz,https://m.place.naver.com/my/5c0a980d466a61ac16845038/review?v=2,5.0,,2026-06-27,2026-05-28,1,1,"[""https://pup-review-phinf.pstatic.net/MjAyNjA2MjdfNjUg/MDAxNzgyNTIxNTM3NTg5.lmJq9JhvOOBIE-nb6m48fBTDNwuN5n85FKUJLRmxOnwg.D8WWPjG-oOFKSrMgAj1PLO5hT_4qcYNzz_cEZQIEqFIg.JPEG/E2A75B18-4E6C-4784-9774-043AD12D82C5.jpeg?type=w1500_60_sharpen""]",0,"[""커피가 맛있어요"", ""디저트가 맛있어요"", ""음료가 맛있어요"", ""뷰가 좋아요"", ""사진이 잘 나와요""]",,true,2026-09-01T06:30:01+00:00,naver_커피빈-용인에버랜드점_20260901T055008Z#22
naver,커피빈 용인에버랜드점,1131675496,https://pcmap.place.naver.com/restaurant/1131675496/review/visitor,6a13c2225d1910df575f52bb,joa****,jqqM,https://m.place.naver.com/my/5bf101be0d848d42ac1d2b8e/review?v=2,5.0,맛있어요,2026-05-25,2026-05-21,1,1,"[""https://pup-review-phinf.pstatic.net/MjAyNjA1MjVfMTk3/MDAxNzc5Njc5Nzc1OTMw.Zkd4QB_kybKf6roLFn1bINZvOiB7fDjnGpQVTW8WJ48g.pOGYyxhs_aXtAW5--_QPYLQXomLBtHCSCVfP6jkjTOog.JPEG/20260521_114248.jpg.jpg?type=w1500_60_sharpen""]",0,"[""커피가 맛있어요""]",,true,2026-09-01T06:30:01+00:00,naver_커피빈-용인에버랜드점_20260901T055008Z#23
naver,커피빈 용인에버랜드점,1131675496,https://pcmap.place.naver.com/restaurant/1131675496/review/visitor,69a30d8595d4c5f71c39b613,푸덕신바오,4pOmt,https://m.place.naver.com/my/601797009858329da8468ee2/review?v=2,,,,2025-12-07,6,,,0,"[""집중하기 좋아요"", ""혼밥하기 좋아요"", ""오래 머무르기 좋아요"", ""아이와 가기 좋아요"", ""파티하기 좋아요""]",,true,2026-09-01T06:30:01+00:00,naver_커피빈-용인에버랜드점_20260901T055008Z#24
naver,화이트바움,1559402792,https://pcmap.place.naver.com/restaurant/1559402792/review/visitor,6a6efc8af328fd972c482dbf,ymk****,QAo9,https://m.place.naver.com/my/6176a2dbedc82600063ddaef/review?v=2,4.0,"지상 2층 단독 건물~
건물 옆 적당히 넓은 주차장, 자리 여유~
내부 1, 2층 적당히 넓고, 2층 테라스 공간, 손님 적어 여유, 손님 빠지니 조용, 차분한 분위기~
실내 팝송 BGM~
전면 통창, 후면 부분 창으로 햇살 잘 들어와 환하고 개방감, 후면 창은 햇살 많이 들어와 블라인드 ⭕ 
2층 천장 시스템에어컨 덕분에 실내 시원~
창마다 초록뷰~
무선 인터넷 빵빵, 벽면에만 콘센트 ⭕
직원들 친절, 매장, 화장실 깨끗~
남녀화장실 각각 구분 1층에 위치~
식기류, 물티슈, 냅킨 등 1층에 비치, 정수기▪︎종이컵도 1층 반납구 옆에 비치~
빵, 케익류 적당, 주문 빵들 부드럽고 쫄깃, 쫀득, 맛 그런대로 괜찮음, 버터떡 맛과 식감 굿~👍 
아아 가격대비 양 적당, 농도도 진해서 굿~^^👍",2026-08-02,2026-08-02,1,20,"[""https://pup-review-phinf.pstatic.net/MjAyNjA4MDJfMTEy/MDAxNzg1NjU4NDk0Mzgx.V7vufmkQ5dZ1Q2eNCNU0NjPiFamo8G-qitwvo5Pg934g.Vt1lCiqiU_stka1xqN8gAI5EhR-elSa3oLsB7RRDzSsg.JPEG/20260802_142715.jpg.jpg?type=w1500_60_sharpen"", ""https://pup-review-phinf.pstatic.net/MjAyNjA4MDJfMjU1/MDAxNzg1NjU4NDk1Nzk5.ODNrL_uKTMjQltHYiz7b-Pa03HDq7s2OFr-64tmU6Mog.peFKg16wuq28FEBR58Rz04U9S6rAsQnKmWHsN_kvoDYg.JPEG/20260802_142634.jpg.jpg?type=w1500_60_sharpen"", ""https://pup-review-phinf.pstatic.net/MjAyNjA4MDJfNSAg/MDAxNzg1NjU4NDk1OTgz.PXF2iuJ0MH8FfWt3XCvnbZhmhOzYoav7c9o77Un0aa4g.3lrcmugloBjkxR9njKJqNr6wiWgazYMMjLzMdiH3tucg.JPEG/20260802_135816.jpg.jpg?type=w1500_60_sharpen"", ""https://pup-review-phinf.pstatic.net/MjAyNjA4MDJfNDEg/MDAxNzg1NjU4NDk1MjI5.fbDVZ0btMfWWeKFIrtk8lcz0V9OiDgM-Zl1w8VvLz-og.oK6MMqeSY5SfBKZjBR6vA2rtTDXxjS40cNrrSg4Kxv0g.JPEG/20260802_140018%280%29.jpg.jpg?type=w1500_60_sharpen"", ""https://pup-review-phinf.pstatic.net/MjAyNjA4MDJfMzgg/MDAxNzg1NjU4NDk5MDYw.VLJJP3euzMXUqxBabFXykgb-uOPBGLWKUmM_VgL2vucg.Hq7Ku5ImBUZPu0UZKEOe64IW-iVSwci9NlpMZE4sgqsg.JPEG/20260802_140058.jpg.jpg?type=w1500_60_sharpen"", ""https://pup-review-phinf.pstatic.net/MjAyNjA4MDJfMjE1/MDAxNzg1NjU4NDk2OTM3.yera3DfLmIHXWsNg0AVrvIs2cLWFmDcHJggyn5EvEEUg.GakIutqY5k60ZHjOg4H65pff3oOHl5VNoPpbfJ9PRjUg.JPEG/20260802_140604.jpg.jpg?type=w1500_60_sharpen"", ""https://pup-review-phinf.pstatic.net/MjAyNjA4MDJfNiAg/MDAxNzg1NjU4NDk5OTM0.ruvDBTEkwVxSkXwXweeN_SQatLE1PKzlprnrpea-dlQg.RX58booZwwiLDM6Rb-YJkS0WOkWNiXsYI716iYVTrkQg.JPEG/20260802_140651.jpg.jpg?type=w1500_60_sharpen"", ""https://pup-review-phinf.pstatic.net/MjAyNjA4MDJfODcg/MDAxNzg1NjU4NTAwMTcy.kqnUolLY0tdz24o1B4OJ5WxqEYgQM5rBQUJ4qfReJ-Yg.caz6N8A00wl3bbASeJO3ot__zAOe03UX3-shx-OlqN8g.JPEG/20260802_140704.jpg.jpg?type=w1500_60_sharpen"", ""https://pup-review-phinf.pstatic.net/MjAyNjA4MDJfMTQ1/MDAxNzg1NjU4NTAwNzg5.plMgcM2J1RSWznz2JCnNQ8kANQDgy27B9aDPP8FpDscg.csjfuWd5sr3CCAhvhRYNoK9mEtWLMkUs11TJ6yq4-Qcg.JPEG/20260802_141134.jpg.jpg?type=w1500_60_sharpen"", ""https://pup-review-phinf.pstatic.net/MjAyNjA4MDJfMTA5/MDAxNzg1NjU4NTAwNDU3.9DXgLD8zGmNcx4r-w3bgeUAhvj7tjTlJbLY2RJzP0c8g.7N4qhHCes3yJjdtdgBL7J9v6d39eiYpTcGE18D2K7kQg.JPEG/20260802_141126.jpg.jpg?type=w1500_60_sharpen"", ""https://pup-review-phinf.pstatic.net/MjAyNjA4MDJfMjA2/MDAxNzg1NjU4NTAxNjEw.Bsja-Z86AtREmwty9k5d-SoCOVP877kJ4N8g7mYcm4Qg.HAO4UkMMaBDxWqulWmJp868zXhyt55HKCT-csjS1ceAg.JPEG/20260802_140544.jpg.jpg?type=w1500_60_sharpen"", ""https://pup-review-phinf.pstatic.net/MjAyNjA4MDJfMTIy/MDAxNzg1NjU4NTAxNjgy.CaT76pW3p5ii6Lgy_uPDC7MRdRqazztFQYxP7RjcH_Qg.31xHHefpQLYKNLQUJGgZ5Wv8STAlM5xWHFNG2_-9o40g.JPEG/20260802_140525.jpg.jpg?type=w1500_60_sharpen"", ""https://pup-review-phinf.pstatic.net/MjAyNjA4MDJfMjUg/MDAxNzg1NjU4NTAyNDU0.-Jsna-PqsgfIAmnBE63gWOxQaIl4NTM6X5nz0LH6Sv4g.p3TacHvFpTyuQonhwbeKNd0SMQl5FcVLZPB7g3_qxj0g.JPEG/20260802_140442.jpg.jpg?type=w1500_60_sharpen"", ""https://pup-review-phinf.pstatic.net/MjAyNjA4MDJfMTE0/MDAxNzg1NjU4NTAyMjIw.458IVmTbdinbMtDyWNKb-T-TYEetP6JxVfUswT73k7Ag.dH1eHmXsIXz2DnutT0iUw8NHTahhvk6hMZIelvZwYG8g.JPEG/20260802_140358%281%29.jpg.jpg?type=w1500_60_sharpen"", ""https://pup-review-phinf.pstatic.net/MjAyNjA4MDJfMjIz/MDAxNzg1NjU4NTAzMDM0.uBDxDxJDZT8VAg4aZrdwtK6AUSLaKaAqNvT5Qei59iMg.weMO7bysGl3gD8zbMY16RfnjO4sFJXNw2E8_ET8Lg8Ug.JPEG/20260802_140304.jpg.jpg?type=w1500_60_sharpen"", ""https://pup-review-phinf.pstatic.net/MjAyNjA4MDJfOTEg/MDAxNzg1NjU4NTA0Mzg2.Oe2mVI7u8dOio-Z6qmIJWAuuSpS3gMC_J6sJYK70nagg.sQwoBQmpOXq2igb_L4NJyofU44SW0Pat2RSs8BC3TFMg.JPEG/20260802_140335.jpg.jpg?type=w1500_60_sharpen"", ""https://pup-review-phinf.pstatic.net/MjAyNjA4MDJfMjQy/MDAxNzg1NjU4NTAzNDU2.bOKCEHMgD3_JhM3Qp0gelIJ5_SC8kL4otHzlqou1Um8g.BDhuL2h-Bl9mkQMBZuS3gysVoAe3Q_a3_l5BMuaYLtgg.JPEG/20260802_140310.jpg.jpg?type=w1500_60_sharpen"", ""https://pup-review-phinf.pstatic.net/MjAyNjA4MDJfMjMx/MDAxNzg1NjU4NTA0MTE5.wvJI_lrxBLxktBXvI1k4qRHL3J_KN0_Kx5EMDu2hII4g.Q7WR_IJ90KHe5C1DNKpjVqpbpjAbSsiNSvxZUz71u9gg.JPEG/20260802_140326%281%29.jpg.jpg?type=w1500_60_sharpen"", ""https://pup-review-phinf.pstatic.net/MjAyNjA4MDJfMTkz/MDAxNzg1NjU4NTA0NDY0.szr-y6_tYG7-M9oP2XxlhyyAMS_2iAEsT1Tci0loFWsg.9tmQP5XyuKH1EJdRh2STMzWzYMvuruFQyU-QJhsFED4g.JPEG/20260802_141505.jpg.jpg?type=w1500_60_sharpen"", ""https://pup-review-phinf.pstatic.net/MjAyNjA4MDJfMjQw/MDAxNzg1NjU4NTA0Nzg3.OfPxswkBn7xDmF-toVHXsaIv9kgASLdFUuh7MVRpMygg.JqhJndZt9R1NkyfqdQypwVPEoe6JXiARZWMB6HkCb3Mg.JPEG/20260802_141513.jpg.jpg?type=w1500_60_sharpen""]",0,"[""커피가 맛있어요"", ""뷰가 좋아요"", ""차분한 분위기예요"", ""친절해요"", ""주차하기 편해요""]",,true,2026-09-01T06:31:47+00:00,naver_화이트바움_20260901T055008Z#0
naver,화이트바움,1559402792,https://pcmap.place.naver.com/restaurant/1559402792/review/visitor,6a7ff101b5c9250439e9c4ed,모나리자39,19X39,https://m.place.naver.com/my/5eff023ea7f1cdd89fef589c/review?v=2,4.5,"빵순이 빵돌이들 데리고 소금빵 투어!
에스프레소 소금빵은 달달해서 커피번을 생각나게 하는 맛.
소금빵 버터가득 향이 진하고 겉바속촉  그 자체  맛있는 빵.  가격이 좀 비싼 듯.
버터떡 제대로다. 졸깃하고 겉은 빵그대로의 맛.
앙버터프레즐은 버터를 통째로 먹는. 버터맛  좋아하는 아이에게 행복한 맛.
초코브라우니 는  초코 듬뿍 . 살짝 데워 먹어야 부드러움.
배가 불러  나머지는 포장!
커피도 구수하게 쓴 맛.밀크티슈페너는 심하게 달지 않아 맘에 들어요. 에이드는  보통맛.
행복한 토요일 오후네요.",2026-08-15,2026-08-15,1,10,"[""https://pup-review-phinf.pstatic.net/MjAyNjA4MTVfNzcg/MDAxNzg2NzY5NjYxNDAx.0G_eDB5LGFXDItmzRmEXWqdVw71QiKZW8GbE-afVpd8g.D3TTubcIcx9MQ9n_Y-1a9vPCz95qhOkg7nZvqMpZWv4g.JPEG/20260815_134125.jpg.jpg?type=w1500_60_sharpen"", ""https://pup-review-phinf.pstatic.net/MjAyNjA4MTVfMjA1/MDAxNzg2NzY5NjYwNzU5.IROIJLQR39mT2M3-vDXDWgNZYBdeHgRNGzZAlQhpdN0g.lHKAMLB8x21VKTVmwVOX_qP17xFNW8KTth2VTL2fQegg.JPEG/20260815_133430.jpg.jpg?type=w1500_60_sharpen"", ""https://pup-review-phinf.pstatic.net/MjAyNjA4MTVfMTU1/MDAxNzg2NzY5NjYxNDkx.qxqAfQuue-cNdU2fYuVQIusJc8UBlgEwlV3LgjPnolUg.eaQj-dvPMbFdFl-TSRT7iXLz5HY8eP8AkCjUJPnFSLsg.JPEG/20260815_132513.jpg.jpg?type=w1500_60_sharpen"", ""https://pup-review-phinf.pstatic.net/MjAyNjA4MTVfMTU0/MDAxNzg2NzY5NjYxNDYw.vpunPdQRuFMMKocAJ_M6UMxSmi1lBWREeXNgtGIP6O8g.06XWCtVYrup8r1SneI1NunznxFHYUCJ-vEH-r85rgSIg.JPEG/20260815_132831.jpg.jpg?type=w1500_60_sharpen"", ""https://pup-review-phinf.pstatic.net/MjAyNjA4MTVfMTU1/MDAxNzg2NzY5NjYxMzAy.dzEOd3uMY1xWN7S7fqXYqgiuUMbFN-Sz1SoySo6Wl5Qg.7s25tDEzd8MDOX4ssi9UCcZJjIpDPmQ8ugHbzN7pP88g.JPEG/20260815_132506.jpg.jpg?type=w1500_60_sharpen"", ""https://pup-review-phinf.pstatic.net/MjAyNjA4MTVfMjcw/MDAxNzg2NzY5NjYyMjU1.CXxhNYHrBrAjTRmMl7FQEy-CYuZ4Y_LO-dXHRGgWHXIg.bP7dIOq_ZTW0q37G5ClQOoEjWeRMOzbZJQ1T4tFXvxEg.JPEG/20260815_132423.jpg.jpg?type=w1500_60_sharpen"", ""https://pup-review-phinf.pstatic.net/MjAyNjA4MTVfMjUy/MDAxNzg2NzY5NjYzNzIx.GAIUsLMQlb1HnwHIK-M-BTaOb7pb46Wo669iDaZyqBgg.XwM6gngd_Tfklwf8JzxDgY9aTVM0xRgxxT3XW66JUwEg.JPEG/20260815_132301.jpg.jpg?type=w1500_60_sharpen"", ""https://pup-review-phinf.pstatic.net/MjAyNjA4MTVfMjAx/MDAxNzg2NzY5NjYzODI0.wypNABKZ2U9g6NBDzNkLY1bCajISdDt8LgEkxIA48uog.ttNxEfK6VTd0ooNF84ZX3WOQ16dnS_HDECMO-_r5yksg.JPEG/20260815_132240.jpg.jpg?type=w1500_60_sharpen"", ""https://pup-review-phinf.pstatic.net/MjAyNjA4MTVfMTg4/MDAxNzg2NzY5NjYzMjQy.P0H_BVBB4IHrGGtC7EWg3QQD-cNcj9RK95IjdJbYVUog._JszcaMWbgr4FRXjEV25EPU1y2oeVAtWrYBZaghBvm8g.JPEG/20260815_131612.jpg.jpg?type=w1500_60_sharpen"", ""https://pup-review-phinf.pstatic.net/MjAyNjA4MTVfMiAg/MDAxNzg2NzY5NjY0MTcy.lTym0rrAiLHWEUVDozAXK3LdAInyTrJbLuPh8k0Ahpcg.5Y8q-zkbg1xhm8BbvcERy-VaKUSk-V4Mcl_mPL6-DyAg.JPEG/20260815_131704.jpg.jpg?type=w1500_60_sharpen""]",0,"[""빵이 맛있어요"", ""인테리어가 멋져요"", ""매장이 청결해요"", ""주차하기 편해요""]",,true,2026-09-01T06:31:47+00:00,naver_화이트바움_20260901T055008Z#1
naver,화이트바움,1559402792,https://pcmap.place.naver.com/restaurant/1559402792/review/visitor,6a76b319f55f78356ffbd67b,양프림,7qzJ4,https://m.place.naver.com/my/5ec07a268f87a842bcba563b/review?v=2,5.0,"에버랜드 근처에 볼 일이 있는데 시간이 좀 남아서 검색 후 찾아낸 화이트바움😉
에버랜드 주차장 바로 옆에 위치해있어서 대중교통+도보로도 가능해요.
주말 점심 이후인데도 주차 널널했고 2층까지 있어서 자리 문제는 전혀 없었습니다.
소금빵, 프레첼 맛집이라고 봤는데 프레첼 맛도리...👍
크림치즈/쫀쫀 2종류와 초코빵 먹었는데 초코빵 맛 잊혀질 정도의 강렬한 맛🤦‍♀️
커피는 적당한 고소함이예요.
날씨 좋으면 야외 자리에서 먹어도 좋을 것 같아요!",2026-08-08,2026-08-08,1,3,"[""https://pup-review-phinf.pstatic.net/MjAyNjA4MDhfMjc2/MDAxNzg2MTYzOTkwNjgy.s23jcsHje3vxJdXYrEPPw4yzL5EVSiXk4hRlqCrKdAUg.IzeOAWu93a7MsZHF60hEkHdSsvlEjrbiaS9SjCwyracg.JPEG/20260808_132649.jpg.jpg?type=w1500_60_sharpen"", ""https://pup-review-phinf.pstatic.net/MjAyNjA4MDhfMiAg/MDAxNzg2MTYzOTg4MTg5.55NXLwCnAT60VXqDCxpFX_aRs4DzqA5IcLyqFuupoJAg.ZlKiBw3omJRBUKgtPp1jjHUZA9FTLiZDOEFtJ-z80XIg.JPEG/20260808_132643.jpg.jpg?type=w1500_60_sharpen"", ""https://pup-review-phinf.pstatic.net/MjAyNjA4MDhfMTQz/MDAxNzg2MTYzOTgyMTMz.nyY_IFgZdZBptdxz6zjOC_rxqexViFQl0aiBxLJSCdYg.aEFwM-kSzg4j5uSX0lyWdhRIjMhJhua-NNGTJD5stBgg.JPEG/20260808_133259.jpg.jpg?type=w1500_60_sharpen""]",0,"[""커피가 맛있어요"", ""빵이 맛있어요"", ""종류가 다양해요"", ""인테리어가 멋져요"", ""아늑해요""]",,true,2026-09-01T06:31:47+00:00,naver_화이트바움_20260901T055008Z#2
naver,화이트바움,1559402792,https://pcmap.place.naver.com/restaurant/1559402792/review/visitor,6a8a7ff628143aea1311c9ec,sahappy1020,4yckj,https://m.place.naver.com/my/5dc4d1e18f87a842bca4a0fb/review?v=2,5.0,"뷰도 너무 좋구 
주차장도 넓구
빵이
촉촉하니
부드러워요 너무 맛있음🥰
한적하니 대화하기도 좋았구 힐링하기에
딱 좋운곳💚🎀",2026-08-23,2026-08-23,1,8,"[""https://pup-review-phinf.pstatic.net/MjAyNjA4MjNfMjkz/MDAxNzg3NDYxNjE0Mjk3.BzhG2I86J3SDw1PeKUOcaEW5Ga_FHiR0knFHnondHd4g.8--VCBa-VxjGAvGF6UUC0tyOGM_LpE-5Fv6iG4fabBgg.JPEG/6D989C60-D196-4B3F-82B5-F9F30AE5D5A0.jpeg?type=w1500_60_sharpen"", ""https://pup-review-phinf.pstatic.net/MjAyNjA4MjNfMTYw/MDAxNzg3NDYxNjE0NTU5.WKa-96ocVKt0AxR0HLeFtEF_UVScft1HWUkxClfDySwg.Oqg8wFYV1Brm79Juy5Y3vnel3pn6xIbiva2Bm4ksy6cg.JPEG/FDAF5C2F-EEE0-4123-9695-667EF5B5429B.jpeg?type=w1500_60_sharpen"", ""https://pup-review-phinf.pstatic.net/MjAyNjA4MjNfNzIg/MDAxNzg3NDYxNjE2MDE4.TVfkDRZUffGkg94WJwlYVYQU_AWKwtmUlp6MidIi6vMg.GkBz_C7tidjc-bf2l4zQ7lgFRg9Rdbs-9sJQLUlu2sUg.JPEG/B953A566-CB09-444C-BEBB-31DAE03E42C2.jpeg?type=w1500_60_sharpen"", ""https://pup-review-phinf.pstatic.net/MjAyNjA4MjNfMjEz/MDAxNzg3NDYxNjE2NTIx.gjgeWIAccBnC_3Xc7kwGzPVRUlcvwe5oLUGAW2N_Mzgg.MxbrYe2c8zRdHtFdoFgePElGvT4YIjcg2m2NerOU-40g.JPEG/047D619B-88DC-4622-ABCF-E7685A1B1DAF.jpeg?type=w1500_60_sharpen"", ""https://pup-review-phinf.pstatic.net/MjAyNjA4MjNfMTc0/MDAxNzg3NDYxNjE3MzUx.3gbhol5oISAYYJMj8om4XV3HAct-y6teDhqSr0NeCTcg.4neO_-EHcBwyL4HkWAL0sp2FNTdYac6h0UULoXg6X3Ig.JPEG/FAE0D6A7-EE79-4E17-B50F-05E6BF80CE67.jpeg?type=w1500_60_sharpen"", ""https://pup-review-phinf.pstatic.net/MjAyNjA4MjNfMjQz/MDAxNzg3NDYxNjE4Mjg1.cl6jDU8Rup5apEB43lylF4GPMMmQ_6nCp34mYUQ268kg.SZjYBah0SqbtZUfj1n3JDLC7vRoj60i6JtNoDPQlB2kg.JPEG/5B1281C9-1318-4AA2-BA4C-0EE22E96332B.jpeg?type=w1500_60_sharpen"", ""https://pup-review-phinf.pstatic.net/MjAyNjA4MjNfMTkz/MDAxNzg3NDYxNjE5MDEy.BN_D3fnBOwT03ZnFvbRqAsZtMjNx484PFGCtoK0XOvYg.02R5zS-kVN8EXCnRw7lRoePlMcrROVfPT5RWmGLG1ugg.JPEG/C64AF864-27E9-476D-BC04-56F290F325C1.jpeg?type=w1500_60_sharpen"", ""https://pup-review-phinf.pstatic.net/MjAyNjA4MjNfMTcy/MDAxNzg3NDYxNjE5NzEz.T_upkSbeVchmctTCKwzIFdX4XHJSD-mDaTFqRAEv4pQg.A5FDLM34Mq8Bddx8x13Q2sDr8wNqzjWRBN4NmnCzKWMg.JPEG/00D4C98F-A877-436D-8F1D-2D5C21D761BA.jpeg?type=w1500_60_sharpen""]",0,"[""인테리어가 멋져요"", ""대화하기 좋아요"", ""뷰가 좋아요"", ""디저트가 맛있어요"", ""주차하기 편해요""]",,true,2026-09-01T06:31:47+00:00,naver_화이트바움_20260901T055008Z#3
naver,화이트바움,1559402792,https://pcmap.place.naver.com/restaurant/1559402792/review/visitor,6a7ff31a1bc6a1bdbea0763e,베리699,8nrS2,https://m.place.naver.com/my/61739c8e82ac4f45c4ebe568/review?v=2,5.0,"부모님이랑 같이 와봤는데! 소금빵의 내부에 버터가 있어서 버터맛을 깊게 맛볼 수 있었어요! 다른 빵들도 다 맛있고 버터떡두 외부가 딱딱한게 아니라 부드러워서 데워먹으면 진짜 맛있어요!
맛있게 먹구 가요~",2026-08-15,2026-08-15,1,2,"[""https://pup-review-phinf.pstatic.net/MjAyNjA4MTVfNTMg/MDAxNzg2NzcwMjAwOTQ5.5pk6wngMt9RB8M7vq8Mw78BNs-PaqZiEk9UDYOaneKkg.aH0HJqcjbSL1BP0I40QreHbsq3Rs1k7SDxWjtgQ65_Ug.JPEG/20260815_132216.jpg.jpg?type=w1500_60_sharpen"", ""https://pup-review-phinf.pstatic.net/MjAyNjA4MTVfMTc2/MDAxNzg2NzcwMjAwOTUy.ctEkD2yS6yMyufCzHti37prgt2rUWW5Im7mU_VfHGXUg.gCmgPmQngDSiXbPzRUxyTJ8o5dTOgijB1N1Cc7MM2Qgg.JPEG/20260815_132618.jpg.jpg?type=w1500_60_sharpen""]",0,"[""빵이 맛있어요"", ""디저트가 맛있어요"", ""매장이 청결해요""]",,true,2026-09-01T06:31:47+00:00,naver_화이트바움_20260901T055008Z#4
naver,화이트바움,1559402792,https://pcmap.place.naver.com/restaurant/1559402792/review/visitor,6a7821937a13c7a4c3a32495,블랙뷰티,30vRW,https://m.place.naver.com/my/5c6a0b5c4e7ebdb51fc56390/review?v=2,5.0,"주말오후 아이와 더운데 시원한 카페에 왔습니다.
그림 감상하기도 좋고 맛있는 음식 먹었습니다.
아이와 함깨 무더위에 시원하고 풍경 좋은곳 가고싶으면
여기 최고입니다.
재 방문의사 1000 프로 입니다.",2026-08-09,2026-08-09,1,2,"[""https://pup-review-phinf.pstatic.net/MjAyNjA4MDlfMjI5/MDAxNzg2MjU3NTIzMzU2.RTDRaop4c4Vlfra3uSnhRLLtBJoVWrRtVb0pbVUzdnkg.QCwIfBIYD-CnkI3vxlzLJCs7a5SNsOkqysD2YfDfRu0g.JPEG/1786257506827526757715670662747.jpg?type=w1500_60_sharpen"", ""https://pup-review-phinf.pstatic.net/MjAyNjA4MDlfMTY2/MDAxNzg2MjU3NjIyMzQx.qYkNS-khCnCtdHEjsBmakmHsSobdA2ku2OzVpL43Qkcg.qXRbf9EMAaf-CNEUWblqVmUmFjP4fEBonForXLw9bl4g.JPEG/17862576011584526437771506444639.jpg?type=w1500_60_sharpen""]",0,"[""커피가 맛있어요"", ""음료가 맛있어요"", ""인테리어가 멋져요"", ""뷰가 좋아요"", ""친절해요""]",,true,2026-09-01T06:31:47+00:00,naver_화이트바움_20260901T055008Z#5
naver,화이트바움,1559402792,https://pcmap.place.naver.com/restaurant/1559402792/review/visitor,6a718586b30e310e377645c3,jew****,3ki6f,https://m.place.naver.com/my/5c52f8f2ccf4486b54a66c7f/review?v=2,4.5,"분위기가 너무 좋아서 여유롭게 쉬다 왔어요. 창밖 풍경도 예쁘고 매장도 깔끔해서 힐링하기 딱 좋았습니다. 😊
특히 딸기크림라떼가 정말 맛있었어요! 부드러운 크림과 달콤한 딸기가 잘 어우러져 끝까지 질리지 않고 맛있게 마셨습니다. 커피도 깔끔해서 만족스러웠고, 다음에도 딸기크림라떼 마시러 다시 방문하고 싶어요. 추천합니다! 🍓☕️",2026-08-04,2026-08-04,1,2,"[""https://pup-review-phinf.pstatic.net/MjAyNjA4MDRfNiAg/MDAxNzg1ODI0NjQ1MDY1.FWlr6UHUGPBNwnTJg2CIPGEVANgAF-5DF1Ymb_h5_5og.5J5E8r2s6wqLpgYbL4m1AI_NcDeKPbOg3Lx6UF7rTtAg.JPEG/F80D1D5F-F928-481A-B2BD-4E9C24708EC0.jpeg?type=w1500_60_sharpen"", ""https://pup-review-phinf.pstatic.net/MjAyNjA4MDRfMTU1/MDAxNzg1ODI0NjQwMjUz.vyn3R008o3T4wL2WVaaVjvxczajBXVuo4XR5S6QBu4og.192VvRNxDGeoFtajmuD6XUhHNdO-_y-maN10bZcCaswg.JPEG/8EE989AB-C55C-4699-ADF6-4DC88CF32296.jpeg?type=w1500_60_sharpen""]",0,"[""커피가 맛있어요"", ""디저트가 맛있어요"", ""음료가 맛있어요""]",,true,2026-09-01T06:31:47+00:00,naver_화이트바움_20260901T055008Z#6
naver,화이트바움,1559402792,https://pcmap.place.naver.com/restaurant/1559402792/review/visitor,6a89207c7a1660155b9ce6f6,하늘태양,1jSi7,https://m.place.naver.com/my/5da3a2f38f87a842bc3f5a45/review?v=2,5.0,"쫀득한 빵이 생각나서 방문했습니다.
시그니처 빵 뿐만아니라 모든빵이 쫀득쫀득!
가갹대는 좀 있지만 풍경, 작품감상, 에버랜드 방문후 휴식 층고도 높아 너무 좋은 카페입니다.
오늘도 일상 힐링~!!",2026-08-22,2026-08-22,2,5,"[""https://pup-review-phinf.pstatic.net/MjAyNjA4MjJfOTEg/MDAxNzg3MzcxNjQxNjM2.96GbdBEJHmTEfoMf9dvLTwqD7Ip1kz73KgxyTYL9cAcg.U177GEk2sUotfgt2Ej1mEHbZApV7KcblZ_f4qMTuYNAg.JPEG/20260822_130407.jpg.jpg?type=w1500_60_sharpen"", ""https://pup-review-phinf.pstatic.net/MjAyNjA4MjJfODcg/MDAxNzg3MzcxNjQxOTMw.iXIowvG-RVIdiCOl9q_cKTjRnrKH2s4Sglz9fPKsCCog.KOoc7Be1aRFI0zdIYVsp_yajsNLtsLSxLJOKxngPqRog.JPEG/20260822_130421.jpg.jpg?type=w1500_60_sharpen"", ""https://pup-review-phinf.pstatic.net/MjAyNjA4MjJfMjE2/MDAxNzg3MzcxNjQyMjQ2.lm3IN3T9U4R2Fha_eVgd23GRet7-AYJbUlO5knA3jrEg.juAc1tUDegam7YHtpGulHA_8rwsOP9ki2Rlons3I9ZEg.JPEG/20260822_125058.jpg.jpg?type=w1500_60_sharpen"", ""https://pup-review-phinf.pstatic.net/MjAyNjA4MjJfMTg0/MDAxNzg3MzcxNjQxOTky.QyyJVXBtgPGUdiTcyBTja6K71sdm75nesPcWzlAOg_Yg.fy14X6rqJcTWqRaFb34jyMqAmwZLuBQODz1rf8zDNIMg.JPEG/20260822_124904.jpg.jpg?type=w1500_60_sharpen"", ""https://pup-review-phinf.pstatic.net/MjAyNjA4MjJfMTg5/MDAxNzg3MzcxNjQyMzUy.ohej50cJHMqJL0K0ncCu1IpKTR_w-hTzD_0w4NsCdKUg.mlEdZCauO56ySQFeC7sI805nneHcP2gwfluEKtbV7zcg.JPEG/20260822_124837.jpg.jpg?type=w1500_60_sharpen""]",0,"[""빵이 맛있어요"", ""대화하기 좋아요"", ""인테리어가 멋져요"", ""사진이 잘 나와요"", ""매장이 청결해요""]",,true,2026-09-01T06:31:47+00:00,naver_화이트바움_20260901T055008Z#7
naver,화이트바움,1559402792,https://pcmap.place.naver.com/restaurant/1559402792/review/visitor,6a44ece052d191e36748a2fd,리얼라이프,2bgV9,https://m.place.naver.com/my/5c9e2dfa0fef6e232f78e907/review?v=2,5.0,"지인들과 함께갔는데 디저트와 커피도 맛있지만 
공간 분위기가 너무 예뻤어요. 무엇보다 이야기가 울리지 않는 웅성거림이 다른 대형 카페보다 덜한 것 같아요. 시원할땐 테라스 이용해도 너무 좋을 것 같구요. 멋진 카페를 알게되어 덕분에 기분 좋은 하루를 보냈네요.^^",2026-07-01,2026-07-01,1,8,"[""https://pup-review-phinf.pstatic.net/MjAyNjA3MDFfMTI2/MDAxNzgyOTAxOTgxOTA3.QlCry28fl-XXN8I6xbny-zUAWDH1lHF083Cmg7iYK6cg.5wfk8v75uSVu1MJIR_uL0wNNrlIx6X-U_52ZcCENiFAg.JPEG/7DD9908F-5971-4CE4-8E38-C8CC74BD18EA.jpeg?type=w1500_60_sharpen"", ""https://pup-review-phinf.pstatic.net/MjAyNjA3MDFfMzMg/MDAxNzgyOTAxOTgyMDIw.wMaEDXOxgqQ-ivGkHO9Z_cXSZPgDFSOBDj_GsQR7-9Eg.K8fcIe5Xlmwws0d0da2oOtJysP81HIRM7vbgEEPpYhIg.JPEG/581F9872-D226-4889-9C3E-122135C90D96.jpeg?type=w1500_60_sharpen"", ""https://pup-review-phinf.pstatic.net/MjAyNjA3MDFfMiAg/MDAxNzgyOTAxOTgxOTU5.x14svRG3-zOyc5THZY1lzylnXYSsCSS7vlfeYYXPEpAg.mNIXC2p4o50txJCCO0g5f8vSKfdEPyjarKgVl6hYRecg.JPEG/36DDFFF7-8EF0-424A-91C4-D862351DC9E4.jpeg?type=w1500_60_sharpen"", ""https://pup-review-phinf.pstatic.net/MjAyNjA3MDFfMjI3/MDAxNzgyOTAxOTgxOTc4.zfkfZGsLN6faBMQ_lCpxBaFFrGI7W7YsCb2SM0xYpuEg.O_r76WAkrKZMVwfKD2ZYUUeu-9HQHrAlyhH88R0c7vAg.JPEG/87662946-DCFD-4DBA-A5E1-2A19DE289B4A.jpeg?type=w1500_60_sharpen"", ""https://pup-review-phinf.pstatic.net/MjAyNjA3MDFfMTI5/MDAxNzgyOTAxOTgxOTY3.2OnFLnQ4Wml6k8JeTflt9aYthEgSW-5xynZt57lTlGYg.O8pD7BWlBbxiHvtSdtvRNakubxgemDAMDLC8zl0Yz0Yg.JPEG/19CBA91A-4BF3-4DF1-BB33-C50020EB8193.jpeg?type=w1500_60_sharpen"", ""https://pup-review-phinf.pstatic.net/MjAyNjA3MDFfMjEz/MDAxNzgyOTAxOTgzMDg4.83oM-8BNrzfXkg688HCPXEUN_AJQ9l46NTxDzr_B6Ncg.FVO3gOuBpJ1l7UOv19Dhfyr-U8aDl0xxuju_-hlVHLUg.JPEG/B67487B7-323E-4A84-95B8-79A9C26675FA.jpeg?type=w1500_60_sharpen"", ""https://pup-review-phinf.pstatic.net/MjAyNjA3MDFfMjIy/MDAxNzgyOTAxOTgzMDUx.DyJ4scngjqp6c28GODTutZEZ1eSaOa-8698B5K6Anucg.YBNo6ZERcCjmXaEkVeRYc2DsgozyEsCxwDLviHNm4Egg.JPEG/8B03423E-5B54-45C5-9870-26FB3737A546.jpeg?type=w1500_60_sharpen"", ""https://pup-review-phinf.pstatic.net/MjAyNjA3MDFfMTU4/MDAxNzgyOTAxOTgzMTQ4.M3HJ_ZW4XMvKGN4IHX_8l7Yko3-djzj4hujagJ3xmHEg.V0Hy6YWrSfp7U54-Vqy7C06zaMGVCqtyKfKUL3amqdog.JPEG/7EF4C573-FD32-42E8-9D3E-39E1CCC87B33.jpeg?type=w1500_60_sharpen""]",0,"[""커피가 맛있어요"", ""디저트가 맛있어요"", ""인테리어가 멋져요"", ""사진이 잘 나와요"", ""대화하기 좋아요""]",,true,2026-09-01T06:31:47+00:00,naver_화이트바움_20260901T055008Z#8
naver,화이트바움,1559402792,https://pcmap.place.naver.com/restaurant/1559402792/review/visitor,6a5c54613283d92a1e70afc4,naldhan,zsYX,https://m.place.naver.com/my/5b6d5ce9d715c89a6d2f75e6/review?v=2,4.5,"에버랜드 근처 화이트바움 방문했네요.
조용하고 한적한. 그리고 미술스럽미술스할까..
그냥 편안하고 이쁘네요.
커피도 맛있고 바움슈패너도 고소하고 맛있습니다
방문하시어 좋은 추억 남기세요.
강추해요!!!",2026-07-19,2026-07-19,1,4,"[""https://pup-review-phinf.pstatic.net/MjAyNjA3MTlfOTYg/MDAxNzg0NDM1ODA3NzUz.2hwcd7cy7neHhsjb2D759hvN622wvy79o8m8x2tfgLwg.2LFvXfd2l3OlMrkpzVLdLJoTP3JvM0xk7whJClsOGKEg.JPEG/1784435666306.jpg.jpg?type=w1500_60_sharpen"", ""https://pup-review-phinf.pstatic.net/MjAyNjA3MTlfNjQg/MDAxNzg0NDM1ODA3NTMz.TOHI_pdV7Rl4hBx1MLOQ9CrMEPyuhfSS2N5rCcDTWIog.0JjwqCr6arAuee7d8UHmNhPf5dA-nTlViDQdcKAQfYEg.JPEG/1784435661315.jpg.jpg?type=w1500_60_sharpen"", ""https://pup-review-phinf.pstatic.net/MjAyNjA3MTlfMjk3/MDAxNzg0NDM1ODA3NTIz.0hETJnAV2dFhwGFBPZXsfzqrDvFCCxA0Ist2DdsDRbUg.VsYRakGOYH4ua_OzoFVkbwFO_UFyRhmw8mfogLYDEpgg.JPEG/1784435661440.jpg.jpg?type=w1500_60_sharpen"", ""https://pup-review-phinf.pstatic.net/MjAyNjA3MTlfMTA1/MDAxNzg0NDM1ODA3NzI3.1DTYvufXs_m3nAyBD51zkxxwkRMlZlQlDdArGFjG7aIg.8zK32ZFSkf5_SGiF2XOKM584MBGg2O9yuicK6lxKpugg.JPEG/20260719_133404.jpg.jpg?type=w1500_60_sharpen""]",0,"[""커피가 맛있어요"", ""디저트가 맛있어요"", ""대화하기 좋아요"", ""사진이 잘 나와요"", ""매장이 청결해요""]",,true,2026-09-01T06:31:47+00:00,naver_화이트바움_20260901T055008Z#9
naver,화이트바움,1559402792,https://pcmap.place.naver.com/restaurant/1559402792/review/visitor,6a926fb530b336e9ba1bb642,소심대장11,cusR,https://m.place.naver.com/my/5c356ad746b4ca49c9c2f155/review?v=2,3.0,,,2026-08-29,1,,,0,"[""빵이 맛있어요""]",,true,2026-09-01T06:31:47+00:00,naver_화이트바움_20260901T055008Z#10
naver,화이트바움,1559402792,https://pcmap.place.naver.com/restaurant/1559402792/review/visitor,6a51caea109b589f0710da2a,BlueSinner,45K2O,https://m.place.naver.com/my/5efeeda77a3924f9464bf39d/review?v=2,5.0,,,2026-07-11,1,,,0,"[""인테리어가 멋져요"", ""사진이 잘 나와요"", ""대화하기 좋아요"", ""집중하기 좋아요"", ""뷰가 좋아요""]",,true,2026-09-01T06:31:47+00:00,naver_화이트바움_20260901T055008Z#11
naver,화이트바움,1559402792,https://pcmap.place.naver.com/restaurant/1559402792/review/visitor,6a2cecf217a86331995b4827,lee****,bggI8,https://m.place.naver.com/my/5edcabd78f87a842bc2e0788/review?v=2,4.5,,,2026-06-13,1,,,0,"[""인테리어가 멋져요""]",,true,2026-09-01T06:31:47+00:00,naver_화이트바움_20260901T055008Z#12
naver,화이트바움,1559402792,https://pcmap.place.naver.com/restaurant/1559402792/review/visitor,6a0fdeadfea5d2cb54bfef24,zhe****,5EqEF,https://m.place.naver.com/my/5c583f2de8ba730d4813b1b6/review?v=2,5.0,,,2026-05-22,1,,,0,"[""인테리어가 멋져요"", ""커피가 맛있어요"", ""음료가 맛있어요""]",,true,2026-09-01T06:31:47+00:00,naver_화이트바움_20260901T055008Z#13
naver,화이트바움,1559402792,https://pcmap.place.naver.com/restaurant/1559402792/review/visitor,6a001cdde3bd4049499bf396,mus****,pZDN,https://m.place.naver.com/my/5efe49d5015f90968cc8832d/review?v=2,5.0,,,2026-05-10,1,,,0,"[""커피가 맛있어요"", ""디저트가 맛있어요"", ""음료가 맛있어요"", ""특별한 메뉴가 있어요""]",,true,2026-09-01T06:31:47+00:00,naver_화이트바움_20260901T055008Z#14
naver,화이트바움,1559402792,https://pcmap.place.naver.com/restaurant/1559402792/review/visitor,69f6e304dc5e68c292b8bac0,ben****,9ifKh,https://m.place.naver.com/my/6634764d73736e3dcf9e33c6/review?v=2,5.0,,,2026-05-03,1,,,0,"[""커피가 맛있어요"", ""디저트가 맛있어요"", ""음료가 맛있어요"", ""인테리어가 멋져요"", ""사진이 잘 나와요""]",,true,2026-09-01T06:31:47+00:00,naver_화이트바움_20260901T055008Z#15
naver,화이트바움,1559402792,https://pcmap.place.naver.com/restaurant/1559402792/review/visitor,69e44a01f1040ce2b7fbdf8a,ok7****,9tYUK,https://m.place.naver.com/my/5dd201878f87a842bc4acfe6/review?v=2,5.0,,,2026-04-19,1,,,0,"[""커피가 맛있어요""]",,true,2026-09-01T06:31:47+00:00,naver_화이트바움_20260901T055008Z#16
naver,화이트바움,1559402792,https://pcmap.place.naver.com/restaurant/1559402792/review/visitor,69be1c277cefb42584d955ea,thu****,2U37o,https://m.place.naver.com/my/5c96fe26ee1097b26ed39e43/review?v=2,,,,2026-03-21,1,,,0,"[""커피가 맛있어요"", ""인테리어가 멋져요"", ""친절해요"", ""매장이 청결해요""]",,true,2026-09-01T06:31:47+00:00,naver_화이트바움_20260901T055008Z#17
naver,화이트바움,1559402792,https://pcmap.place.naver.com/restaurant/1559402792/review/visitor,69afc4b68407aef33d8dc3c1,이나맘,1YMVX,https://m.place.naver.com/my/5bf52a66a26442b8f6e70d9c/review?v=2,,,,2026-03-10,1,,,0,"[""디저트가 맛있어요"", ""음료가 맛있어요"", ""커피가 맛있어요"", ""특별한 메뉴가 있어요"", ""인테리어가 멋져요""]",,true,2026-09-01T06:31:47+00:00,naver_화이트바움_20260901T055008Z#18
naver,화이트바움,1559402792,https://pcmap.place.naver.com/restaurant/1559402792/review/visitor,69abb17644918a04138b5817,dia****,1Y70F,https://m.place.naver.com/my/5f06baf5d6ec8fd5cc9a1239/review?v=2,,,,2026-03-07,1,,,0,"[""디저트가 맛있어요"", ""인테리어가 멋져요"", ""사진이 잘 나와요"", ""친절해요"", ""매장이 청결해요""]",,true,2026-09-01T06:31:47+00:00,naver_화이트바움_20260901T055008Z#19
naver,화이트바움,1559402792,https://pcmap.place.naver.com/restaurant/1559402792/review/visitor,6a951eacaba965e457533d4c,장세진80,ahXIL,https://m.place.naver.com/my/5ec686bd8f87a842bcd763de/review?v=2,5.0,"딸기 크림라떼랑 옥수수식빵먹었는데
달달구리하니 과제하면서 여유롭게 먹고 있기 좋았어여
카페 공간도 넓고 야르랍니다😋👍
다음에 여자친구랑도 같이오면좋을거같아여🤗",2026-08-31,2026-08-31,1,2,"[""https://pup-review-phinf.pstatic.net/MjAyNjA4MzFfMTE2/MDAxNzg4MTU3NjA4MjMx.r712-owSoyBGw4QX0bTy0JAaXI9BlSknPBYxMGGG7vkg.zvwe1dSyenICl09J5SH6uqSiF9CWQUFU62es6Rmtx4cg.JPEG/20260831_140644.jpg.jpg?type=w1500_60_sharpen"", ""https://pup-review-phinf.pstatic.net/MjAyNjA4MzFfMzAw/MDAxNzg4MTU3NjEwMDg4.qeer5QoZ_ZGx5XrY4FpAra9Zc4N5Bd59KOUC-UbY_Q0g.-sGRXlbl0jLabFssdGfsgH9ncxXk01L0F4ZwznxvsdIg.JPEG/20260831_152329.jpg.jpg?type=w1500_60_sharpen""]",0,"[""인테리어가 멋져요"", ""사진이 잘 나와요"", ""친절해요"", ""화장실이 깨끗해요""]",,true,2026-09-01T06:31:47+00:00,naver_화이트바움_20260901T055008Z#20
naver,화이트바움,1559402792,https://pcmap.place.naver.com/restaurant/1559402792/review/visitor,6a950e8e5a28ce1dd484975a,꼬숑잉,1RzPE,https://m.place.naver.com/my/5bc37b883bee936d65c6ce20/review?v=2,5.0,"빵이 맛있다고 해서 왔어요!
분위기도 좋고 에버랜드랑 가까워서 좋았어요!
비오는 날 왔더니 분위기도 좋고 좋아요ㅎㅎ",2026-08-31,2026-08-31,1,1,"[""https://pup-review-phinf.pstatic.net/MjAyNjA4MzFfMyAg/MDAxNzg4MTUzNDg0NTg0.wTkf2J0MNB1BC8N_LZMfJa0vMhIoEzq5meIqNe9gOmUg.aHXX6r90n7Nop97TuB-OyjbYhv8VAP1H9q8VXonbKC8g.JPEG/20260831_131503.jpg.jpg?type=w1500_60_sharpen""]",0,"[""인테리어가 멋져요"", ""대화하기 좋아요"", ""뷰가 좋아요""]",,true,2026-09-01T06:31:47+00:00,naver_화이트바움_20260901T055008Z#21
naver,화이트바움,1559402792,https://pcmap.place.naver.com/restaurant/1559402792/review/visitor,6a93d8d50f138ccc944a91ae,새쵸맘,9vBc6,https://m.place.naver.com/my/5f33571b9ec8258e4a221589/review?v=2,5.0,"검색해서 우연히 들렀는데 매장도 넓고 빵 종류도 많아요
아이랑 방문하기 좋아요",2026-08-30,2026-08-30,1,2,"[""https://pup-review-phinf.pstatic.net/MjAyNjA4MzBfMTEx/MDAxNzg4MDc0MTk1NzA5.Jh1DF3yd4EM4TDXDbMpohJ-7lSPmw7feSw2sc9d8clcg.zoL2NDwe_-nPlih3qjZZDuJU7RLogSNpm2ulhXk6AcEg.JPEG/5B04F278-C290-45CD-9FB5-ADF20D1667DD.jpeg?type=w1500_60_sharpen"", ""https://pup-review-phinf.pstatic.net/MjAyNjA4MzBfMjAy/MDAxNzg4MDc0MTk2NDY1.DXXC3vV2JBDd6iFyHiY-XqtTO2rk_mAsUhU1DxSk1N0g.2s4Dfo3OH1D6lxdRYqWHsmXgvvdt44Mhl7Yrbn_ZJwgg.JPEG/86BF61EF-344F-470C-AC89-67D50786676E.jpeg?type=w1500_60_sharpen""]",0,"[""커피가 맛있어요"", ""빵이 맛있어요"", ""친절해요"", ""매장이 청결해요"", ""주차하기 편해요""]",,true,2026-09-01T06:31:47+00:00,naver_화이트바움_20260901T055008Z#22
naver,화이트바움,1559402792,https://pcmap.place.naver.com/restaurant/1559402792/review/visitor,6a93d82feecfb9ebfeaec0cd,마샬엠프,2aBol,https://m.place.naver.com/my/5eff31fede5d1e6a342a379d/review?v=2,5.0,"에버랜드왔다가 근처 가까운카페 우연히 오게됐는덕 
카페가 참 예쁘네요! 분위기맛집입니다",2026-08-30,2026-08-30,1,1,"[""https://pup-review-phinf.pstatic.net/MjAyNjA4MzBfNjcg/MDAxNzg4MDc0MDI5NTg4.yemWM9PxOjmu1UOtzP2PxbceRJ6505iffc_iiQAs_pMg.lqoSNkjmEofyWDn_EFNQUVDwkwPz6i421xBp5uCWC6kg.JPEG/1000054289.jpg.jpg?type=w1500_60_sharpen""]",0,"[""인테리어가 멋져요"", ""뷰가 좋아요"", ""매장이 넓어요"", ""야외공간이 멋져요""]",,true,2026-09-01T06:31:47+00:00,naver_화이트바움_20260901T055008Z#23
naver,화이트바움,1559402792,https://pcmap.place.naver.com/restaurant/1559402792/review/visitor,6a93e2319e2c9d7428914398,onl****,65CZz,https://m.place.naver.com/my/5beab6d2da6922e76fcb9fdb/review?v=2,5.0,프레첼크림치즈빵이 쫄깃하면서 맛있어요!!!,2026-08-30,2026-08-30,1,1,"[""https://pup-review-phinf.pstatic.net/MjAyNjA4MzBfMjA4/MDAxNzg4MDc2NTkxNzYz.5MXufhZJjId97yP6DsnQWth_CCr_enjh88mWLM1ASiAg.Y46SjRv9QDc0jtRATiyNhC-9ROqfRAgKF374UgzbDG0g.JPEG/20260830_165437.jpg.jpg?type=w1500_60_sharpen""]",0,"[""커피가 맛있어요"", ""디저트가 맛있어요""]",,true,2026-09-01T06:31:47+00:00,naver_화이트바움_20260901T055008Z#24
naver,화이트바움,1559402792,https://pcmap.place.naver.com/restaurant/1559402792/review/visitor,6a93cf504b88268383b5af2a,오잉2595,1cNG6,https://m.place.naver.com/my/5b82380a5a4949d5a50799ed/review?v=2,5.0,우연히 찾은 곳인데 이 지역 원픽으로 삼고 싶은 곳이네요! 빵 커피 맛있고 건축물이나 전시된 그림도 있어서 넘 좋아요👍🏻,2026-08-30,2026-08-30,1,2,"[""https://pup-review-phinf.pstatic.net/MjAyNjA4MzBfMjEw/MDAxNzg4MDcxNzU5MzQy.tFS8ftoV25ne0y50Qz2kjbJ8DDEnHYFBz6T1fJHMcOQg.gF-lIDfxzjZLrk1zDY55hyuzzlXLWJhR5oj43jZxWiUg.JPEG/075F401C-756E-4D27-AF2C-2BBAB2DFEA1F.jpeg?type=w1500_60_sharpen"", ""https://pup-review-phinf.pstatic.net/MjAyNjA4MzBfMTcz/MDAxNzg4MDcxNzQ4Njgz.mrTMX_3muiLwjW5F-_EwbjUAxP2ekRb3gOiYN2gFQnUg.KSGNy8Re88bEL-fyehMt3vgdHsbI4CjTk2j44Fsb_NEg.JPEG/CAC94B1F-D5A0-479B-A154-C9B745851032.jpeg?type=w1500_60_sharpen""]",0,"[""디저트가 맛있어요"", ""커피가 맛있어요"", ""빵이 맛있어요"", ""인테리어가 멋져요"", ""사진이 잘 나와요""]",,true,2026-09-01T06:31:47+00:00,naver_화이트바움_20260901T055008Z#25
naver,화이트바움,1559402792,https://pcmap.place.naver.com/restaurant/1559402792/review/visitor,6a93c76ed1f2919d72ba16a2,ck****,2bYzp,https://m.place.naver.com/my/5c3d2cba97a6d7254fabcbd8/review?v=2,5.0,"연인 및 가족들과 오기 좋아요.
빵이 맛있어요~",2026-08-30,2026-08-30,1,1,"[""https://pup-review-phinf.pstatic.net/MjAyNjA4MzBfMjA3/MDAxNzg4MDY5NzQxMDYw.B65VgjTbTru9tkJEUkMzONBafY8BafTrxMIoOStg7Hgg.K0hPzuGR9fzLV3DHJZPmSKA-joZhgDVcv5MiCEUMCCwg.JPEG/20260830_145618.jpg.jpg?type=w1500_60_sharpen""]",0,"[""빵이 맛있어요"", ""커피가 맛있어요"", ""친절해요"", ""매장이 청결해요"", ""인테리어가 멋져요""]",,true,2026-09-01T06:31:47+00:00,naver_화이트바움_20260901T055008Z#26
naver,화이트바움,1559402792,https://pcmap.place.naver.com/restaurant/1559402792/review/visitor,6a93bddd231613e5444352ba,109****,2KCpJ,https://m.place.naver.com/my/5b665c2e3c923a12b5bcdc09/review?v=2,5.0,에버랜드랑 가까워서 아이들이랑 집 가기전에 들린카페인데 대형카페라 장소도 크고 빵도 맛잇고 시그니처라떼도 너무 맛있었어요!,2026-08-30,2026-08-30,1,,,0,"[""커피가 맛있어요"", ""디저트가 맛있어요"", ""빵이 맛있어요""]",,true,2026-09-01T06:31:47+00:00,naver_화이트바움_20260901T055008Z#27
naver,화이트바움,1559402792,https://pcmap.place.naver.com/restaurant/1559402792/review/visitor,6a93b4ca8a224308f0b004b4,말동건,1TBm1,https://m.place.naver.com/my/5f05792d425190b39b95f9ed/review?v=2,5.0,"중딩 아이들과 삼성화재 모빌리티 왔다가 1분 거리 카페왔어요~♡ 아이들이 좋아하는 빵 종류도 많고, 예쁜 그림들이 엄~청 많아서 겔러리에서 마시는 것 같은 기분이예요~~^^*",2026-08-30,2026-08-30,1,2,"[""https://pup-review-phinf.pstatic.net/MjAyNjA4MzBfNCAg/MDAxNzg4MDY0OTY4ODkx.Rbmza8mVCF7hDRtYC_IF4cT1vd_eecv3GSLnjgDteEYg.a1mz7vAfFCkd559tWsqyYNKnyHGimc4AKbgmoW5NlZYg.JPEG/20260830_134055.jpg.jpg?type=w1500_60_sharpen"", ""https://pup-review-phinf.pstatic.net/MjAyNjA4MzBfNDYg/MDAxNzg4MDY1MDI3NTg2.L9Nx4yFQjhP-IieijhT1uKRSbI1P2ipXNrsEG6a6QbUg.GknobjFe-bru_BKJuz9rCKWk3F8e8pM53r2B5AcbYPIg.JPEG/20260830_134322.jpg.jpg?type=w1500_60_sharpen""]",0,"[""인테리어가 멋져요"", ""사진이 잘 나와요"", ""디저트가 맛있어요"", ""빵이 맛있어요"", ""음료가 맛있어요""]",,true,2026-09-01T06:31:47+00:00,naver_화이트바움_20260901T055008Z#28
naver,화이트바움,1559402792,https://pcmap.place.naver.com/restaurant/1559402792/review/visitor,6a93b4b2b513018b7af5b600,조디악78,2uuY8,https://m.place.naver.com/my/5e6849758f87a842bc3f5e54/review?v=2,5.0,삼성화재 모빌리티 박물관 갔다가 우연히 발견한 카페인데 커피와 빵들이 담백하고 맛있었습니다.,2026-08-30,2026-08-30,1,2,"[""https://pup-review-phinf.pstatic.net/MjAyNjA4MzBfMjYz/MDAxNzg4MDY0OTQ0NjIx.N3fCm_r6yq7u6G5EIkBntsukzqP4ZEx5kWGXgoUrRZsg.ngzKQb14r-3TPtgGkEL4z0fCq7FIkIvUyB3wJMDOVOQg.JPEG/20260830_134108.jpg.jpg?type=w1500_60_sharpen"", ""https://pup-review-phinf.pstatic.net/MjAyNjA4MzBfNSAg/MDAxNzg4MDY1MDg4MjA3.leIHH_jQQBVWrPlGFJG7d2kJmNFSWbYWjpRRbDsHFMsg.TNTrrVkL8PK0pyf-kXtGBaXC5zBpftFh8Z8iFt_OLR4g.JPEG/20260830_134400.jpg.jpg?type=w1500_60_sharpen""]",0,"[""디저트가 맛있어요"", ""빵이 맛있어요"", ""야외공간이 멋져요"", ""매장이 넓어요"", ""오래 머무르기 좋아요""]",,true,2026-09-01T06:31:47+00:00,naver_화이트바움_20260901T055008Z#29
naver,테라로사 용인에버랜드점,2028927562,https://pcmap.place.naver.com/restaurant/2028927562/review/visitor,6a1b35f382c7d534e605e89d,BlackBananaBread,chbvt,https://m.place.naver.com/my/5e14f26a8f87a842bcdffe3e/review?v=2,5.0,"📍테라로사 용인에버랜드점
마지막 사진 속 예술 작품 근처에 있어요. 테라로사가 유명하다는 이야기는 많이 들었는데, 용인 에버랜드에서 처음 방문하게 되었어요.

음료가 투명한 유리잔에 제공되어 시원하게 마실 수 있었고, 커피도 정말 맛있네요.

약간 출출해서 주문한 바닐라 사브레 쿠키는 함께 나눠먹기도 좋고 맛있었어요.

벽면에는 에코백, 텀블러 같은 제품도 판매 중이네요. 집 근처 백화점이나 쇼핑몰에 입점했다면, 자주 갔을 듯한 분위기와 맛을 갖추고 있어요.

키오스크가 있어서 우유 옵션까지 선택해서 주문할 수 있었어요.

특히 야외 좌석은 유럽의 노천카페 같은 느낌으로 꾸며져 여기서 사진 찍으면 예쁘게 나올 거 같아요.

테라로사 커피가 맛있어서 다음에는 또 다른 테라로사 매장을 직접 찾아가보려고 합니다.",2026-05-31,2026-05-30,1,20,"[""https://pup-review-phinf.pstatic.net/MjAyNjA1MzFfOTUg/MDAxNzgwMTY4MTczNTAw.DEXvI7vuODjYlWjYqONWFDl9yrwJLTxev3gstffgLbYg.suPgdMf579cicfaOk2MHB3X29y7GaX6FaiwZV4svo20g.JPEG/20260530_175418.jpg.jpg?type=w1500_60_sharpen"", ""https://pup-review-phinf.pstatic.net/MjAyNjA1MzFfNDcg/MDAxNzgwMTY4MTczNDc0.xIvTcPa7o9YQs7l46ewNfDXNX8ywYM-VIMNep_ixuqQg.7gessQ2BYc1wDpxmNArhRQC1wB_wqI7NL21bz1ts34Ag.JPEG/20260530_192601.jpg.jpg?type=w1500_60_sharpen"", ""https://pup-review-phinf.pstatic.net/MjAyNjA1MzFfMjM3/MDAxNzgwMTY4MTczNTA2.NyW0D7ia4kNWvtd9YNIrrEcmP-eZW9yCLAraBJEbba4g.sB1RAEZ_8KE8WDRMwYP3ky3-PIrLbjMav40cyZG2oxYg.JPEG/20260530_192621.jpg.jpg?type=w1500_60_sharpen"", ""https://pup-review-phinf.pstatic.net/MjAyNjA1MzFfMTAx/MDAxNzgwMTY4MTczNTEy._Wr1QJbnXmYQNo90wmyMkyVo7mQpJ2WwD4j0ZKCvuaEg.IWmYXzUR9FexUBfr_hPKxSXp7cV5W4uqZW47v7NcokQg.JPEG/20260530_192629.jpg.jpg?type=w1500_60_sharpen"", ""https://pup-review-phinf.pstatic.net/MjAyNjA1MzFfNDgg/MDAxNzgwMTY4MTczNjUy.bnNDkGPJmhJUXFai1KhdDszcYPYvuXIW8E5tJIUwX4og.oo106pWG55E_N623kQSg0nMn5YMZfby2oV8jrnh2WCgg.JPEG/20260530_194722.jpg.jpg?type=w1500_60_sharpen"", ""https://pup-review-phinf.pstatic.net/MjAyNjA1MzFfMTQ5/MDAxNzgwMTY4MTc1MjQw.jc4PcDlg5-n5N4rwHv90vg6jtF-FQbfAJ_XtIjV6IHEg.Y9qLFClbRKswDiB6mq92ey13K-swXkwSWLtTnN6C5Pgg.JPEG/20260530_192406.jpg.jpg?type=w1500_60_sharpen"", ""https://pup-review-phinf.pstatic.net/MjAyNjA1MzFfMTEz/MDAxNzgwMTY4MTc1MzI4.lOYzKrbNHx3juq-6iYZejsgvdUTpKMiF43Pizd7RFzog.3171ZyErSdnlbO3E3hrLsLnd2Z8fukyjBVfXsb_9Y8Ig.JPEG/20260530_192357.jpg.jpg?type=w1500_60_sharpen"", ""https://pup-review-phinf.pstatic.net/MjAyNjA1MzFfMjg1/MDAxNzgwMTY4MTc1MzIw.YfVL3GrXMjJhv1taEn73UgVZSIqZmNPS05BZZmbDV_Qg.lD8BRQODjPdSlxn3Yn4bAPv6_8R02ni2aBnhHjGhUTQg.JPEG/20260530_192346.jpg.jpg?type=w1500_60_sharpen"", ""https://pup-review-phinf.pstatic.net/MjAyNjA1MzFfMjUx/MDAxNzgwMTY4MTc1Mzgy.7JQqPv-2sK7F9Mr9UGqoYM2Chwbr96pTxxMPTlX2SFgg.z3iiwZ4GW9Srf92ahda8NMS7dO1_kPk4mO2_hXPGerMg.JPEG/20260530_192339.jpg.jpg?type=w1500_60_sharpen"", ""https://pup-review-phinf.pstatic.net/MjAyNjA1MzFfMTg2/MDAxNzgwMTY4MTc1NTE5.PyPbw3TpKZxwZPKUVJH36LG6wRH1V2p9sptpxxdtNZYg.zqpudtpsKkQ3PlewDWShhf3UgLszm4y1cLL9t4oVRVEg.JPEG/20260530_192304.jpg.jpg?type=w1500_60_sharpen"", ""https://pup-review-phinf.pstatic.net/MjAyNjA1MzFfODMg/MDAxNzgwMTY4MTc2NTQ3.eLl1JDVNPOEGPb-BXpOXJuPp4mNocAOeqOHiwTZdzs4g.jhlRI5ffUqgc6Sgs46CqO0iVi0ki6WKzruMSAIBGy6Ag.JPEG/20260530_192236.jpg.jpg?type=w1500_60_sharpen"", ""https://pup-review-phinf.pstatic.net/MjAyNjA1MzFfMjk3/MDAxNzgwMTY4MTc2NTY1.CIzBQfx0umC_0ZfmgHJ-KF5D1H4Td7NkDdCbg_E4U88g.Bi1euOryJiQK-Z_oN8Ioslg_ZEDEcz7lllS6pc5fDSsg.JPEG/20260530_192207.jpg.jpg?type=w1500_60_sharpen"", ""https://pup-review-phinf.pstatic.net/MjAyNjA1MzFfMjU2/MDAxNzgwMTY4MTc2NjU5.3Aq1ljDekp90AraASrQiVP0RHdtYpGScgoyBsEBkoOMg.3piAaT0Q_EIwESoIOAhC7VKvxwBEGYY4JzDaZ3dcc_wg.JPEG/20260530_192112.jpg.jpg?type=w1500_60_sharpen"", ""https://pup-review-phinf.pstatic.net/MjAyNjA1MzFfNTgg/MDAxNzgwMTY4MTc2ODQ4.oHxlgNsJqNAO8p3JIB-e6kzP3uNTmw4pU50-5yF7t5Ig.WFiXuYaOIiLuvHd0xNMgdUJB8VZVBFy9_YskAeHw57kg.JPEG/20260530_192104.jpg.jpg?type=w1500_60_sharpen"", ""https://pup-review-phinf.pstatic.net/MjAyNjA1MzFfMzcg/MDAxNzgwMTY4MTc2ODcz.C9bibzurifZq0vZONvXpMGBb-buQCTl-vy5Pi9iD0Pkg.c14TEdPW4EVQdRCICwu3xydTZJ3YAQGg85qktUhPbKQg.JPEG/20260530_192057.jpg.jpg?type=w1500_60_sharpen"", ""https://pup-review-phinf.pstatic.net/MjAyNjA1MzFfMzAw/MDAxNzgwMTY4MTc3NzYy.j_oDWunGaKTg48B387FUTkVwppKj3ypU12-lBFK1PaYg.9FxcnOw4Zs3NIoTHNChggA7y9DgcnaYcf_4eLXJnLU8g.JPEG/20260530_192048.jpg.jpg?type=w1500_60_sharpen"", ""https://pup-review-phinf.pstatic.net/MjAyNjA1MzFfMjQ5/MDAxNzgwMTY4MTc3ODIx.frvVWG2F8PxxvapvLeRXS64ZvZZVsYRTX8gelQriq_4g.a8eMq1UzYkLLTC0NDGyURy_oR9G_S6aSmhidZbx183Ig.JPEG/20260530_192015.jpg.jpg?type=w1500_60_sharpen"", ""https://pup-review-phinf.pstatic.net/MjAyNjA1MzFfMTQ3/MDAxNzgwMTY4MTc3ODY4.fguyBFWS9r7UDq9BBMXC-2uSq8lJR7jIthnCa3uoHNwg.QzJLVM3rbU8j0J3NPXY6fgVue_02wBIjrTRVYUrs6Dkg.JPEG/20260530_192008.jpg.jpg?type=w1500_60_sharpen"", ""https://pup-review-phinf.pstatic.net/MjAyNjA1MzFfMTcg/MDAxNzgwMTY4MTc4MDgx.EjzBS5TvYmeus9slDsPepeal_px6ipyWXwSRcbDCIGAg.a_-slV-nDymKgg2hfOD6amELjemfLYLGoTsxc9ayfuAg.JPEG/20260530_175739.jpg.jpg?type=w1500_60_sharpen"", ""https://pup-review-phinf.pstatic.net/MjAyNjA1MzFfNjAg/MDAxNzgwMTY4MTc4MTg2.6cCJdlZhP4OwNs26mJzUQQJ6w-I0p-8ojuMRhnxSSTYg.vc-3T8EibkuDB-s86r5LAyk-k5jesiHSRXrOfIMq0FQg.JPEG/20260530_194954.jpg.jpg?type=w1500_60_sharpen""]",8,"[""커피가 맛있어요"", ""음료가 맛있어요"", ""디저트가 맛있어요"", ""대화하기 좋아요"", ""아늑해요""]",,true,2026-09-01T06:33:33+00:00,naver_테라로사-용인에버랜드점_20260901T055008Z#0
naver,테라로사 용인에버랜드점,2028927562,https://pcmap.place.naver.com/restaurant/2028927562/review/visitor,6a39cf3465ff1d8d2eeb805f,맛있으면 소설가됨,1e2Gp,https://m.place.naver.com/my/5b9b8405320daf28dc8f508a/review?v=2,5.0,"에버랜드 안쪽에 위치한 테라로사 입니다. 

드립커피로 주문했고, 주문과 동시에 정성스레 추출해주시는 모습을 직접 볼 수 있었습니다. 

저는 저기에 씌여진 맛들을 모두 느낄 수는 없었지만 그래도 맛있는 커피라는 것은 알 수 있었습니다. 

한잔 들고나와 퍼레이드와 불꽃놀이를 구경하며 에버랜드 나들이의 마지막을 장식하고 퇴장했습니다. 

'20시 테라로사 에버랜드점, 에티오피아 시다마 벤 토착종 워시드, 윤슬, 그리고 너.'",2026-06-23,2026-06-21,1,6,"[""https://pup-review-phinf.pstatic.net/MjAyNjA2MjNfMjYg/MDAxNzgyMTczNDg1NTY1.S1Kahs1R82H8r6RzMMgn2Ru-jjoEScerSkK_nO4zH8Eg.ZxdIg4yvmuAyNsy5NHOL7dtz3FKm6N7RPMVCc2zrqUkg.JPEG/P6211326.JPG.jpg?type=w1500_60_sharpen"", ""https://pup-review-phinf.pstatic.net/MjAyNjA2MjNfMTQ4/MDAxNzgyMTczNDg4NDM4.57yoUX7IlUeXOpPUF5MK8_u8HhHDqPCy3bh074kwb4Yg.EbG81NpZvxraWqWMvKVwTsuvxCjM3l7rNQpxB2PL370g.JPEG/P6211324.JPG.jpg?type=w1500_60_sharpen"", ""https://pup-review-phinf.pstatic.net/MjAyNjA2MjNfMjQg/MDAxNzgyMTczNDg4ODQy.nQuTe8F7CkW1pWW3CDSHV2oAdSk4inO90_xJcT1GnsQg.SsuoHWhZCJSbqxC2R-qR6aEeuJBDS0N98DoY9E4HOzEg.JPEG/P6211325.JPG.jpg?type=w1500_60_sharpen"", ""https://pup-review-phinf.pstatic.net/MjAyNjA2MjNfMTE0/MDAxNzgyMTczNDg2OTM2.ROpUbMnUMn1GuoV7JoZQFPuaVpRZhfYYqKgk7ws-KZcg.JSR6w6Uda0Vm-jEozauuSB6Ly_jyBrUy-_eilal7m3Ag.JPEG/P6211331.JPG.jpg?type=w1500_60_sharpen"", ""https://pup-review-phinf.pstatic.net/MjAyNjA2MjNfNTgg/MDAxNzgyMTczNDc2MjE5.qm8nPWLr7I-2jGE5LJY_TjspmbDNvtsiCSuNvAJ6ewUg.e9pJqT1jzJA6vMr0-MvuEKCn8w5r0mqH4b6BHTuwBZcg.JPEG/0afb7_74007.webp.webp.jpg?type=w1500_60_sharpen"", ""https://pup-review-phinf.pstatic.net/MjAyNjA2MjNfMTU2/MDAxNzgyMTczNDkwMjg4.Cw2LIn7Z5aORXpq8PhaO6p_fM2BLStCxYpXU-0-NI1Mg.p6lI-gnXGqgGD08ml_hzYaat3ORmIbrFeXjpMgFKcPsg.JPEG/P6211327.JPG.jpg?type=w1500_60_sharpen""]",4,"[""커피가 맛있어요"", ""집중하기 좋아요"", ""뷰가 좋아요"", ""친절해요""]",,true,2026-09-01T06:33:33+00:00,naver_테라로사-용인에버랜드점_20260901T055008Z#1
naver,테라로사 용인에버랜드점,2028927562,https://pcmap.place.naver.com/restaurant/2028927562/review/visitor,6a32b668c4bbe3756433172f,장미향,1fNzw,https://m.place.naver.com/my/5e4e5f108f87a842bcf17ce1/review?v=2,4.0,"테라로사 에버랜드점
장미공원이 보이는곳에 위치한 테라로사
커피맛도 일품이구
레몬 치즈케이크도 맛있어요 
뜨거운 날 쉬면서 커피한잔 하기 좋은 곳이네요",2026-06-17,2026-06-16,1,6,"[""https://pup-review-phinf.pstatic.net/MjAyNjA2MTdfMTQ3/MDAxNzgxNzA4Mzg5ODUz.BA-CFe6tKkWida-N43nq_fD4KAFjz1NM53cujhAvxl0g.ebMHc8pRi-ejb_svqqzUbOstrVdV5fVLbkVgLBKyTv4g.JPEG/20260616_115111.heic.jpg?type=w1500_60_sharpen"", ""https://pup-review-phinf.pstatic.net/MjAyNjA2MTdfMTc3/MDAxNzgxNzA4Mzg5OTMx.ALRTp5o5ZCbkNXY2TB51gJhIwNDQISXGnQm0i7SU9Dwg.BJ-HFXhJvvIUm08xTNVV48tgaxBGXqtrVjYEH58ieJUg.JPEG/20260616_115514.heic.jpg?type=w1500_60_sharpen"", ""https://pup-review-phinf.pstatic.net/MjAyNjA2MTdfMjE2/MDAxNzgxNzA4MzkwNTYy.2yzSDEDU77x8wag_r3kpnAWVKR1y4UV1T9UlQzkvD8kg.lvu5bQEpRp0-tU5hobxJaJI8-9FRI8fSmWSNorO92GIg.JPEG/20260616_115108.heic.jpg?type=w1500_60_sharpen"", ""https://pup-review-phinf.pstatic.net/MjAyNjA2MTdfMTgy/MDAxNzgxNzA4MzkwMTU3.CHbxAnrD_mbF6oXa5jiGxqrNDjZCACTq1lXIuMBxLNEg.CSOfC0try5ajAzA4aJxKS8kTvPhG1z_Tcg4kXFKTvHIg.JPEG/20260616_115059.heic.jpg?type=w1500_60_sharpen"", ""https://pup-review-phinf.pstatic.net/MjAyNjA2MTdfMjky/MDAxNzgxNzA4MzkwMTQ5.jOuLwPfK4GG8XZOt1KVdtVczpTeSJS3Ou5v2bhAjCJQg.bPMBX1Yi8D6rEQvH9ST5bx7zHoYbOANo6ondBoFZUCIg.JPEG/20260616_114903.jpg.jpg?type=w1500_60_sharpen"", ""https://pup-review-phinf.pstatic.net/MjAyNjA2MTdfMTc2/MDAxNzgxNzA4MzkxMTEy.xeAGhljXCKqHn2pT_X2ROYJ0IcmUefFH4Wp6HxkAzRYg.TxfvPDhZFOxfHVjVSByQbZeTGRCKTZhnKvt8h0E1KxEg.JPEG/20260616_114859.jpg.jpg?type=w1500_60_sharpen""]",0,"[""커피가 맛있어요"", ""디저트가 맛있어요"", ""인테리어가 멋져요"", ""사진이 잘 나와요"", ""뷰가 좋아요""]",,true,2026-09-01T06:33:33+00:00,naver_테라로사-용인에버랜드점_20260901T055008Z#2
naver,테라로사 용인에버랜드점,2028927562,https://pcmap.place.naver.com/restaurant/2028927562/review/visitor,69fa8230dd06a04b6decce19,슈퍼이끌림,1liqj,https://m.place.naver.com/my/5ba18afac4abf2e1eb339529/review?v=2,5.0,"테라로사 용인에버랜드점🎢🎡🎠🌿
""탁 트인 층고와 벽돌 감성이 매력적인 테라로사 용인에버랜드점에 다녀왔어요. ✨
층고가 높고 클래식한 도서관 느낌의 벽면 인테리어가 인상적!!. ""북적이는 놀이공원 속에서 잠시 여유를 찾을 수 있는 세련된 휴식처""
에버랜드에서 만난 인생 라떼! ☕️
줄 서느라 지친 체력을 강릉크림라떼 한 잔으로 완벽 충전했어요.
고소하고 달콤한 크림이 피로를 싹 잊게 해주는 맛! 매장 인테리어도 너무 예뻐서 사진 찍기에도 좋고, 잠시 쉬어가기 딱이네요. 에버랜드 필수 코스로 추천! 🎢✨
슈퍼이끌림 🌿🌿🌿🌿🌿

#에버랜드카페 #테라로사 #강릉크림라떼 #에버랜드맛집",2026-05-06,2026-04-22,1,9,"[""https://pup-review-phinf.pstatic.net/MjAyNjA1MDZfMTc3/MDAxNzc4MDI1MDA1NzI3.iT--EDXwlgwXTWbw2k25UPUUhynxhwE0U0te7jnpRZkg.a5_I6uigdSVJJbUosna0XT7MHmCq0fDxjci9yX4Z4Cgg.JPEG/20260422_112127.jpg.jpg?type=w1500_60_sharpen"", ""https://pup-review-phinf.pstatic.net/MjAyNjA1MDZfMTEx/MDAxNzc4MDI1MDA1NjM1.7brb7Lr_1vslI_zmzID5t7lZEowuM1Am_73KGax7Qqog.Dc4Ptsoy0YW3GMNSh819vq2UBLmh1JyPMBLxdkKLOeMg.JPEG/20260422_112112.jpg.jpg?type=w1500_60_sharpen"", ""https://pup-review-phinf.pstatic.net/MjAyNjA1MDZfMTY4/MDAxNzc4MDI1MDA1NzYx.Se0Xi2CaSWaCXA6OFzc9U-PmZRtHSmRR1AMvtl2Yf7Ag.EPWYW-UCU4syA4Vcs-5d_YHZFj0JseLZysEVb40LPN8g.JPEG/20260422_112101.jpg.jpg?type=w1500_60_sharpen"", ""https://pup-review-phinf.pstatic.net/MjAyNjA1MDZfMjI0/MDAxNzc4MDI1MDA1NzAy.qNE9rYYETfprnxcgBlzoEYaxdBYneKX2Dq27Zv__JA4g.Y_KRXMgYOELYLtzcTwYDfSEmPXenIxlgbEfEKrEdV6Qg.JPEG/video_thumbnail.jpg"", ""https://pup-review-phinf.pstatic.net/MjAyNjA1MDZfMTAx/MDAxNzc4MDI1MDA1NzEy.3Hfs9d5CauHc6R0tzeXfjlrxtdA56xPoY9HkAReQIVQg.RtV1HVYVZMqBgzg-yhJawoNRjyH65F2AfCv9wnzEnDEg.JPEG/20260422_112026.jpg.jpg?type=w1500_60_sharpen"", ""https://pup-review-phinf.pstatic.net/MjAyNjA1MDZfMjc3/MDAxNzc4MDI1MDA2NjY1.EKJaXKq-MWk89Wc8VZzE-LybZ7ogossSv8-rCDUXK2sg.47kPfe9WlqlzPJWDaHDrym__Cs5jHO4Sce3S3rtSblQg.JPEG/video_thumbnail.jpg"", ""https://pup-review-phinf.pstatic.net/MjAyNjA1MDZfMjA2/MDAxNzc4MDI1MDA2ODM0.BHmBJNX-dcQpOSsIbsjw4eGbkoOmZsM02hs76X4ZYKQg.PJiQvQ9NJP29vAr--yQH9gEiHzjgUPYh407wdprFY_Eg.JPEG/20260422_112844.jpg.jpg?type=w1500_60_sharpen"", ""https://pup-review-phinf.pstatic.net/MjAyNjA1MDZfMjM3/MDAxNzc4MDI1MDA2NzU0.B_RYNLE3veIgygItmOs6NisD-mnx7f6WrvXkiOhCES8g.gTVqK2TZgzCMlaxnTaFklQuitRz9cVu4qAR08zPhoT4g.JPEG/20260422_112755.jpg.jpg?type=w1500_60_sharpen"", ""https://pup-review-phinf.pstatic.net/MjAyNjA1MDZfNjIg/MDAxNzc4MDI1MDA2ODQ4.zQaI6CMwlZP0QtTcuPnIPZCqY5EenQUMfHrJCcu2KBog.06D4-n5R1YdG7jtZ5sWy3Ka51ydJUOzSY-0--XRhwPMg.JPEG/20260422_111656.jpg.jpg?type=w1500_60_sharpen""]",0,"[""커피가 맛있어요"", ""사진이 잘 나와요"", ""대화하기 좋아요"", ""뷰가 좋아요""]",,true,2026-09-01T06:33:33+00:00,naver_테라로사-용인에버랜드점_20260901T055008Z#3
naver,테라로사 용인에버랜드점,2028927562,https://pcmap.place.naver.com/restaurant/2028927562/review/visitor,6a65919f4631c21e2b06d40f,fa****,amhmU,https://m.place.naver.com/my/5d6249018f87a842bc64457f/review?v=2,5.0,"제주금귤&자몽에이드,바닐라 리떼&아메리카노 두잔
날씨 심각하게 덥고 구토할것 같은데 카페있어서 너무 다행이네요ㅜㅜ
진짜 빈속엔 놀이기구 탑승 불가능이네요
아직 어린30대인데요...",2026-07-26,2026-07-26,1,5,"[""https://pup-review-phinf.pstatic.net/MjAyNjA3MjZfMjA2/MDAxNzg1MDQxMzA5MzQw.LLr8CKk7_pU9bbbjW9hP-py2jGeyBucLZhxnY-W1kHIg.XtMcVBFI_P1FgJazR1A-zzSu29oWpoRuQOg2R4YCYkMg.JPEG/20260726_134028.jpg.jpg?type=w1500_60_sharpen"", ""https://pup-review-phinf.pstatic.net/MjAyNjA3MjZfMTgg/MDAxNzg1MDQxMzEwMDA5.T9gVSuTg5S6Dzf3W3zPOuzJhWIUA84f7SDXkjBq3Bskg.lpqMM4oULYdHr7A7O7mYNwpbwLuWzOsHuFz8hNweZ_Eg.JPEG/20260726_125622.jpg.jpg?type=w1500_60_sharpen"", ""https://pup-review-phinf.pstatic.net/MjAyNjA3MjZfMjEz/MDAxNzg1MDQxMzA5Mzk0.9R7PgqE3YufB-sB9tZYfeWndVQEHh2HZK08clG-TCTAg.7rohtfGfT6-UQzEpXKnOFm0M3DzC7pZ_Z13RFVEXro4g.JPEG/20260726_102119.jpg.jpg?type=w1500_60_sharpen"", ""https://pup-review-phinf.pstatic.net/MjAyNjA3MjZfMjQx/MDAxNzg1MDQxMzA5NDE3.Zy22adLu_GDkUxfkQpxMuFv1ei6VPsvXPzC7S6qJyaEg.XONuJ6ESxPyp7VLZiE4ULlZyLniKUG-Zd_jYuHyz7HEg.JPEG/20260726_102116.jpg.jpg?type=w1500_60_sharpen"", ""https://pup-review-phinf.pstatic.net/MjAyNjA3MjZfMTY0/MDAxNzg1MDQxMzA5NTcx.S9EdLCWFbj5MVgy3Bsk3myfk6ANPVD_-kf1aoxYBlngg.QdyzvPKfQsLO-WQZK6YNYqWbOrh199yfc_VCJ_afEXAg.JPEG/20260726_101948.jpg.jpg?type=w1500_60_sharpen""]",0,"[""커피가 맛있어요"", ""사진이 잘 나와요"", ""인테리어가 멋져요"", ""대화하기 좋아요"", ""뷰가 좋아요""]",,true,2026-09-01T06:33:33+00:00,naver_테라로사-용인에버랜드점_20260901T055008Z#4
naver,테라로사 용인에버랜드점,2028927562,https://pcmap.place.naver.com/restaurant/2028927562/review/visitor,69f7b6e2080918c8fab4a3d1,리리녕,M2Iq,https://m.place.naver.com/my/5bd69a12b8b0616061f9b9b1/review?v=2,5.0,"아니 에버랜드에 테라로사라니..!
보이자마자 못참고 방문했어여
1시.. 가장 더운 시간이라 그런가 사람들 정말 많고 자리 겨우겨우  앉았네요🤣
말차라떼 마시고싶었는데 얘도 품절이고 생각보다 품절인 애들이 많았음 ㅠ
이름부터 신기했던 실론 시나몬라떼랑 베르가못 스윗 머시기 주문!
둘다 향부터 맛까지 독특한데 신기하면서 맛있는 맛이라 다 마시게 되더라구요><
매장 자체도 예쁘지만 뒤쪽 길목이랑 옆에 꽃밭에서 사진 찍으면 예쁘니 한장씩 건져가세요~",2026-05-04,2026-04-30,1,3,"[""https://pup-review-phinf.pstatic.net/MjAyNjA1MDRfMjYx/MDAxNzc3ODQxODg1OTA1.VWBo0JHNEPldejIMrCBvexOUFmThnRpN36c05bjlzvwg.HC9XKue0KG1J5jR0lhfIyvy_Iu_Lk82j9kn8XdxiyNwg.JPEG/1000154416.jpg.jpg?type=w1500_60_sharpen"", ""https://pup-review-phinf.pstatic.net/MjAyNjA1MDRfMjIy/MDAxNzc3ODQxODg3OTg4.cVg-L5bQNd69FTS6W5l8UPxAYdNdgwVwvIxPwqkEESwg.uiHN4tYgHjfsu1EjqPyn8cYFu1P48JSjz082I29ZAicg.JPEG/1000154411.jpg.jpg?type=w1500_60_sharpen"", ""https://pup-review-phinf.pstatic.net/MjAyNjA1MDRfMjQ0/MDAxNzc3ODQxODg2ODIz.Pe1Va5_MfAnusweh8u6ZASKuZzehnipsFY40U0XvgB0g.xoZS5WbJpfxVi027EVZvyjqJg4fwfsPR7fo2cW5Qj1wg.JPEG/1000154422.jpg.jpg?type=w1500_60_sharpen""]",1,"[""커피가 맛있어요"", ""음료가 맛있어요"", ""친절해요"", ""좌석이 편해요"", ""인테리어가 멋져요""]",,true,2026-09-01T06:33:33+00:00,naver_테라로사-용인에버랜드점_20260901T055008Z#5
naver,테라로사 용인에버랜드점,2028927562,https://pcmap.place.naver.com/restaurant/2028927562/review/visitor,69f4ae69351527f6e8e14568,쌍덕배,1qZdG,https://m.place.naver.com/my/5cdfffec8f87a842bccd7248/review?v=2,5.0,"놀만큼 놀고 지쳐 방문했는데 역시 테라로사라 그런지 맛있었고 매장도 평범하게 밖에 있는 곳들과 똑같아서 좋았어요.
개방감있는 통창 인테리어로 에버랜드 튤립정원이 잘 보여서 풍경이 너무 좋았어요.
정말 우연히 퍼레이드 시간에 맞춰 창가자리에 앉아서 편히 앉아 퍼레이드 구경했습니다.
연기자분들께 잘보이는 자리라서 어느정도 눈맞춤도 가능했어요.
매장에서 화장실이 조금 먼게 흠이지만 매장 자체는 만족스러워요.
개인적으로 테라로사 티라미수가 맛있어서 추천하고 싶어요.",2026-05-01,2026-04-16,1,2,"[""https://pup-review-phinf.pstatic.net/MjAyNjA1MDFfMTU3/MDAxNzc3NjQzMTExNzc0.T-RLEHr_nrxcRufQ8aUhE9rDMMuqZuYBL9Jqknw10vMg.YTXpMDXR_QrWynUwz3VM5YYOvyhsyJ-DqfCRvvhkjmAg.JPEG/1000035803.jpg.jpg?type=w1500_60_sharpen"", ""https://pup-review-phinf.pstatic.net/MjAyNjA1MDFfMTE3/MDAxNzc3NjQzMTExNjY1.iDKASsAs1nUytO9DRhHMG0giF2MivIkea1whxxYr7Fog.xYfxkcuIlQ6vDKvA-60rLraJxMuFLXcSvOc9FmGkKG4g.JPEG/1000035806.jpg.jpg?type=w1500_60_sharpen""]",0,"[""디저트가 맛있어요"", ""커피가 맛있어요"", ""대화하기 좋아요""]",,true,2026-09-01T06:33:33+00:00,naver_테라로사-용인에버랜드점_20260901T055008Z#6
naver,테라로사 용인에버랜드점,2028927562,https://pcmap.place.naver.com/restaurant/2028927562/review/visitor,69fca8736317d102e8ca0963,유 집 사,64AOE,https://m.place.naver.com/my/5f061216c6c911a490bcb4c8/review?v=2,5.0,"커피는 산미가 있고 강릉크림라떼가 맛있었어요
에버랜드 사람 너무 많고 힘들어서 잠깐 쉬러왔습니다
커피 한잔하니 힐링되네요",2026-05-07,2026-04-26,1,3,"[""https://pup-review-phinf.pstatic.net/MjAyNjA1MDdfMjM2/MDAxNzc4MTY1ODczNTE3.20KwYH2NNyfx6yWPGKG-rAIBEfAdDzOPGCVwbdrqWpAg.FV717R5HHUZxO8W1bwcdv7jtbC7G4r1ZoCrlfUQsXLwg.JPEG/F131F123-E782-4279-B204-A0A19E2AE8BB.jpeg?type=w1500_60_sharpen"", ""https://pup-review-phinf.pstatic.net/MjAyNjA1MDdfMTQ1/MDAxNzc4MTY1ODcyNzAw.RlcP-cN1qwCDC14aOZH1Rxv5L3cHL27V8Ja04vTQuDwg.iFtW2ahFF0_oohoNlYEpidX4V7OzDx2fpgCEhn-K02cg.JPEG/E248B1E9-7D61-4A55-8CEE-E49E7D74D83C.jpeg?type=w1500_60_sharpen"", ""https://pup-review-phinf.pstatic.net/MjAyNjA1MDdfMjUy/MDAxNzc4MTY1ODc0MTM3.IJ1HENtV69yz6YLKBsC8dZznrQRTI29WtoKovl72sgkg.3QwouiQ0MfNtQNgOqCcdgNMUfxIGlL_CbjWJNxat8AYg.JPEG/C807B276-BCA1-4862-8CEB-8F4A6132F048.jpeg?type=w1500_60_sharpen""]",0,"[""커피가 맛있어요"", ""음료가 맛있어요"", ""매장이 넓어요"", ""특별한 날 가기 좋아요""]",,true,2026-09-01T06:33:33+00:00,naver_테라로사-용인에버랜드점_20260901T055008Z#7
naver,테라로사 용인에버랜드점,2028927562,https://pcmap.place.naver.com/restaurant/2028927562/review/visitor,6a2121adb6e9a1ef14ac8a54,고로 고로링,7LdVa,https://m.place.naver.com/my/5efec87768401871104f1ca3/review?v=2,5.0,"에버랜드 방문시 가장 즐겨가는 곳입니다. 
특히 반팔입으신 남자 직원분 정말 친절하시고 정성스럽게 음료 제조해주셔서 감사해요. 오늘 오후에 갑자기 비가 욌는데 야외 테이블, 의자 등 빠르게 정리하시는 모습 보고 늘 매장이 청결하고 쾌적한 이유가 있구나 했어요~ 
에버랜드 갈 때마다 찾고 싶은 곳입니다^^",2026-06-04,2026-06-04,1,1,"[""https://pup-review-phinf.pstatic.net/MjAyNjA2MDRfMTU1/MDAxNzgwNTU3MjAxMDEw.gR_Ghy2V4t4roAcxo9E25a6q-2EVXWAQM_eyo7Hlkcwg.NVQEqRhHVK5iYMiDaAhyXaHN0U5MojZJZcgV1uSANI4g.JPEG/B5BA955E-78BB-4BF0-B891-EDFD3D2E4958.jpeg?type=w1500_60_sharpen""]",0,"[""커피가 맛있어요"", ""주문제작을 잘해줘요"", ""인테리어가 멋져요"", ""사진이 잘 나와요"", ""대화하기 좋아요""]",,true,2026-09-01T06:33:33+00:00,naver_테라로사-용인에버랜드점_20260901T055008Z#8
naver,테라로사 용인에버랜드점,2028927562,https://pcmap.place.naver.com/restaurant/2028927562/review/visitor,69eaabf6b5f75e84b8435d3b,Coldb,Qhcb,https://m.place.naver.com/my/5e9adad98f87a842bc1627d4/review?v=2,5.0,사람이 너무 많아가지고 오래 기다렸어요.. 근데 커피는 진짜 맛있음 역시 테라로사. 날씨도 좋고 밖에서 꽃 보면서 마시니까 힐링 제대로 ㅋㅋ,2026-04-24,2026-04-18,1,4,"[""https://pup-review-phinf.pstatic.net/MjAyNjA0MjRfMzQg/MDAxNzc2OTg3MTI0MzIz.KWFRTTMiUJlh4c-waCatp04cSdGH1YFNl7QuwzCT_Sgg.IFk6EUHAuHqa4GEtZBer3fYE4ECziKYrpLATiW14ZOwg.JPEG/20260418_145439.jpg.jpg?type=w1500_60_sharpen"", ""https://pup-review-phinf.pstatic.net/MjAyNjA0MjRfMTQx/MDAxNzc2OTg3MTI0Mzc5.wV5l6Pm2oKS-0vwKGfGK_jM0YSbr-3gGil50KlXO9YMg.b-LvNUs745zISEzxiK0UF9X17T0Q49kd3Uoc5K0jEhYg.JPEG/20260418_145423.jpg.jpg?type=w1500_60_sharpen"", ""https://pup-review-phinf.pstatic.net/MjAyNjA0MjRfMTE1/MDAxNzc2OTg3MTI0ODA4.HUGliKkfI6VwcllQjgs2M9vez6mHpbdeXdKaNsnM4_cg.k62W_mguaBKemh0sNEc4U99VN0jkPIWWkghaEHI_FCgg.JPEG/20260418_143411.jpg.jpg?type=w1500_60_sharpen"", ""https://pup-review-phinf.pstatic.net/MjAyNjA0MjRfMjk1/MDAxNzc2OTg3MTI0NTU3.9C0HhaUEdXIDmw-UZntFLTXsQGMatyjm-ZNuxUCHGw8g.Q8PAnZ7-7Jq0Gz6QxYsajOu79HNUXEzILN8OFNF_FPcg.JPEG/20260418_145559.jpg.jpg?type=w1500_60_sharpen""]",0,"[""커피가 맛있어요""]",,true,2026-09-01T06:33:33+00:00,naver_테라로사-용인에버랜드점_20260901T055008Z#9
naver,테라로사 용인에버랜드점,2028927562,https://pcmap.place.naver.com/restaurant/2028927562/review/visitor,6a0fe238472a1adc26e8a4a8,바다하늘바라기,2f8VI,https://m.place.naver.com/my/5e817aeb8f87a842bc4dc901/review?v=2,5.0,,,2026-05-22,1,,,0,"[""커피가 맛있어요""]",,true,2026-09-01T06:33:33+00:00,naver_테라로사-용인에버랜드점_20260901T055008Z#10
naver,테라로사 용인에버랜드점,2028927562,https://pcmap.place.naver.com/restaurant/2028927562/review/visitor,6a07d676cdb068d5d7af99bb,모모1737,bMWT,https://m.place.naver.com/my/5c048ccfd12a5af5137d78ab/review?v=2,3.5,,,2026-05-06,1,,,0,"[""인테리어가 멋져요""]",,true,2026-09-01T06:33:33+00:00,naver_테라로사-용인에버랜드점_20260901T055008Z#11
naver,테라로사 용인에버랜드점,2028927562,https://pcmap.place.naver.com/restaurant/2028927562/review/visitor,6a0947c21e05d44fd0504753,200****,uG7j,https://m.place.naver.com/my/5c574b31c0a9b18064c9453c/review?v=2,5.0,,,2026-05-17,1,,,0,"[""커피가 맛있어요"", ""음료가 맛있어요""]",,true,2026-09-01T06:33:33+00:00,naver_테라로사-용인에버랜드점_20260901T055008Z#12
naver,테라로사 용인에버랜드점,2028927562,https://pcmap.place.naver.com/restaurant/2028927562/review/visitor,69feb4175d52bb74d33f2439,아이언맨611,g5Ym,https://m.place.naver.com/my/5b77b80524baa70542695e7c/review?v=2,4.0,,,2026-04-25,1,,,0,"[""커피가 맛있어요"", ""특별한 메뉴가 있어요""]",,true,2026-09-01T06:33:33+00:00,naver_테라로사-용인에버랜드점_20260901T055008Z#13
naver,테라로사 용인에버랜드점,2028927562,https://pcmap.place.naver.com/restaurant/2028927562/review/visitor,6a5eedac336c732f31dbf659,현재지인행형,4e6tH,https://m.place.naver.com/my/5dc501b28f87a842bc931778/review?v=2,3.5,,,2026-04-19,1,,,0,"[""뷰가 좋아요""]",,true,2026-09-01T06:33:33+00:00,naver_테라로사-용인에버랜드점_20260901T055008Z#14
naver,테라로사 용인에버랜드점,2028927562,https://pcmap.place.naver.com/restaurant/2028927562/review/visitor,69e0bc401e0553924876dfa3,응치킨,5oy9l,https://m.place.naver.com/my/5e9955ac8f87a842bc88fe1c/review?v=2,5.0,,,2026-04-11,1,,,0,"[""커피가 맛있어요"", ""음료가 맛있어요""]",,true,2026-09-01T06:33:33+00:00,naver_테라로사-용인에버랜드점_20260901T055008Z#15
naver,테라로사 용인에버랜드점,2028927562,https://pcmap.place.naver.com/restaurant/2028927562/review/visitor,6a0ed718b4bafeeac3bb4b8c,24****,8qvLA,https://m.place.naver.com/my/5f062cb2de46936b6739eb23/review?v=2,5.0,,,2026-04-30,1,,,0,"[""커피가 맛있어요"", ""디저트가 맛있어요""]",,true,2026-09-01T06:33:33+00:00,naver_테라로사-용인에버랜드점_20260901T055008Z#16
naver,테라로사 용인에버랜드점,2028927562,https://pcmap.place.naver.com/restaurant/2028927562/review/visitor,69be2a4fed3dc0ceff1d4e8c,sophia3632,3tVND,https://m.place.naver.com/my/5f043468f6f8b30a53302186/review?v=2,,,,2026-03-21,1,,,0,"[""커피가 맛있어요""]",,true,2026-09-01T06:33:33+00:00,naver_테라로사-용인에버랜드점_20260901T055008Z#17
naver,테라로사 용인에버랜드점,2028927562,https://pcmap.place.naver.com/restaurant/2028927562/review/visitor,699c0dbef22daecc9688a876,kkr****,cZALL,https://m.place.naver.com/my/5f486e25f2da36818f4160b5/review?v=2,,,,2026-02-22,1,,,0,"[""커피가 맛있어요"", ""음료가 맛있어요""]",,true,2026-09-01T06:33:33+00:00,naver_테라로사-용인에버랜드점_20260901T055008Z#18
naver,테라로사 용인에버랜드점,2028927562,https://pcmap.place.naver.com/restaurant/2028927562/review/visitor,69d6ee39d0b5b4d4f6c9cf88,youw****,2dAhEu,https://m.place.naver.com/my/6923f43573736e3dcf130b8e/review?v=2,,,,2026-03-26,1,,,0,"[""디저트가 맛있어요"", ""커피가 맛있어요"", ""음료가 맛있어요"", ""특별한 메뉴가 있어요""]",,true,2026-09-01T06:33:33+00:00,naver_테라로사-용인에버랜드점_20260901T055008Z#19
naver,테라로사 용인에버랜드점,2028927562,https://pcmap.place.naver.com/restaurant/2028927562/review/visitor,6a365750be471b14917124c1,닉자소니,fHj5,https://m.place.naver.com/my/5c47b7fb82aed5d8f0ff7114/review?v=2,5.0,에버랜드 커피 맛집 여기지 굿굿,2026-06-20,2026-06-18,1,,,0,"[""커피가 맛있어요"", ""디저트가 맛있어요"", ""음료가 맛있어요"", ""특별한 메뉴가 있어요""]",,true,2026-09-01T06:33:33+00:00,naver_테라로사-용인에버랜드점_20260901T055008Z#20
naver,테라로사 용인에버랜드점,2028927562,https://pcmap.place.naver.com/restaurant/2028927562/review/visitor,6a422f7719fa4ef32eee0d29,바람고운창,bknjp,https://m.place.naver.com/my/5e3e275c8f87a842bc52bc57/review?v=2,5.0,"창쪽으로 앉으면 에버랜드 장미정원쪽이 보입니다.
날이 더워 실내에 앉았지만 봄,가을 바람이 좋을때는 외부 테이블이 아주 좋을듯합니다.",2026-06-29,2026-06-17,1,1,"[""https://pup-review-phinf.pstatic.net/MjAyNjA2MjlfMjk3/MDAxNzgyNzIyNDIwMzQ1.Ijz5_F8BmiuNF0bpWwCMKjkMm_aWxd95erXHqfE-6_sg.lp-poaDEVH1J4ty3ardXREbpcjbX4IgtT7p3PZhV4Rgg.JPEG/video_thumbnail.jpg""]",0,"[""커피가 맛있어요"", ""뷰가 좋아요"", ""차분한 분위기예요""]",,true,2026-09-01T06:33:33+00:00,naver_테라로사-용인에버랜드점_20260901T055008Z#21
naver,테라로사 용인에버랜드점,2028927562,https://pcmap.place.naver.com/restaurant/2028927562/review/visitor,6a3a1bdf7c86d8f801e34b48,Hunkydorys2,zaJB,https://m.place.naver.com/my/5c5781f33e40596e1f31cfc4/review?v=2,3.0,주말이라 사람은 많았지만 놀다가 잠깐 쉬어가기 좋았어요:),2026-06-23,2026-06-06,1,1,"[""https://pup-review-phinf.pstatic.net/MjAyNjA2MjNfMzkg/MDAxNzgyMTkzMTE3OTAw.a9Dv4KCs9WLGKmin-F0b_8ddFVf4mdU2lDVVaf4Fv6Ig.jGx7IPfHtXl0mdeOei3ldxxP0Op4U-DpH0VaJl6UUBcg.JPEG/6E84606F-7131-4088-BD2C-EDE2AD511425.jpeg?type=w1500_60_sharpen""]",0,"[""음료가 맛있어요""]",,true,2026-09-01T06:33:33+00:00,naver_테라로사-용인에버랜드점_20260901T055008Z#22
naver,테라로사 용인에버랜드점,2028927562,https://pcmap.place.naver.com/restaurant/2028927562/review/visitor,6a22cdaae2b452c7eddff34d,85수현맘,viKv,https://m.place.naver.com/my/5cb9687976cc23037eb5656a/review?v=2,5.0,"테라로사 용인에버랜드점
커피 맛있습니다~~",2026-06-05,2026-06-05,1,2,"[""https://pup-review-phinf.pstatic.net/MjAyNjA2MDVfMjEg/MDAxNzgwNjY1NzY5MzE0.fDTkBI4bBVUVV31KSuV4aabfy_GM1PpLCW3yKFoyp0wg.JXqaK8DkF22cb8pPCS-7IDDWQbsrA1ds7sHpL_AFKiog.JPEG/20260605_195604.jpg.jpg?type=w1500_60_sharpen"", ""https://pup-review-phinf.pstatic.net/MjAyNjA2MDVfNzMg/MDAxNzgwNjY1NzY5Mzg2.jG9h28BJjPKxJwKfidbEnWpNJsN4UQOY3wlVmmhfoO8g.PHvYJUFj3BUI3NyQyWNLv1UDRroZb-6qbtnBgbrexqEg.JPEG/20260605_194703.jpg.jpg?type=w1500_60_sharpen""]",0,"[""인테리어가 멋져요"", ""특별한 메뉴가 있어요"", ""음료가 맛있어요"", ""디저트가 맛있어요"", ""커피가 맛있어요""]",,true,2026-09-01T06:33:33+00:00,naver_테라로사-용인에버랜드점_20260901T055008Z#23
naver,테라로사 용인에버랜드점,2028927562,https://pcmap.place.naver.com/restaurant/2028927562/review/visitor,6a632879c8d2cc1b0654b6dc,써니2244,2l6Ec,https://m.place.naver.com/my/5d8b2d918f87a842bc0d7815/review?v=2,4.0,좋아요,2026-07-24,2026-05-31,1,,,0,"[""커피가 맛있어요"", ""디저트가 맛있어요""]",,true,2026-09-01T06:33:33+00:00,naver_테라로사-용인에버랜드점_20260901T055008Z#24
naver,오오츄,1306053034,https://pcmap.place.naver.com/restaurant/1306053034/review/visitor,6a899399feb601b83b2ad314,77077077,66Wa9,https://m.place.naver.com/my/66ab6c8a73736e3dcf279669/review?v=2,5.0,"에버랜드에서 꼭 먹는 오오츄!!
직원분들 모두 친절하시고 
츄러스도 너무 맛있어요👍",2026-08-22,2026-08-14,1,2,"[""https://pup-review-phinf.pstatic.net/MjAyNjA4MjJfMTc2/MDAxNzg3NDAxMTExMjQz.GgvjkA4J45ptm-VFprceESDNHndVzxJw1mPAHEjVWCAg.Sb2wal-HR2NSJLKLLbcW5mQlgsdaDfH9LTA2DFO0ryYg.JPEG/BA234313-D8C5-4D5C-A5D8-1EC90F530F16.jpeg?type=w1500_60_sharpen"", ""https://pup-review-phinf.pstatic.net/MjAyNjA4MjJfMjA5/MDAxNzg3NDAxMTExNjM4.TEvpQ9MXr1JuK7OIztwgIcMrmpSIXh-IkXKA2QckEB0g.EsWvmS_6YXYRolvjts3WXNleZ1tKMv7uAXNWdxF8pJMg.JPEG/F3C99269-C9C0-4064-8CFE-C102A08ADA63.jpeg?type=w1500_60_sharpen""]",0,"[""디저트가 맛있어요"", ""특별한 메뉴가 있어요"", ""가성비가 좋아요"", ""친절해요"", ""매장이 청결해요""]",,true,2026-09-01T06:35:42+00:00,naver_오오츄_20260901T055008Z#0
naver,오오츄,1306053034,https://pcmap.place.naver.com/restaurant/1306053034/review/visitor,69108ab7bbe44435a37938ac,이히091,o5Z0,https://m.place.naver.com/my/5d775c458f87a842bc027577/review?v=2,,츄러스 맛나서 갈 때마다 하나씩 꼭 ㅎㅎ,2025-11-09,2025-11-08,1,1,"[""https://pup-review-phinf.pstatic.net/MjAyNTExMDlfMTM1/MDAxNzYyNjkxNzY2NDA5.TQFNe_qiAnX8M_J1iuSn0xy-KAHwinKSoqUPHKirnhsg.6unSwI6U9q4M1audMW3-q5GSyu0tq4FG7b16e2jQyCsg.JPEG/45E98A5C-33EA-4DFB-AEE2-8CCCC4F902F6.jpeg?type=w1500_60_sharpen""]",0,"[""디저트가 맛있어요""]",,true,2026-09-01T06:35:42+00:00,naver_오오츄_20260901T055008Z#1
naver,오오츄,1306053034,https://pcmap.place.naver.com/restaurant/1306053034/review/visitor,68de4aab404e5a9d834bc684,차마시는리락이,3rMvT,https://m.place.naver.com/my/5c0f8ee32ea684e510bba36f/review?v=2,,아이스 아메리카노가 5500원~ 오레오츄러스 개맛있어요ㅠㅠㅠ,2025-10-02,2025-10-02,1,3,"[""https://pup-review-phinf.pstatic.net/MjAyNTEwMjFfNzcg/MDAxNzYxMDEyNzYwNjM2.vY1GQNBI8UeJwTozRXo6W6EHr7_iHsOmA6yceZi5Jfcg.cuKf7vz4EjLzEkk7Sr3THpzHGhe7YQ_lm0TmoLHq1C0g.JPEG/MEITU_20251003_003021386.jpg.jpg?type=w1500_60_sharpen"", ""https://pup-review-phinf.pstatic.net/MjAyNTEwMDJfMjEw/MDAxNzU5Mzk4NTY5NzQ2.tNdqIZIdPkdbdnJ4TGa81Cvzd_02pB7-pW2g4ck-lSkg.MRuCaHQUhgoRfGYeniwpjgZ1eRlzf85npqMY_6R68Jcg.JPEG/20251002_131659%281%29.jpg.jpg?type=w1500_60_sharpen"", ""https://pup-review-phinf.pstatic.net/MjAyNTEwMjFfNDUg/MDAxNzYxMDEyNzYwODY4.YvxoDeby-wl-g7KEsCCO8p_42xYkV24M5z4LxDzHhdkg.-WIMVOz1WoHLI9n7iaAPkGrUn-uunxvoT9OQfmPc4Gog.JPEG/MEITU_20251003_011607568.jpg.jpg?type=w1500_60_sharpen""]",0,"[""커피가 맛있어요""]",,true,2026-09-01T06:35:42+00:00,naver_오오츄_20260901T055008Z#2
naver,오오츄,1306053034,https://pcmap.place.naver.com/restaurant/1306053034/review/visitor,69c7e82d1b4c4bb33c782f5c,사랑충만38,172Fw,https://m.place.naver.com/my/5f78461aada773014cb94c53/review?v=2,,맛있어서 굿~~,2026-03-28,2026-03-28,1,1,"[""https://pup-review-phinf.pstatic.net/MjAyNjAzMjhfMTU3/MDAxNzc0NzA4Nzc5MzM3.GIlan3Uvc_Ii8jLQFiVb72eqltbUjVFqoEZBNh9VUp8g.bzJblyBeCntq533K0hVoy_MPa5JjhSsxbrskSwyCCKog.JPEG/20260328_155814.jpg.jpg?type=w1500_60_sharpen""]",0,"[""커피가 맛있어요"", ""디저트가 맛있어요"", ""음료가 맛있어요""]",,true,2026-09-01T06:35:42+00:00,naver_오오츄_20260901T055008Z#3
naver,오오츄,1306053034,https://pcmap.place.naver.com/restaurant/1306053034/review/visitor,6936dcbd36469bcb59cb9116,혜찐블라썸,3ll69,https://m.place.naver.com/my/5d94e2c68f87a842bc24782b/review?v=2,,맛있어요🥨,2025-12-08,2025-12-07,1,1,"[""https://pup-review-phinf.pstatic.net/MjAyNTEyMDhfMTM5/MDAxNzY1MjAzMTMyMjI4.f_F2i88usww0ROXvUA9Cys8Qvt_xWYZhQlTOKK9VdJMg.8cP8y1gnLLeRSNDOQS7BOef5JXliVP5gT1PbJmBcuNYg.JPEG/1000009035.jpg.jpg?type=w1500_60_sharpen""]",0,"[""디저트가 맛있어요""]",,true,2026-09-01T06:35:42+00:00,naver_오오츄_20260901T055008Z#4
naver,오오츄,1306053034,https://pcmap.place.naver.com/restaurant/1306053034/review/visitor,68c7a0217ae66cf2471c7c1c,리사야,FN6r,https://m.place.naver.com/my/5c499938e16449252b2dc289/review?v=2,,.,2025-09-15,2025-09-09,1,,,0,,,true,2026-09-01T06:35:42+00:00,naver_오오츄_20260901T055008Z#5
naver,오오츄,1306053034,https://pcmap.place.naver.com/restaurant/1306053034/review/visitor,6825dca7720a8a93869fe129,in지구,4AFDO,https://m.place.naver.com/my/5e7067538f87a842bca83423/review?v=2,,"컵츄랑 크림치즈 필링츄 먹었어요
따끈따끈할 때 먹어야 맛있는데.. 이날은 쌀쌀해서 그런지 츄러스가 다 식어있어서 너무 아쉬웠네요..
그래도 맛있었어요",2025-05-15,2025-05-09,3,5,"[""https://pup-review-phinf.pstatic.net/MjAyNTA1MTVfMTAw/MDAxNzQ3MzExNzgxODEw.x2n5_MML3JszL-mvwDWrhZp8RAsQpurx_-2Pl_3HeqIg.Jzp-t8kP2QtFIqkta8iSeZdCN-Bb1xcPoIYE99k1pE8g.JPEG/20250509_152651.jpg.jpg?type=w1500_60_sharpen"", ""https://pup-review-phinf.pstatic.net/MjAyNTA1MTVfMTkg/MDAxNzQ3MzExNzgxOTUy.Kdzqv7gy_yVmKID04ZTz7lNb_21dgrffGb2lznGxRPwg.RyoF50e-MXSS_TQlU-2vSvyL9h8nGAUjf7wk969Bj4Ug.JPEG/20250509_152646.jpg.jpg?type=w1500_60_sharpen"", ""https://pup-review-phinf.pstatic.net/MjAyNTA1MTVfMjY5/MDAxNzQ3MzExNzgxODk2.ZXqkXymAiwjTyyw4VVnb6Oaf5WJbPvLA1agNjmSYrGwg.ZBxhZRK0YF8CbZXmqhY9hpuqjfOS3MWrLu6gGY0MgAkg.JPEG/20250509_152657.jpg.jpg?type=w1500_60_sharpen"", ""https://pup-review-phinf.pstatic.net/MjAyNTA1MTVfMTg4/MDAxNzQ3MzExNzgyMDg5.pVDHsjb9fD-hn_g8FKwGfufXzQOhk8XR-8-9QISIwdgg.xDOYL6Py5oC6SiCyW-HnsO_GlJrTy33wJwUToxNrbO8g.JPEG/20250509_152707.jpg.jpg?type=w1500_60_sharpen"", ""https://pup-review-phinf.pstatic.net/MjAyNTA1MTVfMTM2/MDAxNzQ3MzExNzgyMTM1.yPvrvn3LF9-_6sV8AFzdgi0CJjmCbJ7s3N2Sks58DMUg.af7jDvFvVfgy082PYkdlYEYBKnkUuNDtMxzNFGdx9z0g.JPEG/20250509_152711.jpg.jpg?type=w1500_60_sharpen""]",0,"[""디저트가 맛있어요"", ""음식이 빨리 나와요""]",,true,2026-09-01T06:35:42+00:00,naver_오오츄_20260901T055008Z#6
naver,오오츄,1306053034,https://pcmap.place.naver.com/restaurant/1306053034/review/visitor,6889da85668bef2d960ccd4e,라떼8322,ciV7t,https://m.place.naver.com/my/5f40757fa602e98f569b54f8/review?v=2,,,2025-07-30,2025-07-09,1,1,"[""https://pup-review-phinf.pstatic.net/MjAyNTA3MzBfMjQ3/MDAxNzUzODY0ODM2MjA3.jcFy7M0HiRSQs46ZjrWlKs5-KVtRD1yLGg7AAbpHCCog.W06E9UC0OXJIDc6SySkj0_ofnQDxabpEQ-ElbuJnJjsg.JPEG/0AC44369-BAD2-455F-B258-5C21DE565F3E.jpeg?type=w1500_60_sharpen""]",0,"[""커피가 맛있어요""]",,true,2026-09-01T06:35:42+00:00,naver_오오츄_20260901T055008Z#7
naver,오오츄,1306053034,https://pcmap.place.naver.com/restaurant/1306053034/review/visitor,67b51464a5caac3b995287fc,머루댕이,I3CO,https://m.place.naver.com/my/5c8437196787304676df388d/review?v=2,,"에버랜드 나피아자 옆에 있는 오5 스낵 코너에서 컵츄 아메리카노 핫초코 카페라떼를 사 먹었다.  3만 9500원 후덜덜 아이들과 함께 먹으니까 더 맛있다.
컵츄가 인기 상품인가보다 사람들이 모두 이것을 사먹었다. 먹느라 정신 팔려서 사진을 못 찍었다.😆😆😆😆😆",2025-02-19,2025-02-18,1,,,1,"[""음료가 맛있어요"", ""가성비가 좋아요"", ""뷰가 좋아요"", ""친절해요""]",,true,2026-09-01T06:35:42+00:00,naver_오오츄_20260901T055008Z#8
naver,오오츄,1306053034,https://pcmap.place.naver.com/restaurant/1306053034/review/visitor,67a9881f5f5a0a2303dec0e7,ejfree017,f8Aq,https://m.place.naver.com/my/5f064dceee1ece9f4a67baff/review?v=2,,"츄러스 완전 맛있어요
바로.튀겨줘서
좋아요",2025-02-10,2025-02-10,7,1,"[""https://video-phinf.pstatic.net/20250210_235/1739163669868y7vCP_JPEG/X0knVyfJW1_03.jpg""]",0,"[""커피가 맛있어요"", ""디저트가 맛있어요""]",,true,2026-09-01T06:35:42+00:00,naver_오오츄_20260901T055008Z#9
naver,오오츄,1306053034,https://pcmap.place.naver.com/restaurant/1306053034/review/visitor,68455cbb373dca0d3b5da16c,daekyoung78,8DM6p,https://m.place.naver.com/my/5efea63135e32560edab29e4/review?v=2,,,,2025-06-08,1,,,0,"[""디저트가 맛있어요""]",,true,2026-09-01T06:35:42+00:00,naver_오오츄_20260901T055008Z#10
naver,오오츄,1306053034,https://pcmap.place.naver.com/restaurant/1306053034/review/visitor,6804de537eb3e55af34ba68c,푼수아줌,rZ7B,https://m.place.naver.com/my/5c011552dc71045833ba0c34/review?v=2,,,,2025-04-20,1,,,0,"[""커피가 맛있어요""]",,true,2026-09-01T06:35:42+00:00,naver_오오츄_20260901T055008Z#11
naver,오오츄,1306053034,https://pcmap.place.naver.com/restaurant/1306053034/review/visitor,67c2919b0268546e139f7235,YW집게사장,2bLbbY,https://m.place.naver.com/my/63e9a21bb095520006e6a22c/review?v=2,,,,2025-02-28,1,,,0,"[""디저트가 맛있어요"", ""친절해요"", ""음식이 빨리 나와요""]",,true,2026-09-01T06:35:42+00:00,naver_오오츄_20260901T055008Z#12
naver,오오츄,1306053034,https://pcmap.place.naver.com/restaurant/1306053034/review/visitor,67e1499729fae4e10457f83b,skkk,SY0M,https://m.place.naver.com/my/5bf7c146c1c93a098385ce39/review?v=2,,,,2025-03-12,1,,,0,"[""커피가 맛있어요""]",,true,2026-09-01T06:35:42+00:00,naver_오오츄_20260901T055008Z#13
naver,오오츄,1306053034,https://pcmap.place.naver.com/restaurant/1306053034/review/visitor,67837c5844068b960753f3be,수기뇨,2a8Nb,https://m.place.naver.com/my/604330a19a631c8757c92211/review?v=2,,,,2025-01-11,1,,,0,"[""친절해요"", ""음료가 맛있어요"", ""특별한 메뉴가 있어요""]",,true,2026-09-01T06:35:42+00:00,naver_오오츄_20260901T055008Z#14
naver,오오츄,1306053034,https://pcmap.place.naver.com/restaurant/1306053034/review/visitor,675c07b69f621800ae41d07b,비은령32,5EfWL,https://m.place.naver.com/my/5f950e80d838a6eb309eb2a7/review?v=2,,,,2024-12-13,1,,,0,"[""커피가 맛있어요"", ""디저트가 맛있어요""]",,true,2026-09-01T06:35:42+00:00,naver_오오츄_20260901T055008Z#15
naver,오오츄,1306053034,https://pcmap.place.naver.com/restaurant/1306053034/review/visitor,6704f14344dff1507369ce76,뚜뚜나나나,6p5gh,https://m.place.naver.com/my/5cd8cbaa8f87a842bca6c321/review?v=2,,,,2024-10-08,5,,,0,"[""디저트가 맛있어요""]",,true,2026-09-01T06:35:42+00:00,naver_오오츄_20260901T055008Z#16
naver,오오츄,1306053034,https://pcmap.place.naver.com/restaurant/1306053034/review/visitor,6780a2830d62965553c12187,픽디,mZnL,https://m.place.naver.com/my/5d89a9958f87a842bc9df8da/review?v=2,,,,2025-01-07,1,,,0,"[""특별한 메뉴가 있어요""]",,true,2026-09-01T06:35:42+00:00,naver_오오츄_20260901T055008Z#17
naver,오오츄,1306053034,https://pcmap.place.naver.com/restaurant/1306053034/review/visitor,670cd848d1a04f63304c3d03,o은삼o,34a6c,https://m.place.naver.com/my/5ee4705a8f87a842bc08d310/review?v=2,,,,2024-10-02,1,,,0,"[""디저트가 맛있어요""]",,true,2026-09-01T06:35:42+00:00,naver_오오츄_20260901T055008Z#18
naver,오오츄,1306053034,https://pcmap.place.naver.com/restaurant/1306053034/review/visitor,6780acf823fcac0fd51b7172,킹큥,cBXJt,https://m.place.naver.com/my/60e1069239b21d1203c25a3e/review?v=2,,,,2024-10-31,1,,,0,"[""디저트가 맛있어요""]",,true,2026-09-01T06:35:42+00:00,naver_오오츄_20260901T055008Z#19
naver,오오츄,1306053034,https://pcmap.place.naver.com/restaurant/1306053034/review/visitor,6818a13e8bf4949c8a4a11d7,직장다니는남,5jQnt,https://m.place.naver.com/my/5cba70f988cca1481d81411e/review?v=2,,맛,2025-05-05,2025-05-03,1,1,"[""https://pup-review-phinf.pstatic.net/MjAyNTA1MDVfMjIg/MDAxNzQ2NDQ0NjA1NDU1.IPDBOQZ2FRPuxRK2ukUNMowijPBiHwkUil6o7A7auogg.ryaDW8JNzyFK8UZw6ivVQbVnCqo53ptDkpdqhTPublsg.JPEG/0B8A7B5C-1461-4FB3-AE9A-68F9F002574F.jpeg?type=w1500_60_sharpen""]",0,"[""디저트가 맛있어요""]",,true,2026-09-01T06:35:42+00:00,naver_오오츄_20260901T055008Z#20
naver,오오츄,1306053034,https://pcmap.place.naver.com/restaurant/1306053034/review/visitor,680b8095617f09caeba79f1b,서그내마을션,4VmTN,https://m.place.naver.com/my/5e619f3a8f87a842bcd9f73d/review?v=2,,,2025-04-25,2025-04-24,1,1,"[""https://pup-review-phinf.pstatic.net/MjAyNTA0MjVfMjYx/MDAxNzQ1NTg0Mjc1ODI5.xvrdrkzoZ0keWk1QFnI_1RRwxDw1R5b0EXz2x75pCe4g.WfhhHkWKbKDisobrm9NW1e8PgJ1mQJTmsdCtgDC2tnUg.JPEG/D9E24100-336C-458E-AABE-D820FC85EABF.jpeg?type=w1500_60_sharpen""]",0,"[""디저트가 맛있어요""]",,true,2026-09-01T06:35:42+00:00,naver_오오츄_20260901T055008Z#21
naver,오오츄,1306053034,https://pcmap.place.naver.com/restaurant/1306053034/review/visitor,67f1f583551fcbcfba9d6671,삼월의토끼,1HFSW,https://m.place.naver.com/my/5b9af42628f7a510bf59dc0a/review?v=2,,,2025-04-06,2025-04-06,2,1,"[""https://pup-review-phinf.pstatic.net/MjAyNTA0MDZfMjc2/MDAxNzQzOTEwMjc0MDM4.97_E8WiETEa6rKdtAt8DxxHADr-ePcTYwfeEmacy7rYg.yVD-nVQo-wZytep8bNOT4058S9PRhVWM3C2EvhPgW_wg.JPEG/8F7D6F03-EB0F-4CA6-8759-14F5D2561325.jpeg?type=w1500_60_sharpen""]",0,"[""친절해요"", ""디저트가 맛있어요"", ""음료가 맛있어요"", ""특별한 메뉴가 있어요""]",,true,2026-09-01T06:35:42+00:00,naver_오오츄_20260901T055008Z#22
naver,오오츄,1306053034,https://pcmap.place.naver.com/restaurant/1306053034/review/visitor,67e9daeadffd4dc91ac75dea,happydal,4jZb2,https://m.place.naver.com/my/5bc71585f8c7d80e4f176ce7/review?v=2,,츄러스 역시 맛있어,2025-03-31,2025-03-29,2,1,"[""https://pup-review-phinf.pstatic.net/MjAyNTAzMzFfMzAg/MDAxNzQzMzc5MTc2OTgy.8DEtkE-OD4aCByJdnr5wejnYjargHb5_5rNSvNqUYxYg.Vb-Z_InisCBfLLB9sFOqH0r06-U0tTu8wlYqjhc-qjUg.JPEG/20250329_111411.jpg.jpg?type=w1500_60_sharpen""]",1,"[""디저트가 맛있어요""]",,true,2026-09-01T06:35:42+00:00,naver_오오츄_20260901T055008Z#23
naver,오오츄,1306053034,https://pcmap.place.naver.com/restaurant/1306053034/review/visitor,67eab04ad00fd26995a3c541,아인즈,FRV8,https://m.place.naver.com/my/5b9ba80a80c03107ddd9d796/review?v=2,,츄러스 맛있어요. 포시즌스가든 근처에 있어요.,2025-04-01,2025-03-28,1,,,0,"[""디저트가 맛있어요"", ""특별한 메뉴가 있어요""]",,true,2026-09-01T06:35:42+00:00,naver_오오츄_20260901T055008Z#24
naver,오오츄,1306053034,https://pcmap.place.naver.com/restaurant/1306053034/review/visitor,67cd9f9045202a39ac9aa7ad,에스더6388,6cpqb,https://m.place.naver.com/my/5e7624b08f87a842bce37e0f/review?v=2,,맛있어요~~^^,2025-03-09,2025-03-07,1,1,"[""https://pup-review-phinf.pstatic.net/MjAyNTAzMDlfMjUg/MDAxNzQxNTI4OTc0NDQ5.t9T6hF8r0HxjhkCPxHgXpV-Z-lRcZPVS9iMxgaN34HMg.jUUZblj0VG_dyWgYcrT5vKZEHdmmWeomWb_eTYIdj4Ag.JPEG/20250306_153250.jpg.jpg?type=w1500_60_sharpen""]",0,"[""디저트가 맛있어요"", ""빵이 맛있어요""]",,true,2026-09-01T06:35:42+00:00,naver_오오츄_20260901T055008Z#25
naver,오오츄,1306053034,https://pcmap.place.naver.com/restaurant/1306053034/review/visitor,67bc5e7b7273bba16048747c,엔젤스져니,1VDSu,https://m.place.naver.com/my/5c2e8a95a669915601f01f5c/review?v=2,,"츄러스 바삭 따뜻 갓나와서 짱이여요 
초코필링은 반쪽만 들어있어서 뭐지 싶었지만 바쁜직원입장에서는 이해갔습니다.",2025-02-24,2025-02-22,1,1,"[""https://pup-review-phinf.pstatic.net/MjAyNTAyMjRfMTk3/MDAxNzQwMzk4MjAyMjQ0.UIiTKHAi5Ds06Npr2V-yAQJL0d64nkVnIVJMcQ0ZO4Ig.TXNqSh361fnsb02GJCvZyDZsE8hGLgNm_B20AStu6d0g.JPEG/1081297B-2F7F-4A9F-B3C5-68D94905287D.jpeg?type=w1500_60_sharpen""]",0,"[""디저트가 맛있어요""]",,true,2026-09-01T06:35:42+00:00,naver_오오츄_20260901T055008Z#26
naver,오오츄,1306053034,https://pcmap.place.naver.com/restaurant/1306053034/review/visitor,67c55f0ad079dad388a12fdf,바람2001,kiXQ,https://m.place.naver.com/my/5da10afb8f87a842bc578ed8/review?v=2,,에버랜드의 츄러스 맛 집,2025-03-03,2025-02-21,1,1,"[""https://pup-review-phinf.pstatic.net/MjAyNTAzMDNfNDQg/MDAxNzQwOTg4MTY5MTg4.rD_SmJYjF-copAuLA47O4YuWOM0blcBNqTqdu3DV0Jcg.i_Vpvwd9_bdf41zpDn2Y8BuKWDVL359D7pUfjNdE8isg.JPEG/20250221_165307.jpg.jpg?type=w1500_60_sharpen""]",0,"[""디저트가 맛있어요""]",,true,2026-09-01T06:35:42+00:00,naver_오오츄_20260901T055008Z#27
naver,오오츄,1306053034,https://pcmap.place.naver.com/restaurant/1306053034/review/visitor,67b81454c404225d30f6d415,wmjk1210,1on5D,https://m.place.naver.com/my/5c054ea92f41613cca888ba9/review?v=2,,좋아요,2025-02-21,2025-02-20,2,1,"[""https://pup-review-phinf.pstatic.net/MjAyNTAyMjFfMjE3/MDAxNzQwMTE3MDc1MTA5.8FsgY6CCbc8gIfcCIrugBn497bIiccuI28PsvglcE5cg.7874sFG_gTlaGvoup8S2U2zpFMIm972hR8tAJIZ944Yg.JPEG/20250220_155400.jpg.jpg?type=w1500_60_sharpen""]",0,"[""음식이 맛있어요""]",,true,2026-09-01T06:35:42+00:00,naver_오오츄_20260901T055008Z#28
naver,오오츄,1306053034,https://pcmap.place.naver.com/restaurant/1306053034/review/visitor,67aeae05d1a42f3f454731a9,사각토마토,27Yg5,https://m.place.naver.com/my/5ccd156c012cf934d3a0814b/review?v=2,,군고구마와 어묵 맛있어요,2025-02-14,2025-02-14,1,1,"[""https://pup-review-phinf.pstatic.net/MjAyNTAyMTRfMjQ5/MDAxNzM5NTAxMDYwNTY2.yVGTW2N8kT-Yh-z9NLgkY5mph8R2orc0buZUL-ayoMMg.pRHfBDPoe2upNDEdUXZm-uZODcc9feoGsA6g_OP4yggg.JPEG/1000013398.jpg.jpg?type=w1500_60_sharpen""]",0,"[""디저트가 맛있어요"", ""특별한 메뉴가 있어요""]",,true,2026-09-01T06:35:42+00:00,naver_오오츄_20260901T055008Z#29
naver,오오츄,1306053034,https://pcmap.place.naver.com/restaurant/1306053034/review/visitor,67add9db251e10105308e4c8,깍뀽,78BX1,https://m.place.naver.com/my/5eff15eb1c9b02e1ea3c5ef3/review?v=2,,"추러스 완전 부드러운데, 달기도 엄청 달아요",2025-02-13,2025-02-13,1,,,0,"[""디저트가 맛있어요""]",,true,2026-09-01T06:35:42+00:00,naver_오오츄_20260901T055008Z#30
naver,오오츄,1306053034,https://pcmap.place.naver.com/restaurant/1306053034/review/visitor,679dbd0e07954d6d2e95b431,삼월의토끼,1HFSW,https://m.place.naver.com/my/5b9af42628f7a510bf59dc0a/review?v=2,,,2025-02-01,2025-02-01,1,1,"[""https://pup-review-phinf.pstatic.net/MjAyNTAyMDFfMTIw/MDAxNzM4MzkwNzk2NzM5.WEExva1KYYzsQEFICOB0M3AtJTp1pxnhy4eofIjDhE8g.SHPK6QBs1geqs1h6xMEdCJu44uu4Ra43tg5ekwrrLJQg.JPEG/FA83E3FA-1AC0-42BA-89FF-2E80E35155FD.jpeg?type=w1500_60_sharpen""]",0,"[""디저트가 맛있어요"", ""특별한 메뉴가 있어요"", ""친절해요"", ""매장이 청결해요""]",,true,2026-09-01T06:35:42+00:00,naver_오오츄_20260901T055008Z#31
naver,오오츄,1306053034,https://pcmap.place.naver.com/restaurant/1306053034/review/visitor,67b056e2a09277faadfdfded,호랑이34,3ZIln,https://m.place.naver.com/my/5f0582b9b2804547b1883be7/review?v=2,,갓 나온 츄러스 맛이 없을 수가 없어요.,2025-02-15,2025-01-31,1,1,"[""https://pup-review-phinf.pstatic.net/MjAyNTAyMTVfMjcy/MDAxNzM5NjA5ODI1MTI5.QvmaqTjyShP7IL5IrGYMZxGA8klO1lPHaPGUD3BUv04g.fSBGdjGNgEe5MJxkTejFykDosTcwQJUtD3XYdbWenKQg.JPEG/F2AD9CC2-C0DC-46F9-A7F2-84A0865D45E9.jpeg?type=w1500_60_sharpen""]",0,"[""디저트가 맛있어요""]",,true,2026-09-01T06:35:42+00:00,naver_오오츄_20260901T055008Z#32
naver,오오츄,1306053034,https://pcmap.place.naver.com/restaurant/1306053034/review/visitor,678dd9f525954357c126cb8d,후리지아윤야,2RK1n,https://m.place.naver.com/my/5c525318d31365d631fb42c1/review?v=2,,,2025-01-20,2025-01-19,1,1,"[""https://pup-review-phinf.pstatic.net/MjAyNTAxMjBfMjQ0/MDAxNzM3MzQ5NjE5NDIz.OlmBAoPCE03CajnO5DzpijqyD0GOWMFRRG7hHsvw0_Ag.ajTm1prEKcmjfY2xz5DYu0clSTmWVvmNvfS3jTM9eJog.JPEG/C1EEDB19-026B-4943-9ECD-B92F99CE006E.jpeg?type=w1500_60_sharpen""]",0,"[""뷰가 좋아요"", ""음료가 맛있어요""]",,true,2026-09-01T06:35:42+00:00,naver_오오츄_20260901T055008Z#33
naver,오오츄,1306053034,https://pcmap.place.naver.com/restaurant/1306053034/review/visitor,678ca0e983441c001ceccc3d,빵 찾는 꿀벌v,LqC5,https://m.place.naver.com/my/5be5075793f4cf3204a7e30c/review?v=2,,"에버랜드 츄러스는 여기가 제일👍🏻
갓나온 츄러스 맛있어요",2025-01-19,2025-01-19,1,2,"[""https://pup-review-phinf.pstatic.net/MjAyNTAxMTlfMTIy/MDAxNzM3MjY5NDcwNDE5.bYky1wrJILh7jP6hS1ntmCQtADribIBhd6QdMj3K9p0g.nGigVUznynNAjuZmyaW2TssCnVn0oLa8_RvnQYem8Akg.JPEG/2F4C3D8F-5652-483C-8D46-D3354E7B4C44.jpeg?type=w1500_60_sharpen"", ""https://video-phinf.pstatic.net/20250119_168/1737269473957UB2jQ_JPEG/OuoxHHuVTQ_03.jpg""]",0,"[""디저트가 맛있어요"", ""친절해요"", ""매장이 청결해요""]",,true,2026-09-01T06:35:42+00:00,naver_오오츄_20260901T055008Z#34
naver,오오츄,1306053034,https://pcmap.place.naver.com/restaurant/1306053034/review/visitor,6789ef2f093f7d7b33a649b5,ejfree017,f8Aq,https://m.place.naver.com/my/5f064dceee1ece9f4a67baff/review?v=2,,츄러스 완전 맛있어요,2025-01-17,2025-01-17,6,1,"[""https://pup-review-phinf.pstatic.net/MjAyNTAxMTdfMjg5/MDAxNzM3MDkyOTEwMDIw.yi48Whzss9QVz5tnKr0Fcpr1m17L6ch4HJUIiwc-U5Eg.pyWxJ7X98LYyvFG93d6GxqulZv0TGZ2jin-RuPWjLUog.JPEG/D4100456-45BF-4CDD-9158-70F1A0D83426.jpeg?type=w1500_60_sharpen""]",0,"[""커피가 맛있어요"", ""특별한 메뉴가 있어요""]",,true,2026-09-01T06:35:42+00:00,naver_오오츄_20260901T055008Z#35
naver,오오츄,1306053034,https://pcmap.place.naver.com/restaurant/1306053034/review/visitor,678f054899b9a15073b1d42e,별님반 희아범,26p0C,https://m.place.naver.com/my/5eea08d48f87a842bc2a7a10/review?v=2,,"맛잇게
잘먹엇어요 엳시
추울때는 오뎅 먹어야하나",2025-01-21,2025-01-17,1,1,"[""https://pup-review-phinf.pstatic.net/MjAyNTAxMjFfNDcg/MDAxNzM3NDI2MjQzOTQ0.y7TZRWU2O61_89ecflkn08MkK5PeQ26n_ACcuvZmmD8g.UEg_hzBqs9agrbWPvJDlFe2DBy48WcTQETbS_SFhfxQg.JPEG/IMG_7643.jpeg?type=w1500_60_sharpen""]",0,"[""친절해요""]",,true,2026-09-01T06:35:42+00:00,naver_오오츄_20260901T055008Z#36
naver,오오츄,1306053034,https://pcmap.place.naver.com/restaurant/1306053034/review/visitor,6776783ef3b57b9fd0a68186,ACE마미,19FEn,https://m.place.naver.com/my/5e0e5c308f87a842bc2eb7a0/review?v=2,,크림츄 초코츄 맛있어요 ㅎㅎㅎ,2025-01-02,2025-01-02,1,,,0,"[""디저트가 맛있어요""]",,true,2026-09-01T06:35:42+00:00,naver_오오츄_20260901T055008Z#37
naver,오오츄,1306053034,https://pcmap.place.naver.com/restaurant/1306053034/review/visitor,6901b677fb407ead12c8a66d,인자무적40,EaDY,https://m.place.naver.com/my/5e380f8f8f87a842bca28c16/review?v=2,,좋아요,2025-10-29,2025-10-29,1,,,0,"[""커피가 맛있어요""]",,true,2026-09-01T06:35:42+00:00,naver_오오츄_20260901T055008Z#38
naver,오오츄,1306053034,https://pcmap.place.naver.com/restaurant/1306053034/review/visitor,68c89c1164705f3b439f131f,꿈바꿈바,1gqwU,https://m.place.naver.com/my/5cf91055c70c461b8c298e49/review?v=2,,"오레오 츄러스 맛있어요 
5000원에 구입했어요",2025-09-16,2025-09-13,1,,,0,"[""특별한 메뉴가 있어요""]",,true,2026-09-01T06:35:42+00:00,naver_오오츄_20260901T055008Z#39
naver,오오츄,1306053034,https://pcmap.place.naver.com/restaurant/1306053034/review/visitor,671d08ec9e94b30974d7daf8,덕9누나,5mW59,https://m.place.naver.com/my/5ded37538f87a842bce77f16/review?v=2,,,,2024-10-26,1,,,0,"[""커피가 맛있어요""]",,true,2026-09-01T06:35:42+00:00,naver_오오츄_20260901T055008Z#40
